
[14:16:54][no_game_date][texturehandler.cpp:160]: Texture Handler encountered missing texture file: gfx/interface/ideas/AUH/idea_AUH_Maximilian_Njegovan.dds
[14:16:54][no_game_date][texturehandler.cpp:216]: Couldn't find texture file: 'gfx/interface/ideas/AUH/idea_AUH_Maximilian_Njegovan.dds'
[14:16:54][no_game_date][texturehandler.cpp:160]: Texture Handler encountered missing texture file: gfx/interface/ideas/AUH/AUH_sigmund_freud.dds
[14:16:54][no_game_date][texturehandler.cpp:216]: Couldn't find texture file: 'gfx/interface/ideas/AUH/AUH_sigmund_freud.dds'
[14:16:54][no_game_date][texturehandler.cpp:160]: Texture Handler encountered missing texture file: gfx/interface/ideas/AUH/idea_AUH_agenor_goluchowski.dds
[14:16:54][no_game_date][texturehandler.cpp:216]: Couldn't find texture file: 'gfx/interface/ideas/AUH/idea_AUH_agenor_goluchowski.dds'
[14:16:54][no_game_date][texturehandler.cpp:160]: Texture Handler encountered missing texture file: gfx/interface/ideas/AUH/idea_AUH_franz_von_holub.dds
[14:16:54][no_game_date][texturehandler.cpp:216]: Couldn't find texture file: 'gfx/interface/ideas/AUH/idea_AUH_franz_von_holub.dds'
[14:16:54][no_game_date][texturehandler.cpp:160]: Texture Handler encountered missing texture file: gfx/interface/ideas/AUH/idea_AUH_oskar_von_hranilovic_czvetassin.dds
[14:16:54][no_game_date][texturehandler.cpp:216]: Couldn't find texture file: 'gfx/interface/ideas/AUH/idea_AUH_oskar_von_hranilovic_czvetassin.dds'
[14:16:54][no_game_date][texturehandler.cpp:160]: Texture Handler encountered missing texture file: gfx/interface/ideas/AUH/idea_AUH_alois_lexa_von_aehrenthal.dds
[14:16:54][no_game_date][texturehandler.cpp:216]: Couldn't find texture file: 'gfx/interface/ideas/AUH/idea_AUH_alois_lexa_von_aehrenthal.dds'
[14:16:54][no_game_date][texturehandler.cpp:160]: Texture Handler encountered missing texture file: gfx/interface/ideas/AUH/idea_AUH_Gyula_Andrassy.dds
[14:16:54][no_game_date][texturehandler.cpp:216]: Couldn't find texture file: 'gfx/interface/ideas/AUH/idea_AUH_Gyula_Andrassy.dds'
[14:16:54][no_game_date][texturehandler.cpp:160]: Texture Handler encountered missing texture file: gfx/interface/ideas/AUH/idea_AUH_Ottokar_Czernin.dds
[14:16:54][no_game_date][texturehandler.cpp:216]: Couldn't find texture file: 'gfx/interface/ideas/AUH/idea_AUH_Ottokar_Czernin.dds'
[14:16:54][no_game_date][texturehandler.cpp:160]: Texture Handler encountered missing texture file: gfx/interface/ideas/AUH/idea_AUH_emil_uzelac.dds
[14:16:54][no_game_date][texturehandler.cpp:216]: Couldn't find texture file: 'gfx/interface/ideas/AUH/idea_AUH_emil_uzelac.dds'
[14:16:54][no_game_date][texturehandler.cpp:160]: Texture Handler encountered missing texture file: gfx/interface/ideas/AUH/idea_AUH_Otto_Ellison_von_Nidlef.dds
[14:16:54][no_game_date][texturehandler.cpp:216]: Couldn't find texture file: 'gfx/interface/ideas/AUH/idea_AUH_Otto_Ellison_von_Nidlef.dds'
[14:16:54][no_game_date][texturehandler.cpp:160]: Texture Handler encountered missing texture file: gfx/interface/ideas/AUH/idea_AUH_karl_kailer_von_kagenfels.dds
[14:16:54][no_game_date][texturehandler.cpp:216]: Couldn't find texture file: 'gfx/interface/ideas/AUH/idea_AUH_karl_kailer_von_kagenfels.dds'
[14:16:54][no_game_date][texturehandler.cpp:160]: Texture Handler encountered missing texture file: gfx/interface/ideas/AUH/idea_AUH_eugen_hordliczka.dds
[14:16:54][no_game_date][texturehandler.cpp:216]: Couldn't find texture file: 'gfx/interface/ideas/AUH/idea_AUH_eugen_hordliczka.dds'
[14:16:54][no_game_date][texturehandler.cpp:160]: Texture Handler encountered missing texture file: gfx/interface/ideas/AUH/idea_AUH_Blasius_von_Schemua.dds
[14:16:54][no_game_date][texturehandler.cpp:216]: Couldn't find texture file: 'gfx/interface/ideas/AUH/idea_AUH_Blasius_von_Schemua.dds'
[14:16:54][no_game_date][texturehandler.cpp:160]: Texture Handler encountered missing texture file: gfx/interface/ideas/AUH/idea_AUH_august_urbanski.dds
[14:16:54][no_game_date][texturehandler.cpp:216]: Couldn't find texture file: 'gfx/interface/ideas/AUH/idea_AUH_august_urbanski.dds'
[14:16:54][no_game_date][texturehandler.cpp:160]: Texture Handler encountered missing texture file: gfx/interface/ideas/AUH/idea_AUH_gabor_ugron.dds
[14:16:54][no_game_date][texturehandler.cpp:216]: Couldn't find texture file: 'gfx/interface/ideas/AUH/idea_AUH_gabor_ugron.dds'
[14:16:54][no_game_date][texturehandler.cpp:160]: Texture Handler encountered missing texture file: gfx/interface/ideas/AUH/idea_AUH_friedrich_von_beck_rzikowsky.dds
[14:16:54][no_game_date][texturehandler.cpp:216]: Couldn't find texture file: 'gfx/interface/ideas/AUH/idea_AUH_friedrich_von_beck_rzikowsky.dds'
[14:16:54][no_game_date][texturehandler.cpp:160]: Texture Handler encountered missing texture file: gfx/interface/ideas/AUH/idea_AUH_maximilian_ronge.dds
[14:16:54][no_game_date][texturehandler.cpp:216]: Couldn't find texture file: 'gfx/interface/ideas/AUH/idea_AUH_maximilian_ronge.dds'
[14:16:54][no_game_date][texturehandler.cpp:160]: Texture Handler encountered missing texture file: gfx/interface/ideas/AUH/idea_AUH_Leon_Bilinski.dds
[14:16:54][no_game_date][texturehandler.cpp:216]: Couldn't find texture file: 'gfx/interface/ideas/AUH/idea_AUH_Leon_Bilinski.dds'
[14:16:54][no_game_date][texturehandler.cpp:160]: Texture Handler encountered missing texture file: gfx/interface/ideas/AUH/idea_AUH_Franz_Xaver_von_Schonaich.dds
[14:16:54][no_game_date][texturehandler.cpp:216]: Couldn't find texture file: 'gfx/interface/ideas/AUH/idea_AUH_Franz_Xaver_von_Schonaich.dds'
[14:16:54][no_game_date][texturehandler.cpp:160]: Texture Handler encountered missing texture file: gfx/interface/ideas/AUH/idea_AUH_Moritz_von_Auffenberg.dds
[14:16:54][no_game_date][texturehandler.cpp:216]: Couldn't find texture file: 'gfx/interface/ideas/AUH/idea_AUH_Moritz_von_Auffenberg.dds'
[14:16:54][no_game_date][texturehandler.cpp:160]: Texture Handler encountered missing texture file: gfx/interface/ideas/AUH/idea_AUH_Ernest_von_Koerber.dds
[14:16:54][no_game_date][texturehandler.cpp:216]: Couldn't find texture file: 'gfx/interface/ideas/AUH/idea_AUH_Ernest_von_Koerber.dds'
[14:16:54][no_game_date][texturehandler.cpp:160]: Texture Handler encountered missing texture file: gfx/interface/ideas/AUH/idea_AUH_konrad_zu_hohenlohe.dds
[14:16:54][no_game_date][texturehandler.cpp:216]: Couldn't find texture file: 'gfx/interface/ideas/AUH/idea_AUH_konrad_zu_hohenlohe.dds'
[14:16:54][no_game_date][texturehandler.cpp:160]: Texture Handler encountered missing texture file: gfx/interface/ideas/AUH/idea_AUH_Leopold_Berchtold.dds
[14:16:54][no_game_date][texturehandler.cpp:216]: Couldn't find texture file: 'gfx/interface/ideas/AUH/idea_AUH_Leopold_Berchtold.dds'
[14:16:54][no_game_date][texturehandler.cpp:160]: Texture Handler encountered missing texture file: gfx/interface/ideas/AUH/idea_AUH_Stephan_Burian_von_Rajecz.dds
[14:16:54][no_game_date][texturehandler.cpp:216]: Couldn't find texture file: 'gfx/interface/ideas/AUH/idea_AUH_Stephan_Burian_von_Rajecz.dds'
[14:16:54][no_game_date][texturehandler.cpp:160]: Texture Handler encountered missing texture file: gfx/interface/ideas/AUH/idea_AUH_Ludwig_von_Flotow.dds
[14:16:54][no_game_date][texturehandler.cpp:216]: Couldn't find texture file: 'gfx/interface/ideas/AUH/idea_AUH_Ludwig_von_Flotow.dds'
[14:16:54][no_game_date][texturehandler.cpp:160]: Texture Handler encountered missing texture file: gfx/interface/ideas/AUH/idea_AUH_Karl_Heinold_von_Udynski.dds
[14:16:54][no_game_date][texturehandler.cpp:216]: Couldn't find texture file: 'gfx/interface/ideas/AUH/idea_AUH_Karl_Heinold_von_Udynski.dds'
[14:16:54][no_game_date][texturehandler.cpp:160]: Texture Handler encountered missing texture file: gfx/interface/ideas/AUH/idea_AUH_Maximilian_von_Wickenburg.dds
[14:16:54][no_game_date][texturehandler.cpp:216]: Couldn't find texture file: 'gfx/interface/ideas/AUH/idea_AUH_Maximilian_von_Wickenburg.dds'
[14:16:54][no_game_date][texturehandler.cpp:160]: Texture Handler encountered missing texture file: gfx/interface/ideas/AUH/idea_AUH_Ernst_von_Feuchtenegg.dds
[14:16:54][no_game_date][texturehandler.cpp:216]: Couldn't find texture file: 'gfx/interface/ideas/AUH/idea_AUH_Ernst_von_Feuchtenegg.dds'
[14:16:54][no_game_date][texturehandler.cpp:160]: Texture Handler encountered missing texture file: gfx/interface/ideas/AUH/idea_AUH_Istvan_Tisza.dds
[14:16:54][no_game_date][texturehandler.cpp:216]: Couldn't find texture file: 'gfx/interface/ideas/AUH/idea_AUH_Istvan_Tisza.dds'
[14:16:54][no_game_date][texturehandler.cpp:160]: Texture Handler encountered missing texture file: gfx/SER/WW1/Portrait_Serbia_Nikola_Tesla_WW1_scientist.dds
[14:16:54][no_game_date][texturehandler.cpp:216]: Couldn't find texture file: 'gfx/SER/WW1/Portrait_Serbia_Nikola_Tesla_WW1_scientist.dds'
[14:16:54][no_game_date][texturehandler.cpp:160]: Texture Handler encountered missing texture file: gfx/interface/ideas/ENG/idea_EN1_Arthur_Balfour.dds
[14:16:54][no_game_date][texturehandler.cpp:216]: Couldn't find texture file: 'gfx/interface/ideas/ENG/idea_EN1_Arthur_Balfour.dds'
[14:16:54][no_game_date][texturehandler.cpp:160]: Texture Handler encountered missing texture file: gfx/interface/ideas/ENG/idea_EN1_Herbert_Henry_Asquith.dds
[14:16:54][no_game_date][texturehandler.cpp:216]: Couldn't find texture file: 'gfx/interface/ideas/ENG/idea_EN1_Herbert_Henry_Asquith.dds'
[14:16:54][no_game_date][texturehandler.cpp:160]: Texture Handler encountered missing texture file: gfx/interface/ideas/ENG/idea_david_lloyd_george.dds
[14:16:54][no_game_date][texturehandler.cpp:216]: Couldn't find texture file: 'gfx/interface/ideas/ENG/idea_david_lloyd_george.dds'
[14:16:54][no_game_date][texturehandler.cpp:160]: Texture Handler encountered missing texture file: gfx/leaders/ENG/INT/Britain_Bonar_Law.dds
[14:16:54][no_game_date][texturehandler.cpp:216]: Couldn't find texture file: 'gfx/leaders/ENG/INT/Britain_Bonar_Law.dds'
[14:16:54][no_game_date][texturehandler.cpp:160]: Texture Handler encountered missing texture file: gfx/interface/ideas/ENG/idea_EN1_Andrew_Bonar_Law.dds
[14:16:54][no_game_date][texturehandler.cpp:216]: Couldn't find texture file: 'gfx/interface/ideas/ENG/idea_EN1_Andrew_Bonar_Law.dds'
[14:16:54][no_game_date][texturehandler.cpp:160]: Texture Handler encountered missing texture file: gfx/interface/ideas/ENG/idea_ENG_Stanley_Baldwin.dds
[14:16:54][no_game_date][texturehandler.cpp:216]: Couldn't find texture file: 'gfx/interface/ideas/ENG/idea_ENG_Stanley_Baldwin.dds'
[14:16:54][no_game_date][texturehandler.cpp:160]: Texture Handler encountered missing texture file: gfx/leaders/ENG/INT/Britain_Ramsay_MacDonald.dds
[14:16:54][no_game_date][texturehandler.cpp:216]: Couldn't find texture file: 'gfx/leaders/ENG/INT/Britain_Ramsay_MacDonald.dds'
[14:16:54][no_game_date][texturehandler.cpp:160]: Texture Handler encountered missing texture file: gfx/interface/ideas/ENG/idea_ramsay_macdonald.dds
[14:16:54][no_game_date][texturehandler.cpp:216]: Couldn't find texture file: 'gfx/interface/ideas/ENG/idea_ramsay_macdonald.dds'
[14:16:54][no_game_date][texturehandler.cpp:160]: Texture Handler encountered missing texture file: gfx/interface/ideas/ENG/idea_winston_churchill_ww1.dds
[14:16:54][no_game_date][texturehandler.cpp:216]: Couldn't find texture file: 'gfx/interface/ideas/ENG/idea_winston_churchill_ww1.dds'
[14:16:54][no_game_date][texturehandler.cpp:160]: Texture Handler encountered missing texture file: gfx/interface/ideas/ENG/idea_winston_churchill_ww1_army.dds
[14:16:54][no_game_date][texturehandler.cpp:216]: Couldn't find texture file: 'gfx/interface/ideas/ENG/idea_winston_churchill_ww1_army.dds'
[14:16:54][no_game_date][texturehandler.cpp:160]: Texture Handler encountered missing texture file: gfx/interface/ideas/ENG/idea_EN1_Edward_Grey.dds
[14:16:54][no_game_date][texturehandler.cpp:216]: Couldn't find texture file: 'gfx/interface/ideas/ENG/idea_EN1_Edward_Grey.dds'
[14:16:54][no_game_date][texturehandler.cpp:160]: Texture Handler encountered missing texture file: gfx/interface/ideas/ENG/idea_EN1_George_Curzon.dds
[14:16:54][no_game_date][texturehandler.cpp:216]: Couldn't find texture file: 'gfx/interface/ideas/ENG/idea_EN1_George_Curzon.dds'
[14:16:54][no_game_date][texturehandler.cpp:160]: Texture Handler encountered missing texture file: gfx/interface/ideas/ENG/idea_EN1_Austen_Chamberlain.dds
[14:16:54][no_game_date][texturehandler.cpp:216]: Couldn't find texture file: 'gfx/interface/ideas/ENG/idea_EN1_Austen_Chamberlain.dds'
[14:16:54][no_game_date][texturehandler.cpp:160]: Texture Handler encountered missing texture file: gfx/interface/ideas/ENG/idea_EN1_John_Simon.dds
[14:16:54][no_game_date][texturehandler.cpp:216]: Couldn't find texture file: 'gfx/interface/ideas/ENG/idea_EN1_John_Simon.dds'
[14:16:54][no_game_date][texturehandler.cpp:160]: Texture Handler encountered missing texture file: gfx/interface/ideas/ENG/idea_EN1_George_Cave.dds
[14:16:54][no_game_date][texturehandler.cpp:216]: Couldn't find texture file: 'gfx/interface/ideas/ENG/idea_EN1_George_Cave.dds'
[14:16:54][no_game_date][texturehandler.cpp:160]: Texture Handler encountered missing texture file: gfx/interface/ideas/ENG/idea_EN1_Reginald_McKenna.dds
[14:16:54][no_game_date][texturehandler.cpp:216]: Couldn't find texture file: 'gfx/interface/ideas/ENG/idea_EN1_Reginald_McKenna.dds'
[14:16:54][no_game_date][texturehandler.cpp:160]: Texture Handler encountered missing texture file: gfx/interface/ideas/ENG/idea_EN1_Richard_Haldane.dds
[14:16:54][no_game_date][texturehandler.cpp:216]: Couldn't find texture file: 'gfx/interface/ideas/ENG/idea_EN1_Richard_Haldane.dds'
[14:16:54][no_game_date][texturehandler.cpp:160]: Texture Handler encountered missing texture file: gfx/interface/ideas/ENG/idea_EN1_John_Edward_Seely.dds
[14:16:54][no_game_date][texturehandler.cpp:216]: Couldn't find texture file: 'gfx/interface/ideas/ENG/idea_EN1_John_Edward_Seely.dds'
[14:16:54][no_game_date][texturehandler.cpp:160]: Texture Handler encountered missing texture file: gfx/interface/ideas/ENG/idea_EN1_John_Morley.dds
[14:16:54][no_game_date][texturehandler.cpp:216]: Couldn't find texture file: 'gfx/interface/ideas/ENG/idea_EN1_John_Morley.dds'
[14:16:54][no_game_date][texturehandler.cpp:160]: Texture Handler encountered missing texture file: gfx/interface/ideas/ENG/idea_EN1_Charles_Douglas.dds
[14:16:54][no_game_date][texturehandler.cpp:216]: Couldn't find texture file: 'gfx/interface/ideas/ENG/idea_EN1_Charles_Douglas.dds'
[14:16:54][no_game_date][texturehandler.cpp:160]: Texture Handler encountered missing texture file: gfx/interface/ideas/ENG/idea_EN1_Charles_Callwell.dds
[14:16:54][no_game_date][texturehandler.cpp:216]: Couldn't find texture file: 'gfx/interface/ideas/ENG/idea_EN1_Charles_Callwell.dds'
[14:16:54][no_game_date][texturehandler.cpp:160]: Texture Handler encountered missing texture file: gfx/interface/ideas/ENG/idea_EN1_Frederick_Maurice.dds
[14:16:54][no_game_date][texturehandler.cpp:216]: Couldn't find texture file: 'gfx/interface/ideas/ENG/idea_EN1_Frederick_Maurice.dds'
[14:16:54][no_game_date][texturehandler.cpp:160]: Texture Handler encountered missing texture file: gfx/interface/ideas/ENG/idea_EN1_John_Arbuthnot_Fisher.dds
[14:16:54][no_game_date][texturehandler.cpp:216]: Couldn't find texture file: 'gfx/interface/ideas/ENG/idea_EN1_John_Arbuthnot_Fisher.dds'
[14:16:55][no_game_date][texturehandler.cpp:160]: Texture Handler encountered missing texture file: gfx/interface/ideas/ENG/idea_EN1_Arthur_Knyvet_Wilson.dds
[14:16:55][no_game_date][texturehandler.cpp:216]: Couldn't find texture file: 'gfx/interface/ideas/ENG/idea_EN1_Arthur_Knyvet_Wilson.dds'
[14:16:55][no_game_date][texturehandler.cpp:160]: Texture Handler encountered missing texture file: gfx/interface/ideas/ENG/idea_EN1_Francis_Bridgeman.dds
[14:16:55][no_game_date][texturehandler.cpp:216]: Couldn't find texture file: 'gfx/interface/ideas/ENG/idea_EN1_Francis_Bridgeman.dds'
[14:16:55][no_game_date][texturehandler.cpp:160]: Texture Handler encountered missing texture file: gfx/interface/ideas/ENG/idea_EN1_David_Henderson.dds
[14:16:55][no_game_date][texturehandler.cpp:216]: Couldn't find texture file: 'gfx/interface/ideas/ENG/idea_EN1_David_Henderson.dds'
[14:16:55][no_game_date][texturehandler.cpp:160]: Texture Handler encountered missing texture file: gfx/interface/ideas/ENG/idea_EN1_Frederick_Sykes.dds
[14:16:55][no_game_date][texturehandler.cpp:216]: Couldn't find texture file: 'gfx/interface/ideas/ENG/idea_EN1_Frederick_Sykes.dds'
[14:16:55][no_game_date][texturehandler.cpp:160]: Texture Handler encountered missing texture file: gfx/interface/ideas/ENG/idea_EN1_Hugh_Trenchard.dds
[14:16:55][no_game_date][texturehandler.cpp:216]: Couldn't find texture file: 'gfx/interface/ideas/ENG/idea_EN1_Hugh_Trenchard.dds'
[14:16:55][no_game_date][texturehandler.cpp:160]: Texture Handler encountered missing texture file: gfx/interface/ideas/ENG/idea_EN1_Alexander_Bannerman.dds
[14:16:55][no_game_date][texturehandler.cpp:216]: Couldn't find texture file: 'gfx/interface/ideas/ENG/idea_EN1_Alexander_Bannerman.dds'
[14:16:55][no_game_date][texturehandler.cpp:160]: Texture Handler encountered missing texture file: gfx/interface/ideas/ENG/idea_EN1_Charles_Rumney_Samson.dds
[14:16:55][no_game_date][texturehandler.cpp:216]: Couldn't find texture file: 'gfx/interface/ideas/ENG/idea_EN1_Charles_Rumney_Samson.dds'
[14:16:55][no_game_date][texturehandler.cpp:160]: Texture Handler encountered missing texture file: gfx/interface/ideas/ENG/idea_EN1_Murray_Sueter.dds
[14:16:55][no_game_date][texturehandler.cpp:216]: Couldn't find texture file: 'gfx/interface/ideas/ENG/idea_EN1_Murray_Sueter.dds'
[14:16:55][no_game_date][texturehandler.cpp:160]: Texture Handler encountered missing texture file: gfx/interface/ideas/ENG/idea_EN1_Charles_Vaughan_Lee.dds
[14:16:55][no_game_date][texturehandler.cpp:216]: Couldn't find texture file: 'gfx/interface/ideas/ENG/idea_EN1_Charles_Vaughan_Lee.dds'
[14:16:55][no_game_date][texturehandler.cpp:160]: Texture Handler encountered missing texture file: gfx/interface/ideas/ENG/idea_EN1_William_Nicholson.dds
[14:16:55][no_game_date][texturehandler.cpp:216]: Couldn't find texture file: 'gfx/interface/ideas/ENG/idea_EN1_William_Nicholson.dds'
[14:16:55][no_game_date][texturehandler.cpp:160]: Texture Handler encountered missing texture file: gfx/interface/ideas/ENG/idea_EN1_James_Wolfe_Murray.dds
[14:16:55][no_game_date][texturehandler.cpp:216]: Couldn't find texture file: 'gfx/interface/ideas/ENG/idea_EN1_James_Wolfe_Murray.dds'
[14:16:55][no_game_date][texturehandler.cpp:160]: Texture Handler encountered missing texture file: gfx/interface/ideas/ENG/idea_EN1_Archibald_Murray.dds
[14:16:55][no_game_date][texturehandler.cpp:216]: Couldn't find texture file: 'gfx/interface/ideas/ENG/idea_EN1_Archibald_Murray.dds'
[14:16:55][no_game_date][texturehandler.cpp:160]: Texture Handler encountered missing texture file: gfx/interface/ideas/ENG/idea_EN1_John_French.dds
[14:16:55][no_game_date][texturehandler.cpp:216]: Couldn't find texture file: 'gfx/interface/ideas/ENG/idea_EN1_John_French.dds'
[14:16:55][no_game_date][texturehandler.cpp:160]: Texture Handler encountered missing texture file: gfx/interface/ideas/ENG/idea_EN1_William_Robertson.dds
[14:16:55][no_game_date][texturehandler.cpp:216]: Couldn't find texture file: 'gfx/interface/ideas/ENG/idea_EN1_William_Robertson.dds'
[14:16:55][no_game_date][texturehandler.cpp:160]: Texture Handler encountered missing texture file: gfx/interface/ideas/ENG/idea_EN1_Lord_Kitchener.dds
[14:16:55][no_game_date][texturehandler.cpp:216]: Couldn't find texture file: 'gfx/interface/ideas/ENG/idea_EN1_Lord_Kitchener.dds'
[14:16:55][no_game_date][texturehandler.cpp:160]: Texture Handler encountered missing texture file: gfx/interface/ideas/ENG/idea_EN1_Henry_Jackson.dds
[14:16:55][no_game_date][texturehandler.cpp:216]: Couldn't find texture file: 'gfx/interface/ideas/ENG/idea_EN1_Henry_Jackson.dds'
[14:16:55][no_game_date][texturehandler.cpp:160]: Texture Handler encountered missing texture file: gfx/interface/ideas/ENG/idea_EN1_Louis_of_Battenberg.dds
[14:16:55][no_game_date][texturehandler.cpp:216]: Couldn't find texture file: 'gfx/interface/ideas/ENG/idea_EN1_Louis_of_Battenberg.dds'
[14:16:55][no_game_date][texturehandler.cpp:160]: Texture Handler encountered missing texture file: gfx/interface/ideas/ENG/idea_EN1_John_Jellicoe.dds
[14:16:55][no_game_date][texturehandler.cpp:216]: Couldn't find texture file: 'gfx/interface/ideas/ENG/idea_EN1_John_Jellicoe.dds'
[14:16:55][no_game_date][texturehandler.cpp:160]: Texture Handler encountered missing texture file: gfx/interface/ideas/ENG/idea_ENG_alan_brooke.dds
[14:16:55][no_game_date][texturehandler.cpp:216]: Couldn't find texture file: 'gfx/interface/ideas/ENG/idea_ENG_alan_brooke.dds'
[14:16:55][no_game_date][texturehandler.cpp:160]: Texture Handler encountered missing texture file: gfx/interface/ideas/ENG/idea_ENG_bernard_montgomery.dds
[14:16:55][no_game_date][texturehandler.cpp:216]: Couldn't find texture file: 'gfx/interface/ideas/ENG/idea_ENG_bernard_montgomery.dds'
[14:16:55][no_game_date][texturehandler.cpp:160]: Texture Handler encountered missing texture file: gfx/interface/ideas/ENG/idea_claude_auchinleck.dds
[14:16:55][no_game_date][texturehandler.cpp:216]: Couldn't find texture file: 'gfx/interface/ideas/ENG/idea_claude_auchinleck.dds'
[14:16:55][no_game_date][texturehandler.cpp:160]: Texture Handler encountered missing texture file: gfx/leaders/RAJ/Portrait_Sir_Claude_Auchinleck.dds
[14:16:55][no_game_date][texturehandler.cpp:216]: Couldn't find texture file: 'gfx/leaders/RAJ/Portrait_Sir_Claude_Auchinleck.dds'
[14:16:55][no_game_date][texturehandler.cpp:160]: Texture Handler encountered missing texture file: gfx/interface/ideas/ENG/idea_ENG_neil_ritchie.dds
[14:16:55][no_game_date][texturehandler.cpp:216]: Couldn't find texture file: 'gfx/interface/ideas/ENG/idea_ENG_neil_ritchie.dds'
[14:16:55][no_game_date][texturehandler.cpp:160]: Texture Handler encountered missing texture file: gfx/interface/ideas/ENG/idea_ENG_alan_cunningham.dds
[14:16:55][no_game_date][texturehandler.cpp:216]: Couldn't find texture file: 'gfx/interface/ideas/ENG/idea_ENG_alan_cunningham.dds'
[14:16:55][no_game_date][texturehandler.cpp:160]: Texture Handler encountered missing texture file: gfx/interface/ideas/ENG/idea_ENG_william_slim.dds
[14:16:55][no_game_date][texturehandler.cpp:216]: Couldn't find texture file: 'gfx/interface/ideas/ENG/idea_ENG_william_slim.dds'
[14:16:55][no_game_date][texturehandler.cpp:160]: Texture Handler encountered missing texture file: gfx/interface/ideas/ENG/idea_ENG_richard_oconnor.dds
[14:16:55][no_game_date][texturehandler.cpp:216]: Couldn't find texture file: 'gfx/interface/ideas/ENG/idea_ENG_richard_oconnor.dds'
[14:16:55][no_game_date][texturehandler.cpp:160]: Texture Handler encountered missing texture file: gfx/interface/ideas/ENG/idea_ENG_william_platt.dds
[14:16:55][no_game_date][texturehandler.cpp:216]: Couldn't find texture file: 'gfx/interface/ideas/ENG/idea_ENG_william_platt.dds'
[14:16:55][no_game_date][texturehandler.cpp:160]: Texture Handler encountered missing texture file: gfx/interface/ideas/ENG/idea_ENG_george_giffard.dds
[14:16:55][no_game_date][texturehandler.cpp:216]: Couldn't find texture file: 'gfx/interface/ideas/ENG/idea_ENG_george_giffard.dds'
[14:16:55][no_game_date][texturehandler.cpp:160]: Texture Handler encountered missing texture file: gfx/interface/ideas/ENG/idea_ENG_harold_alexander.dds
[14:16:55][no_game_date][texturehandler.cpp:216]: Couldn't find texture file: 'gfx/interface/ideas/ENG/idea_ENG_harold_alexander.dds'
[14:16:55][no_game_date][texturehandler.cpp:160]: Texture Handler encountered missing texture file: gfx/interface/ideas/ENG/idea_ENG_john_jackie_smyth.dds
[14:16:55][no_game_date][texturehandler.cpp:216]: Couldn't find texture file: 'gfx/interface/ideas/ENG/idea_ENG_john_jackie_smyth.dds'
[14:16:55][no_game_date][texturehandler.cpp:160]: Texture Handler encountered missing texture file: gfx/interface/ideas/ENG/idea_ENG_thomas_jacomb_hutton.dds
[14:16:55][no_game_date][texturehandler.cpp:216]: Couldn't find texture file: 'gfx/interface/ideas/ENG/idea_ENG_thomas_jacomb_hutton.dds'
[14:16:55][no_game_date][texturehandler.cpp:160]: Texture Handler encountered missing texture file: gfx/interface/ideas/ENG/idea_ENG_arthur_percival.dds
[14:16:55][no_game_date][texturehandler.cpp:216]: Couldn't find texture file: 'gfx/interface/ideas/ENG/idea_ENG_arthur_percival.dds'
[14:16:55][no_game_date][texturehandler.cpp:160]: Texture Handler encountered missing texture file: gfx/interface/ideas/ENG/idea_ENG_merton_beckwith_smith.dds
[14:16:55][no_game_date][texturehandler.cpp:216]: Couldn't find texture file: 'gfx/interface/ideas/ENG/idea_ENG_merton_beckwith_smith.dds'
[14:16:55][no_game_date][texturehandler.cpp:160]: Texture Handler encountered missing texture file: gfx/interface/ideas/ENG/idea_ENG_henry_pownall.dds
[14:16:55][no_game_date][texturehandler.cpp:216]: Couldn't find texture file: 'gfx/interface/ideas/ENG/idea_ENG_henry_pownall.dds'
[14:16:55][no_game_date][texturehandler.cpp:160]: Texture Handler encountered missing texture file: gfx/interface/ideas/ENG/idea_ENG_john_vereker.dds
[14:16:55][no_game_date][texturehandler.cpp:216]: Couldn't find texture file: 'gfx/interface/ideas/ENG/idea_ENG_john_vereker.dds'
[14:16:55][no_game_date][texturehandler.cpp:160]: Texture Handler encountered missing texture file: gfx/interface/ideas/ENG/idea_EN1_Henry_Wilson.dds
[14:16:55][no_game_date][texturehandler.cpp:216]: Couldn't find texture file: 'gfx/interface/ideas/ENG/idea_EN1_Henry_Wilson.dds'
[14:16:55][no_game_date][texturehandler.cpp:160]: Texture Handler encountered missing texture file: gfx/interface/ideas/ENG/idea_ENG_william_gott.dds
[14:16:55][no_game_date][texturehandler.cpp:216]: Couldn't find texture file: 'gfx/interface/ideas/ENG/idea_ENG_william_gott.dds'
[14:16:55][no_game_date][texturehandler.cpp:160]: Texture Handler encountered missing texture file: gfx/interface/ideas/ENG/idea_ENG_jock_campbell.dds
[14:16:55][no_game_date][texturehandler.cpp:216]: Couldn't find texture file: 'gfx/interface/ideas/ENG/idea_ENG_jock_campbell.dds'
[14:16:55][no_game_date][texturehandler.cpp:160]: Texture Handler encountered missing texture file: gfx/interface/ideas/ENG/idea_ENG_oliver_leese.dds
[14:16:55][no_game_date][texturehandler.cpp:216]: Couldn't find texture file: 'gfx/interface/ideas/ENG/idea_ENG_oliver_leese.dds'
[14:16:55][no_game_date][texturehandler.cpp:160]: Texture Handler encountered missing texture file: gfx/interface/ideas/ENG/idea_ENG_miles_dempsey.dds
[14:16:55][no_game_date][texturehandler.cpp:216]: Couldn't find texture file: 'gfx/interface/ideas/ENG/idea_ENG_miles_dempsey.dds'
[14:16:55][no_game_date][texturehandler.cpp:160]: Texture Handler encountered missing texture file: gfx/interface/ideas/ENG/idea_ENG_brian_horrocks.dds
[14:16:55][no_game_date][texturehandler.cpp:216]: Couldn't find texture file: 'gfx/interface/ideas/ENG/idea_ENG_brian_horrocks.dds'
[14:16:55][no_game_date][texturehandler.cpp:160]: Texture Handler encountered missing texture file: gfx/interface/ideas/ENG/idea_archibald_wavell.dds
[14:16:55][no_game_date][texturehandler.cpp:216]: Couldn't find texture file: 'gfx/interface/ideas/ENG/idea_archibald_wavell.dds'
[14:16:55][no_game_date][texturehandler.cpp:160]: Texture Handler encountered missing texture file: gfx/interface/ideas/ENG/idea_ENG_james_fownes_somerville.dds
[14:16:55][no_game_date][texturehandler.cpp:216]: Couldn't find texture file: 'gfx/interface/ideas/ENG/idea_ENG_james_fownes_somerville.dds'
[14:16:55][no_game_date][texturehandler.cpp:160]: Texture Handler encountered missing texture file: gfx/interface/ideas/ENG/idea_henry_harwood.dds
[14:16:55][no_game_date][texturehandler.cpp:216]: Couldn't find texture file: 'gfx/interface/ideas/ENG/idea_henry_harwood.dds'
[14:16:55][no_game_date][texturehandler.cpp:160]: Texture Handler encountered missing texture file: gfx/interface/ideas/ENG/idea_andrew_cunningham.dds
[14:16:55][no_game_date][texturehandler.cpp:216]: Couldn't find texture file: 'gfx/interface/ideas/ENG/idea_andrew_cunningham.dds'
[14:16:55][no_game_date][texturehandler.cpp:160]: Texture Handler encountered missing texture file: gfx/interface/ideas/ENG/idea_ENG_bruce_fraser.dds
[14:16:55][no_game_date][texturehandler.cpp:216]: Couldn't find texture file: 'gfx/interface/ideas/ENG/idea_ENG_bruce_fraser.dds'
[14:16:55][no_game_date][texturehandler.cpp:160]: Texture Handler encountered missing texture file: gfx/interface/ideas/ENG/idea_ENG_john_tovey.dds
[14:16:55][no_game_date][texturehandler.cpp:216]: Couldn't find texture file: 'gfx/interface/ideas/ENG/idea_ENG_john_tovey.dds'
[14:16:55][no_game_date][texturehandler.cpp:160]: Texture Handler encountered missing texture file: gfx/interface/ideas/ENG/idea_ENG_bernard_rawlings.dds
[14:16:55][no_game_date][texturehandler.cpp:216]: Couldn't find texture file: 'gfx/interface/ideas/ENG/idea_ENG_bernard_rawlings.dds'
[14:16:55][no_game_date][texturehandler.cpp:160]: Texture Handler encountered missing texture file: gfx/interface/ideas/ENG/idea_ENG_john_cunningham.dds
[14:16:55][no_game_date][texturehandler.cpp:216]: Couldn't find texture file: 'gfx/interface/ideas/ENG/idea_ENG_john_cunningham.dds'
[14:16:55][no_game_date][texturehandler.cpp:160]: Texture Handler encountered missing texture file: gfx/interface/ideas/ENG/idea_ENG_charles_forbes.dds
[14:16:55][no_game_date][texturehandler.cpp:216]: Couldn't find texture file: 'gfx/interface/ideas/ENG/idea_ENG_charles_forbes.dds'
[14:16:55][no_game_date][texturehandler.cpp:160]: Texture Handler encountered missing texture file: gfx/interface/ideas/ENG/idea_ENG_algernon_willis.dds
[14:16:55][no_game_date][texturehandler.cpp:216]: Couldn't find texture file: 'gfx/interface/ideas/ENG/idea_ENG_algernon_willis.dds'
[14:16:55][no_game_date][texturehandler.cpp:160]: Texture Handler encountered missing texture file: gfx/interface/ideas/ENG/idea_ENG_arthur_power.dds
[14:16:55][no_game_date][texturehandler.cpp:216]: Couldn't find texture file: 'gfx/interface/ideas/ENG/idea_ENG_arthur_power.dds'
[14:16:55][no_game_date][texturehandler.cpp:160]: Texture Handler encountered missing texture file: gfx/leaders/ENG/CW/Clement_Attlee.dds
[14:16:55][no_game_date][texturehandler.cpp:216]: Couldn't find texture file: 'gfx/leaders/ENG/CW/Clement_Attlee.dds'
[14:16:55][no_game_date][texturehandler.cpp:160]: Texture Handler encountered missing texture file: gfx/interface/ideas/ENG/idea_clement_attlee.dds
[14:16:55][no_game_date][texturehandler.cpp:216]: Couldn't find texture file: 'gfx/interface/ideas/ENG/idea_clement_attlee.dds'
[14:16:55][no_game_date][texturehandler.cpp:160]: Texture Handler encountered missing texture file: gfx/interface/ideas/ENG/idea_john_beckett.dds
[14:16:55][no_game_date][texturehandler.cpp:216]: Couldn't find texture file: 'gfx/interface/ideas/ENG/idea_john_beckett.dds'
[14:16:55][no_game_date][texturehandler.cpp:160]: Texture Handler encountered missing texture file: gfx/interface/ideas/ENG/idea_philip_kerr.dds
[14:16:55][no_game_date][texturehandler.cpp:216]: Couldn't find texture file: 'gfx/interface/ideas/ENG/idea_philip_kerr.dds'
[14:16:55][no_game_date][texturehandler.cpp:160]: Texture Handler encountered missing texture file: gfx/interface/ideas/ENG/idea_nevile_henderson.dds
[14:16:55][no_game_date][texturehandler.cpp:216]: Couldn't find texture file: 'gfx/interface/ideas/ENG/idea_nevile_henderson.dds'
[14:16:55][no_game_date][texturehandler.cpp:160]: Texture Handler encountered missing texture file: gfx/interface/ideas/ENG/idea_maxwell_aitken.dds
[14:16:55][no_game_date][texturehandler.cpp:216]: Couldn't find texture file: 'gfx/interface/ideas/ENG/idea_maxwell_aitken.dds'
[14:16:55][no_game_date][texturehandler.cpp:160]: Texture Handler encountered missing texture file: gfx/interface/ideas/ENG/idea_leslie_hore_belisha.dds
[14:16:55][no_game_date][texturehandler.cpp:216]: Couldn't find texture file: 'gfx/interface/ideas/ENG/idea_leslie_hore_belisha.dds'
[14:16:55][no_game_date][texturehandler.cpp:160]: Texture Handler encountered missing texture file: gfx/interface/ideas/ENG/idea_ernest_bevin.dds
[14:16:55][no_game_date][texturehandler.cpp:216]: Couldn't find texture file: 'gfx/interface/ideas/ENG/idea_ernest_bevin.dds'
[14:16:55][no_game_date][texturehandler.cpp:160]: Texture Handler encountered missing texture file: gfx/interface/ideas/ENG/idea_mary_sophia_allen.dds
[14:16:55][no_game_date][texturehandler.cpp:216]: Couldn't find texture file: 'gfx/interface/ideas/ENG/idea_mary_sophia_allen.dds'
[14:16:55][no_game_date][texturehandler.cpp:160]: Texture Handler encountered missing texture file: gfx/interface/ideas/ENG/idea_george_orwell.dds
[14:16:55][no_game_date][texturehandler.cpp:216]: Couldn't find texture file: 'gfx/interface/ideas/ENG/idea_george_orwell.dds'
[14:16:55][no_game_date][texturehandler.cpp:160]: Texture Handler encountered missing texture file: gfx/interface/ideas/ENG/idea_sylvia_pankhurst.dds
[14:16:55][no_game_date][texturehandler.cpp:216]: Couldn't find texture file: 'gfx/interface/ideas/ENG/idea_sylvia_pankhurst.dds'
[14:16:55][no_game_date][texturehandler.cpp:160]: Texture Handler encountered missing texture file: gfx/interface/ideas/ENG/idea_corgis_1.dds
[14:16:55][no_game_date][texturehandler.cpp:216]: Couldn't find texture file: 'gfx/interface/ideas/ENG/idea_corgis_1.dds'
[14:16:55][no_game_date][texturehandler.cpp:160]: Texture Handler encountered missing texture file: gfx/interface/ideas/ENG/idea_corgis_2.dds
[14:16:55][no_game_date][texturehandler.cpp:216]: Couldn't find texture file: 'gfx/interface/ideas/ENG/idea_corgis_2.dds'
[14:16:55][no_game_date][texturehandler.cpp:160]: Texture Handler encountered missing texture file: gfx/interface/ideas/ENG/idea_corgis_3.dds
[14:16:55][no_game_date][texturehandler.cpp:216]: Couldn't find texture file: 'gfx/interface/ideas/ENG/idea_corgis_3.dds'
[14:16:55][no_game_date][texturehandler.cpp:160]: Texture Handler encountered missing texture file: gfx/interface/ideas/ENG/idea_stewart_menzies.dds
[14:16:55][no_game_date][texturehandler.cpp:216]: Couldn't find texture file: 'gfx/interface/ideas/ENG/idea_stewart_menzies.dds'
[14:16:55][no_game_date][texturehandler.cpp:160]: Texture Handler encountered missing texture file: gfx/interface/ideas/ENG/idea_alan_turing.dds
[14:16:55][no_game_date][texturehandler.cpp:216]: Couldn't find texture file: 'gfx/interface/ideas/ENG/idea_alan_turing.dds'
[14:16:55][no_game_date][texturehandler.cpp:160]: Texture Handler encountered missing texture file: gfx/interface/ideas/ENG/idea_john_vereker.dds
[14:16:55][no_game_date][texturehandler.cpp:216]: Couldn't find texture file: 'gfx/interface/ideas/ENG/idea_john_vereker.dds'
[14:16:55][no_game_date][texturehandler.cpp:160]: Texture Handler encountered missing texture file: gfx/interface/ideas/ENG/idea_edmund_ironside_ww1.dds
[14:16:55][no_game_date][texturehandler.cpp:216]: Couldn't find texture file: 'gfx/interface/ideas/ENG/idea_edmund_ironside_ww1.dds'
[14:16:55][no_game_date][texturehandler.cpp:160]: Texture Handler encountered missing texture file: gfx/interface/ideas/ENG/idea_ernle_chatfield.dds
[14:16:55][no_game_date][texturehandler.cpp:216]: Couldn't find texture file: 'gfx/interface/ideas/ENG/idea_ernle_chatfield.dds'
[14:16:55][no_game_date][texturehandler.cpp:160]: Texture Handler encountered missing texture file: gfx/interface/ideas/ENG/idea_dudley_pound.dds
[14:16:55][no_game_date][texturehandler.cpp:216]: Couldn't find texture file: 'gfx/interface/ideas/ENG/idea_dudley_pound.dds'
[14:16:55][no_game_date][texturehandler.cpp:160]: Texture Handler encountered missing texture file: gfx/interface/ideas/ENG/idea_cyril_newall.dds
[14:16:55][no_game_date][texturehandler.cpp:216]: Couldn't find texture file: 'gfx/interface/ideas/ENG/idea_cyril_newall.dds'
[14:16:55][no_game_date][texturehandler.cpp:160]: Texture Handler encountered missing texture file: gfx/interface/ideas/ENG/idea_charles_portal.dds
[14:16:55][no_game_date][texturehandler.cpp:216]: Couldn't find texture file: 'gfx/interface/ideas/ENG/idea_charles_portal.dds'
[14:16:55][no_game_date][texturehandler.cpp:160]: Texture Handler encountered missing texture file: gfx/interface/ideas/ENG/idea_edward_ellington.dds
[14:16:55][no_game_date][texturehandler.cpp:216]: Couldn't find texture file: 'gfx/interface/ideas/ENG/idea_edward_ellington.dds'
[14:16:55][no_game_date][texturehandler.cpp:160]: Texture Handler encountered missing texture file: gfx/interface/ideas/ENG/idea_kenneth_anderson.dds
[14:16:55][no_game_date][texturehandler.cpp:216]: Couldn't find texture file: 'gfx/interface/ideas/ENG/idea_kenneth_anderson.dds'
[14:16:55][no_game_date][texturehandler.cpp:160]: Texture Handler encountered missing texture file: gfx/interface/ideas/ENG/idea_louis_mountbatten.dds
[14:16:55][no_game_date][texturehandler.cpp:216]: Couldn't find texture file: 'gfx/interface/ideas/ENG/idea_louis_mountbatten.dds'
[14:16:55][no_game_date][texturehandler.cpp:160]: Texture Handler encountered missing texture file: gfx/interface/ideas/ENG/idea_david_stirling.dds
[14:16:55][no_game_date][texturehandler.cpp:216]: Couldn't find texture file: 'gfx/interface/ideas/ENG/idea_david_stirling.dds'
[14:16:55][no_game_date][texturehandler.cpp:160]: Texture Handler encountered missing texture file: gfx/interface/ideas/ENG/idea_frederick_bowhill.dds
[14:16:55][no_game_date][texturehandler.cpp:216]: Couldn't find texture file: 'gfx/interface/ideas/ENG/idea_frederick_bowhill.dds'
[14:16:55][no_game_date][texturehandler.cpp:160]: Texture Handler encountered missing texture file: gfx/interface/ideas/ENG/idea_max_horton.dds
[14:16:55][no_game_date][texturehandler.cpp:216]: Couldn't find texture file: 'gfx/interface/ideas/ENG/idea_max_horton.dds'
[14:16:55][no_game_date][texturehandler.cpp:160]: Texture Handler encountered missing texture file: gfx/interface/ideas/ENG/idea_sholto_douglas.dds
[14:16:55][no_game_date][texturehandler.cpp:216]: Couldn't find texture file: 'gfx/interface/ideas/ENG/idea_sholto_douglas.dds'
[14:16:55][no_game_date][texturehandler.cpp:160]: Texture Handler encountered missing texture file: gfx/interface/ideas/ENG/idea_trafford_leigh_mallory.dds
[14:16:55][no_game_date][texturehandler.cpp:216]: Couldn't find texture file: 'gfx/interface/ideas/ENG/idea_trafford_leigh_mallory.dds'
[14:16:55][no_game_date][texturehandler.cpp:160]: Texture Handler encountered missing texture file: gfx/interface/ideas/ENG/idea_raymond_briggs.dds
[14:16:55][no_game_date][texturehandler.cpp:216]: Couldn't find texture file: 'gfx/interface/ideas/ENG/idea_raymond_briggs.dds'
[14:16:55][no_game_date][texturehandler.cpp:160]: Texture Handler encountered missing texture file: gfx/interface/ideas/ENG/idea_james_somerville.dds
[14:16:55][no_game_date][texturehandler.cpp:216]: Couldn't find texture file: 'gfx/interface/ideas/ENG/idea_james_somerville.dds'
[14:16:55][no_game_date][texturehandler.cpp:160]: Texture Handler encountered missing texture file: gfx/interface/ideas/ENG/idea_tom_phillips.dds
[14:16:55][no_game_date][texturehandler.cpp:216]: Couldn't find texture file: 'gfx/interface/ideas/ENG/idea_tom_phillips.dds'
[14:16:55][no_game_date][texturehandler.cpp:160]: Texture Handler encountered missing texture file: gfx/interface/ideas/ENG/idea_hugh_dowding.dds
[14:16:55][no_game_date][texturehandler.cpp:216]: Couldn't find texture file: 'gfx/interface/ideas/ENG/idea_hugh_dowding.dds'
[14:16:55][no_game_date][texturehandler.cpp:160]: Texture Handler encountered missing texture file: gfx/interface/ideas/ENG/idea_arthur_harris.dds
[14:16:55][no_game_date][texturehandler.cpp:216]: Couldn't find texture file: 'gfx/interface/ideas/ENG/idea_arthur_harris.dds'
[14:16:55][no_game_date][texturehandler.cpp:160]: Texture Handler encountered missing texture file: gfx/interface/ideas/ENG/idea_jfc_fuller.dds
[14:16:55][no_game_date][texturehandler.cpp:216]: Couldn't find texture file: 'gfx/interface/ideas/ENG/idea_jfc_fuller.dds'
[14:16:55][no_game_date][texturehandler.cpp:160]: Texture Handler encountered missing texture file: gfx/interface/ideas/ENG/idea_harry_pollitt.dds
[14:16:55][no_game_date][texturehandler.cpp:216]: Couldn't find texture file: 'gfx/interface/ideas/ENG/idea_harry_pollitt.dds'
[14:16:55][no_game_date][texturehandler.cpp:160]: Texture Handler encountered missing texture file: gfx/interface/ideas/ENG/idea_oswald_mosley.dds
[14:16:55][no_game_date][texturehandler.cpp:216]: Couldn't find texture file: 'gfx/interface/ideas/ENG/idea_oswald_mosley.dds'
[14:16:55][no_game_date][texturehandler.cpp:160]: Texture Handler encountered missing texture file: gfx/leaders/ENG/CW/Britain_Queen_Elizabeth_1950.dds
[14:16:55][no_game_date][texturehandler.cpp:216]: Couldn't find texture file: 'gfx/leaders/ENG/CW/Britain_Queen_Elizabeth_1950.dds'
[14:16:55][no_game_date][texturehandler.cpp:160]: Texture Handler encountered missing texture file: gfx/leaders/ENG/CW/Portrait_Britain_Harold_Macmillan.dds
[14:16:55][no_game_date][texturehandler.cpp:216]: Couldn't find texture file: 'gfx/leaders/ENG/CW/Portrait_Britain_Harold_Macmillan.dds'
[14:16:55][no_game_date][texturehandler.cpp:160]: Texture Handler encountered missing texture file: gfx/leaders/ENG/CW/Portrait_Britain_Harold_Wilson.dds
[14:16:55][no_game_date][texturehandler.cpp:216]: Couldn't find texture file: 'gfx/leaders/ENG/CW/Portrait_Britain_Harold_Wilson.dds'
[14:16:55][no_game_date][texturehandler.cpp:160]: Texture Handler encountered missing texture file: gfx/leaders/ENG/CW/Portrait_Britain_John_Gollan.dds
[14:16:55][no_game_date][texturehandler.cpp:216]: Couldn't find texture file: 'gfx/leaders/ENG/CW/Portrait_Britain_John_Gollan.dds'
[14:16:55][no_game_date][texturehandler.cpp:160]: Texture Handler encountered missing texture file: gfx/leaders/ENG/CW/Portrait_Britain_Margaret_Thatcher.dds
[14:16:55][no_game_date][texturehandler.cpp:216]: Couldn't find texture file: 'gfx/leaders/ENG/CW/Portrait_Britain_Margaret_Thatcher.dds'
[14:16:55][no_game_date][texturehandler.cpp:160]: Texture Handler encountered missing texture file: gfx/leaders/ENG/CW/Field_Marshal_Gerald_Templer.dds
[14:16:55][no_game_date][texturehandler.cpp:216]: Couldn't find texture file: 'gfx/leaders/ENG/CW/Field_Marshal_Gerald_Templer.dds'
[14:16:55][no_game_date][texturehandler.cpp:160]: Texture Handler encountered missing texture file: gfx/leaders/ENG/CW/General_Anthony_Deane-Drummond.dds
[14:16:55][no_game_date][texturehandler.cpp:216]: Couldn't find texture file: 'gfx/leaders/ENG/CW/General_Anthony_Deane-Drummond.dds'
[14:16:55][no_game_date][texturehandler.cpp:160]: Texture Handler encountered missing texture file: gfx/leaders/ENG/CW/General_Charles_Keightley.dds
[14:16:55][no_game_date][texturehandler.cpp:216]: Couldn't find texture file: 'gfx/leaders/ENG/CW/General_Charles_Keightley.dds'
[14:16:55][no_game_date][texturehandler.cpp:160]: Texture Handler encountered missing texture file: gfx/leaders/ENG/CW/General_David_Smiley.dds
[14:16:55][no_game_date][texturehandler.cpp:216]: Couldn't find texture file: 'gfx/leaders/ENG/CW/General_David_Smiley.dds'
[14:16:55][no_game_date][texturehandler.cpp:160]: Texture Handler encountered missing texture file: gfx/leaders/ENG/CW/General_Harold_Briggs.dds
[14:16:55][no_game_date][texturehandler.cpp:216]: Couldn't find texture file: 'gfx/leaders/ENG/CW/General_Harold_Briggs.dds'
[14:16:55][no_game_date][texturehandler.cpp:160]: Texture Handler encountered missing texture file: gfx/leaders/ENG/CW/General_Hugh_Stockwell.dds
[14:16:55][no_game_date][texturehandler.cpp:216]: Couldn't find texture file: 'gfx/leaders/ENG/CW/General_Hugh_Stockwell.dds'
[14:16:55][no_game_date][texturehandler.cpp:160]: Texture Handler encountered missing texture file: gfx/leaders/ENG/CW/General_Jeremy_Moore.dds
[14:16:55][no_game_date][texturehandler.cpp:216]: Couldn't find texture file: 'gfx/leaders/ENG/CW/General_Jeremy_Moore.dds'
[14:16:55][no_game_date][texturehandler.cpp:160]: Texture Handler encountered missing texture file: gfx/leaders/ENG/CW/General_Julian_Thompson.dds
[14:16:55][no_game_date][texturehandler.cpp:216]: Couldn't find texture file: 'gfx/leaders/ENG/CW/General_Julian_Thompson.dds'
[14:16:55][no_game_date][texturehandler.cpp:160]: Texture Handler encountered missing texture file: gfx/leaders/ENG/CW/General_Peter_de_la_Billière.dds
[14:16:55][no_game_date][texturehandler.cpp:216]: Couldn't find texture file: 'gfx/leaders/ENG/CW/General_Peter_de_la_Billière.dds'
[14:16:55][no_game_date][texturehandler.cpp:160]: Texture Handler encountered missing texture file: gfx/leaders/ENG/CW/General_Robert_Urquhart.dds
[14:16:55][no_game_date][texturehandler.cpp:216]: Couldn't find texture file: 'gfx/leaders/ENG/CW/General_Robert_Urquhart.dds'
[14:16:55][no_game_date][texturehandler.cpp:160]: Texture Handler encountered missing texture file: gfx/leaders/ENG/CW/General_Tony_Wilson.dds
[14:16:55][no_game_date][texturehandler.cpp:216]: Couldn't find texture file: 'gfx/leaders/ENG/CW/General_Tony_Wilson.dds'
[14:16:55][no_game_date][texturehandler.cpp:160]: Texture Handler encountered missing texture file: gfx/leaders/ENG/CW/General_Walter_Walker.dds
[14:16:55][no_game_date][texturehandler.cpp:216]: Couldn't find texture file: 'gfx/leaders/ENG/CW/General_Walter_Walker.dds'
[14:16:55][no_game_date][texturehandler.cpp:160]: Texture Handler encountered missing texture file: gfx/leaders/ENG/CW/Admiral_Andrew_Lewis.dds
[14:16:55][no_game_date][texturehandler.cpp:216]: Couldn't find texture file: 'gfx/leaders/ENG/CW/Admiral_Andrew_Lewis.dds'
[14:16:55][no_game_date][texturehandler.cpp:160]: Texture Handler encountered missing texture file: gfx/leaders/ENG/CW/Admiral_Benjamin_Bathhurst.dds
[14:16:55][no_game_date][texturehandler.cpp:216]: Couldn't find texture file: 'gfx/leaders/ENG/CW/Admiral_Benjamin_Bathhurst.dds'
[14:16:55][no_game_date][texturehandler.cpp:160]: Texture Handler encountered missing texture file: gfx/leaders/ENG/Portrait_Britain_Cecil_Harcourt.dds
[14:16:55][no_game_date][texturehandler.cpp:216]: Couldn't find texture file: 'gfx/leaders/ENG/Portrait_Britain_Cecil_Harcourt.dds'
[14:16:55][no_game_date][texturehandler.cpp:160]: Texture Handler encountered missing texture file: gfx/leaders/ENG/Portrait_Britain_Charles_Lambe.dds
[14:16:55][no_game_date][texturehandler.cpp:216]: Couldn't find texture file: 'gfx/leaders/ENG/Portrait_Britain_Charles_Lambe.dds'
[14:16:55][no_game_date][texturehandler.cpp:160]: Texture Handler encountered missing texture file: gfx/leaders/ENG/CW/Admiral_David_Williams.dds
[14:16:55][no_game_date][texturehandler.cpp:216]: Couldn't find texture file: 'gfx/leaders/ENG/CW/Admiral_David_Williams.dds'
[14:16:55][no_game_date][texturehandler.cpp:160]: Texture Handler encountered missing texture file: gfx/leaders/ENG/Portrait_Britain_Deric_Holland_Martin.dds
[14:16:55][no_game_date][texturehandler.cpp:216]: Couldn't find texture file: 'gfx/leaders/ENG/Portrait_Britain_Deric_Holland_Martin.dds'
[14:16:55][no_game_date][texturehandler.cpp:160]: Texture Handler encountered missing texture file: gfx/leaders/ENG/CW/Admiral_Edward_Ashmore.dds
[14:16:55][no_game_date][texturehandler.cpp:216]: Couldn't find texture file: 'gfx/leaders/ENG/CW/Admiral_Edward_Ashmore.dds'
[14:16:55][no_game_date][texturehandler.cpp:160]: Texture Handler encountered missing texture file: gfx/leaders/ENG/Portrait_Britain_Frank_Twiss.dds
[14:16:55][no_game_date][texturehandler.cpp:216]: Couldn't find texture file: 'gfx/leaders/ENG/Portrait_Britain_Frank_Twiss.dds'
[14:16:55][no_game_date][texturehandler.cpp:160]: Texture Handler encountered missing texture file: gfx/leaders/ENG/CW/Admiral_Gordon_Trait.dds
[14:16:55][no_game_date][texturehandler.cpp:216]: Couldn't find texture file: 'gfx/leaders/ENG/CW/Admiral_Gordon_Trait.dds'
[14:16:55][no_game_date][texturehandler.cpp:160]: Texture Handler encountered missing texture file: gfx/leaders/ENG/CW/Admiral_Guy_Russel.dds
[14:16:55][no_game_date][texturehandler.cpp:216]: Couldn't find texture file: 'gfx/leaders/ENG/CW/Admiral_Guy_Russel.dds'
[14:16:55][no_game_date][texturehandler.cpp:160]: Texture Handler encountered missing texture file: gfx/leaders/ENG/CW/Admiral_Henry_Conyers_Leach.dds
[14:16:55][no_game_date][texturehandler.cpp:216]: Couldn't find texture file: 'gfx/leaders/ENG/CW/Admiral_Henry_Conyers_Leach.dds'
[14:16:55][no_game_date][texturehandler.cpp:160]: Texture Handler encountered missing texture file: gfx/leaders/ENG/CW/Admiral_James_Eberle.dds
[14:16:55][no_game_date][texturehandler.cpp:216]: Couldn't find texture file: 'gfx/leaders/ENG/CW/Admiral_James_Eberle.dds'
[14:16:55][no_game_date][texturehandler.cpp:160]: Texture Handler encountered missing texture file: gfx/leaders/ENG/CW/Admiral_John_Fieldhouse.dds
[14:16:55][no_game_date][texturehandler.cpp:216]: Couldn't find texture file: 'gfx/leaders/ENG/CW/Admiral_John_Fieldhouse.dds'
[14:16:55][no_game_date][texturehandler.cpp:160]: Texture Handler encountered missing texture file: gfx/leaders/ENG/CW/Admiral_John_Forster.dds
[14:16:55][no_game_date][texturehandler.cpp:216]: Couldn't find texture file: 'gfx/leaders/ENG/CW/Admiral_John_Forster.dds'
[14:16:55][no_game_date][texturehandler.cpp:160]: Texture Handler encountered missing texture file: gfx/leaders/ENG/CW/Admiral_John_Treacher.dds
[14:16:55][no_game_date][texturehandler.cpp:216]: Couldn't find texture file: 'gfx/leaders/ENG/CW/Admiral_John_Treacher.dds'
[14:16:55][no_game_date][texturehandler.cpp:160]: Texture Handler encountered missing texture file: gfx/leaders/ENG/CW/Admiral_Manley_Laurence_Power.dds
[14:16:55][no_game_date][texturehandler.cpp:216]: Couldn't find texture file: 'gfx/leaders/ENG/CW/Admiral_Manley_Laurence_Power.dds'
[14:16:55][no_game_date][texturehandler.cpp:160]: Texture Handler encountered missing texture file: gfx/leaders/ENG/CW/Admiral_Peter_Hill_Norton.dds
[14:16:55][no_game_date][texturehandler.cpp:216]: Couldn't find texture file: 'gfx/leaders/ENG/CW/Admiral_Peter_Hill_Norton.dds'
[14:16:55][no_game_date][texturehandler.cpp:160]: Texture Handler encountered missing texture file: gfx/leaders/ENG/CW/Admiral_Simon_Casels.dds
[14:16:55][no_game_date][texturehandler.cpp:216]: Couldn't find texture file: 'gfx/leaders/ENG/CW/Admiral_Simon_Casels.dds'
[14:16:55][no_game_date][texturehandler.cpp:160]: Texture Handler encountered missing texture file: gfx/leaders/ENG/CW/Admiral_Terence_Lewin.dds
[14:16:55][no_game_date][texturehandler.cpp:216]: Couldn't find texture file: 'gfx/leaders/ENG/CW/Admiral_Terence_Lewin.dds'
[14:16:55][no_game_date][texturehandler.cpp:160]: Texture Handler encountered missing texture file: gfx/leaders/ENG/MD/Portrait_Britain_Tony_Blair.dds
[14:16:55][no_game_date][texturehandler.cpp:216]: Couldn't find texture file: 'gfx/leaders/ENG/MD/Portrait_Britain_Tony_Blair.dds'
[14:16:55][no_game_date][texturehandler.cpp:160]: Texture Handler encountered missing texture file: gfx/leaders/ENG/MD/Portrait_Britain_Anjem_Choudary.dds
[14:16:55][no_game_date][texturehandler.cpp:216]: Couldn't find texture file: 'gfx/leaders/ENG/MD/Portrait_Britain_Anjem_Choudary.dds'
[14:16:55][no_game_date][texturehandler.cpp:160]: Texture Handler encountered missing texture file: gfx/leaders/ENG/MD/Portrait_Britain_Nick_Griffin.dds
[14:16:55][no_game_date][texturehandler.cpp:216]: Couldn't find texture file: 'gfx/leaders/ENG/MD/Portrait_Britain_Nick_Griffin.dds'
[14:16:55][no_game_date][texturehandler.cpp:160]: Texture Handler encountered missing texture file: gfx/leaders/ENG/MD/Portrait_Britain_Robert_Griffiths.dds
[14:16:55][no_game_date][texturehandler.cpp:216]: Couldn't find texture file: 'gfx/leaders/ENG/MD/Portrait_Britain_Robert_Griffiths.dds'
[14:16:55][no_game_date][texturehandler.cpp:160]: Texture Handler encountered missing texture file: gfx/leaders/ENG/MD/Portrait_Britain_Gordon_Brown.dds
[14:16:55][no_game_date][texturehandler.cpp:216]: Couldn't find texture file: 'gfx/leaders/ENG/MD/Portrait_Britain_Gordon_Brown.dds'
[14:16:55][no_game_date][texturehandler.cpp:160]: Texture Handler encountered missing texture file: gfx/leaders/ENG/MD/Portrait_Britain_David_Cameron.dds
[14:16:55][no_game_date][texturehandler.cpp:216]: Couldn't find texture file: 'gfx/leaders/ENG/MD/Portrait_Britain_David_Cameron.dds'
[14:16:55][no_game_date][texturehandler.cpp:160]: Texture Handler encountered missing texture file: gfx/leaders/ENG/MD/Portrait_Britain_Boris_Johnson.dds
[14:16:55][no_game_date][texturehandler.cpp:216]: Couldn't find texture file: 'gfx/leaders/ENG/MD/Portrait_Britain_Boris_Johnson.dds'
[14:16:55][no_game_date][texturehandler.cpp:160]: Texture Handler encountered missing texture file: gfx/leaders/ENG/MD/Stuart_Peach.dds
[14:16:55][no_game_date][texturehandler.cpp:216]: Couldn't find texture file: 'gfx/leaders/ENG/MD/Stuart_Peach.dds'
[14:16:55][no_game_date][texturehandler.cpp:160]: Texture Handler encountered missing texture file: gfx/leaders/ENG/MD/Patrick_Sanders.dds
[14:16:55][no_game_date][texturehandler.cpp:216]: Couldn't find texture file: 'gfx/leaders/ENG/MD/Patrick_Sanders.dds'
[14:16:55][no_game_date][texturehandler.cpp:160]: Texture Handler encountered missing texture file: gfx/leaders/ENG/MD/Richard_Shirreff.dds
[14:16:55][no_game_date][texturehandler.cpp:216]: Couldn't find texture file: 'gfx/leaders/ENG/MD/Richard_Shirreff.dds'
[14:16:55][no_game_date][texturehandler.cpp:160]: Texture Handler encountered missing texture file: gfx/leaders/ENG/MD/Chris_Deverell.dds
[14:16:55][no_game_date][texturehandler.cpp:216]: Couldn't find texture file: 'gfx/leaders/ENG/MD/Chris_Deverell.dds'
[14:16:55][no_game_date][texturehandler.cpp:160]: Texture Handler encountered missing texture file: gfx/leaders/ENG/MD/Glenn_Haughton.dds
[14:16:55][no_game_date][texturehandler.cpp:216]: Couldn't find texture file: 'gfx/leaders/ENG/MD/Glenn_Haughton.dds'
[14:16:55][no_game_date][texturehandler.cpp:160]: Texture Handler encountered missing texture file: gfx/leaders/ENG/MD/Edward_Nanson.dds
[14:16:55][no_game_date][texturehandler.cpp:216]: Couldn't find texture file: 'gfx/leaders/ENG/MD/Edward_Nanson.dds'
[14:16:55][no_game_date][texturehandler.cpp:160]: Texture Handler encountered missing texture file: gfx/leaders/ENG/MD/Andrew_Hughes.dds
[14:16:55][no_game_date][texturehandler.cpp:216]: Couldn't find texture file: 'gfx/leaders/ENG/MD/Andrew_Hughes.dds'
[14:16:55][no_game_date][texturehandler.cpp:160]: Texture Handler encountered missing texture file: gfx/leaders/ENG/MD/Philip_Napier.dds
[14:16:55][no_game_date][texturehandler.cpp:216]: Couldn't find texture file: 'gfx/leaders/ENG/MD/Philip_Napier.dds'
[14:16:55][no_game_date][texturehandler.cpp:160]: Texture Handler encountered missing texture file: gfx/leaders/ENG/MD/Mike_Elviss.dds
[14:16:55][no_game_date][texturehandler.cpp:216]: Couldn't find texture file: 'gfx/leaders/ENG/MD/Mike_Elviss.dds'
[14:16:55][no_game_date][texturehandler.cpp:160]: Texture Handler encountered missing texture file: gfx/leaders/ENG/MD/Tom_Beckett.dds
[14:16:55][no_game_date][texturehandler.cpp:216]: Couldn't find texture file: 'gfx/leaders/ENG/MD/Tom_Beckett.dds'
[14:16:55][no_game_date][texturehandler.cpp:160]: Texture Handler encountered missing texture file: gfx/leaders/ENG/MD/Richard_Dennis.dds
[14:16:55][no_game_date][texturehandler.cpp:216]: Couldn't find texture file: 'gfx/leaders/ENG/MD/Richard_Dennis.dds'
[14:16:55][no_game_date][texturehandler.cpp:160]: Texture Handler encountered missing texture file: gfx/leaders/ENG/MD/Bob_Bruce.dds
[14:16:55][no_game_date][texturehandler.cpp:216]: Couldn't find texture file: 'gfx/leaders/ENG/MD/Bob_Bruce.dds'
[14:16:55][no_game_date][texturehandler.cpp:160]: Texture Handler encountered missing texture file: gfx/leaders/ENG/MD/Colin_Weir.dds
[14:16:55][no_game_date][texturehandler.cpp:216]: Couldn't find texture file: 'gfx/leaders/ENG/MD/Colin_Weir.dds'
[14:16:55][no_game_date][texturehandler.cpp:160]: Texture Handler encountered missing texture file: gfx/leaders/ENG/MD/Ralph_Wooddisse.dds
[14:16:55][no_game_date][texturehandler.cpp:216]: Couldn't find texture file: 'gfx/leaders/ENG/MD/Ralph_Wooddisse.dds'
[14:16:55][no_game_date][texturehandler.cpp:160]: Texture Handler encountered missing texture file: gfx/leaders/ENG/MD/Charlie_Herbert.dds
[14:16:55][no_game_date][texturehandler.cpp:216]: Couldn't find texture file: 'gfx/leaders/ENG/MD/Charlie_Herbert.dds'
[14:16:55][no_game_date][texturehandler.cpp:160]: Texture Handler encountered missing texture file: gfx/leaders/ENG/MD/Richard_Felton.dds
[14:16:55][no_game_date][texturehandler.cpp:216]: Couldn't find texture file: 'gfx/leaders/ENG/MD/Richard_Felton.dds'
[14:16:55][no_game_date][texturehandler.cpp:160]: Texture Handler encountered missing texture file: gfx/leaders/ENG/MD/Tyrone_Urch.dds
[14:16:55][no_game_date][texturehandler.cpp:216]: Couldn't find texture file: 'gfx/leaders/ENG/MD/Tyrone_Urch.dds'
[14:16:55][no_game_date][texturehandler.cpp:160]: Texture Handler encountered missing texture file: gfx/leaders/ENG/MD/Alastair_Aitken.dds
[14:16:55][no_game_date][texturehandler.cpp:216]: Couldn't find texture file: 'gfx/leaders/ENG/MD/Alastair_Aitken.dds'
[14:16:55][no_game_date][texturehandler.cpp:160]: Texture Handler encountered missing texture file: gfx/leaders/ENG/MD/David_Neal.dds
[14:16:55][no_game_date][texturehandler.cpp:216]: Couldn't find texture file: 'gfx/leaders/ENG/MD/David_Neal.dds'
[14:16:55][no_game_date][texturehandler.cpp:160]: Texture Handler encountered missing texture file: gfx/leaders/ENG/MD/Ben_Bathurst.dds
[14:16:55][no_game_date][texturehandler.cpp:216]: Couldn't find texture file: 'gfx/leaders/ENG/MD/Ben_Bathurst.dds'
[14:16:55][no_game_date][texturehandler.cpp:160]: Texture Handler encountered missing texture file: gfx/leaders/ENG/MD/Mike_Walliker.dds
[14:16:55][no_game_date][texturehandler.cpp:216]: Couldn't find texture file: 'gfx/leaders/ENG/MD/Mike_Walliker.dds'
[14:16:55][no_game_date][texturehandler.cpp:160]: Texture Handler encountered missing texture file: gfx/leaders/ENG/MD/James_Illingworth.dds
[14:16:55][no_game_date][texturehandler.cpp:216]: Couldn't find texture file: 'gfx/leaders/ENG/MD/James_Illingworth.dds'
[14:16:55][no_game_date][texturehandler.cpp:160]: Texture Handler encountered missing texture file: gfx/leaders/ENG/MD/Russ_La_Forte.dds
[14:16:55][no_game_date][texturehandler.cpp:216]: Couldn't find texture file: 'gfx/leaders/ENG/MD/Russ_La_Forte.dds'
[14:16:55][no_game_date][texturehandler.cpp:160]: Texture Handler encountered missing texture file: gfx/leaders/ENG/MD/James_Chiswell.dds
[14:16:55][no_game_date][texturehandler.cpp:216]: Couldn't find texture file: 'gfx/leaders/ENG/MD/James_Chiswell.dds'
[14:16:55][no_game_date][texturehandler.cpp:160]: Texture Handler encountered missing texture file: gfx/leaders/ENG/MD/Oliver_Stokes.dds
[14:16:55][no_game_date][texturehandler.cpp:216]: Couldn't find texture file: 'gfx/leaders/ENG/MD/Oliver_Stokes.dds'
[14:16:55][no_game_date][texturehandler.cpp:160]: Texture Handler encountered missing texture file: gfx/leaders/ENG/MD/Andy_Hadfield.dds
[14:16:55][no_game_date][texturehandler.cpp:216]: Couldn't find texture file: 'gfx/leaders/ENG/MD/Andy_Hadfield.dds'
[14:16:55][no_game_date][texturehandler.cpp:160]: Texture Handler encountered missing texture file: gfx/leaders/ENG/MD/David_Middleton.dds
[14:16:55][no_game_date][texturehandler.cpp:216]: Couldn't find texture file: 'gfx/leaders/ENG/MD/David_Middleton.dds'
[14:16:55][no_game_date][texturehandler.cpp:160]: Texture Handler encountered missing texture file: gfx/leaders/ENG/MD/Stephen_Hillier.dds
[14:16:55][no_game_date][texturehandler.cpp:216]: Couldn't find texture file: 'gfx/leaders/ENG/MD/Stephen_Hillier.dds'
[14:16:55][no_game_date][texturehandler.cpp:160]: Texture Handler encountered missing texture file: gfx/leaders/ENG/MD/Rob_Magowan.dds
[14:16:55][no_game_date][texturehandler.cpp:216]: Couldn't find texture file: 'gfx/leaders/ENG/MD/Rob_Magowan.dds'
[14:16:55][no_game_date][texturehandler.cpp:160]: Texture Handler encountered missing texture file: gfx/leaders/ENG/MD/Matt_Pierson.dds
[14:16:55][no_game_date][texturehandler.cpp:216]: Couldn't find texture file: 'gfx/leaders/ENG/MD/Matt_Pierson.dds'
[14:16:55][no_game_date][texturehandler.cpp:160]: Texture Handler encountered missing texture file: gfx/leaders/ENG/MD/Richard_Cantrill.dds
[14:16:55][no_game_date][texturehandler.cpp:216]: Couldn't find texture file: 'gfx/leaders/ENG/MD/Richard_Cantrill.dds'
[14:16:55][no_game_date][texturehandler.cpp:160]: Texture Handler encountered missing texture file: gfx/leaders/ENG/MD/Graeme_Fraser.dds
[14:16:55][no_game_date][texturehandler.cpp:216]: Couldn't find texture file: 'gfx/leaders/ENG/MD/Graeme_Fraser.dds'
[14:16:55][no_game_date][texturehandler.cpp:160]: Texture Handler encountered missing texture file: gfx/leaders/ENG/MD/Tony_Turner.dds
[14:16:55][no_game_date][texturehandler.cpp:216]: Couldn't find texture file: 'gfx/leaders/ENG/MD/Tony_Turner.dds'
[14:16:55][no_game_date][texturehandler.cpp:160]: Texture Handler encountered missing texture file: gfx/leaders/ENG/MD/Paul_Lynch.dds
[14:16:55][no_game_date][texturehandler.cpp:216]: Couldn't find texture file: 'gfx/leaders/ENG/MD/Paul_Lynch.dds'
[14:16:55][no_game_date][texturehandler.cpp:160]: Texture Handler encountered missing texture file: gfx/leaders/ENG/MD/Graeme_Armour.dds
[14:16:55][no_game_date][texturehandler.cpp:216]: Couldn't find texture file: 'gfx/leaders/ENG/MD/Graeme_Armour.dds'
[14:16:55][no_game_date][texturehandler.cpp:160]: Texture Handler encountered missing texture file: gfx/leaders/ENG/MD/Ed_Davis.dds
[14:16:55][no_game_date][texturehandler.cpp:216]: Couldn't find texture file: 'gfx/leaders/ENG/MD/Ed_Davis.dds'
[14:16:55][no_game_date][texturehandler.cpp:160]: Texture Handler encountered missing texture file: gfx/leaders/ENG/MD/Patrick_Cordingley.dds
[14:16:55][no_game_date][texturehandler.cpp:216]: Couldn't find texture file: 'gfx/leaders/ENG/MD/Patrick_Cordingley.dds'
[14:16:55][no_game_date][texturehandler.cpp:160]: Texture Handler encountered missing texture file: gfx/leaders/ENG/MD/Michael_Rose.dds
[14:16:55][no_game_date][texturehandler.cpp:216]: Couldn't find texture file: 'gfx/leaders/ENG/MD/Michael_Rose.dds'
[14:16:55][no_game_date][texturehandler.cpp:160]: Texture Handler encountered missing texture file: gfx/leaders/ENG/MD/Peter_Wall.dds
[14:16:55][no_game_date][texturehandler.cpp:216]: Couldn't find texture file: 'gfx/leaders/ENG/MD/Peter_Wall.dds'
[14:16:55][no_game_date][texturehandler.cpp:160]: Texture Handler encountered missing texture file: gfx/leaders/ENG/MD/Richard_Dannatt.dds
[14:16:55][no_game_date][texturehandler.cpp:216]: Couldn't find texture file: 'gfx/leaders/ENG/MD/Richard_Dannatt.dds'
[14:16:55][no_game_date][texturehandler.cpp:160]: Texture Handler encountered missing texture file: gfx/leaders/ENG/MD/Rupert_Smith.dds
[14:16:55][no_game_date][texturehandler.cpp:216]: Couldn't find texture file: 'gfx/leaders/ENG/MD/Rupert_Smith.dds'
[14:16:55][no_game_date][texturehandler.cpp:160]: Texture Handler encountered missing texture file: gfx/leaders/ENG/MD/Jock_Slater.dds
[14:16:55][no_game_date][texturehandler.cpp:216]: Couldn't find texture file: 'gfx/leaders/ENG/MD/Jock_Slater.dds'
[14:16:55][no_game_date][texturehandler.cpp:160]: Texture Handler encountered missing texture file: gfx/leaders/ENG/MD/Mark_Stanhope.dds
[14:16:55][no_game_date][texturehandler.cpp:216]: Couldn't find texture file: 'gfx/leaders/ENG/MD/Mark_Stanhope.dds'
[14:16:55][no_game_date][texturehandler.cpp:160]: Texture Handler encountered missing texture file: gfx/leaders/ENG/MD/Michael_Boyce.dds
[14:16:55][no_game_date][texturehandler.cpp:216]: Couldn't find texture file: 'gfx/leaders/ENG/MD/Michael_Boyce.dds'
[14:16:55][no_game_date][texturehandler.cpp:160]: Texture Handler encountered missing texture file: gfx/leaders/ENG/MD/Philip_Jones.dds
[14:16:55][no_game_date][texturehandler.cpp:216]: Couldn't find texture file: 'gfx/leaders/ENG/MD/Philip_Jones.dds'
[14:16:55][no_game_date][texturehandler.cpp:160]: Texture Handler encountered missing texture file: gfx/leaders/ENG/MD/Duncan_Potts.dds
[14:16:55][no_game_date][texturehandler.cpp:216]: Couldn't find texture file: 'gfx/leaders/ENG/MD/Duncan_Potts.dds'
[14:16:55][no_game_date][texturehandler.cpp:160]: Texture Handler encountered missing texture file: gfx/leaders/ENG/MD/Alasdair_Walker.dds
[14:16:55][no_game_date][texturehandler.cpp:216]: Couldn't find texture file: 'gfx/leaders/ENG/MD/Alasdair_Walker.dds'
[14:16:55][no_game_date][texturehandler.cpp:160]: Texture Handler encountered missing texture file: gfx/leaders/ENG/MD/Ben_Key.dds
[14:16:55][no_game_date][texturehandler.cpp:216]: Couldn't find texture file: 'gfx/leaders/ENG/MD/Ben_Key.dds'
[14:16:55][no_game_date][texturehandler.cpp:160]: Texture Handler encountered missing texture file: gfx/leaders/ENG/MD/Jonathan_Woodcock.dds
[14:16:55][no_game_date][texturehandler.cpp:216]: Couldn't find texture file: 'gfx/leaders/ENG/MD/Jonathan_Woodcock.dds'
[14:16:55][no_game_date][texturehandler.cpp:160]: Texture Handler encountered missing texture file: gfx/leaders/ENG/MD/Tom_Karsten.dds
[14:16:55][no_game_date][texturehandler.cpp:216]: Couldn't find texture file: 'gfx/leaders/ENG/MD/Tom_Karsten.dds'
[14:16:55][no_game_date][texturehandler.cpp:160]: Texture Handler encountered missing texture file: gfx/leaders/ENG/MD/Paul_Bennett.dds
[14:16:55][no_game_date][texturehandler.cpp:216]: Couldn't find texture file: 'gfx/leaders/ENG/MD/Paul_Bennett.dds'
[14:16:55][no_game_date][texturehandler.cpp:160]: Texture Handler encountered missing texture file: gfx/leaders/ENG/MD/Robert_Tarrant.dds
[14:16:55][no_game_date][texturehandler.cpp:216]: Couldn't find texture file: 'gfx/leaders/ENG/MD/Robert_Tarrant.dds'
[14:16:55][no_game_date][texturehandler.cpp:160]: Texture Handler encountered missing texture file: gfx/leaders/ENG/MD/Alex_Burton.dds
[14:16:55][no_game_date][texturehandler.cpp:216]: Couldn't find texture file: 'gfx/leaders/ENG/MD/Alex_Burton.dds'
[14:16:55][no_game_date][texturehandler.cpp:160]: Texture Handler encountered missing texture file: gfx/leaders/ENG/MD/John_Weale.dds
[14:16:55][no_game_date][texturehandler.cpp:216]: Couldn't find texture file: 'gfx/leaders/ENG/MD/John_Weale.dds'
[14:16:55][no_game_date][texturehandler.cpp:160]: Texture Handler encountered missing texture file: gfx/leaders/ENG/MD/Simon_Williams.dds
[14:16:55][no_game_date][texturehandler.cpp:216]: Couldn't find texture file: 'gfx/leaders/ENG/MD/Simon_Williams.dds'
[14:16:55][no_game_date][texturehandler.cpp:160]: Texture Handler encountered missing texture file: gfx/leaders/ENG/MD/John_Clink.dds
[14:16:55][no_game_date][texturehandler.cpp:216]: Couldn't find texture file: 'gfx/leaders/ENG/MD/John_Clink.dds'
[14:16:55][no_game_date][texturehandler.cpp:160]: Texture Handler encountered missing texture file: gfx/leaders/FRA/French_colonial_administration.dds
[14:16:55][no_game_date][texturehandler.cpp:216]: Couldn't find texture file: 'gfx/leaders/FRA/French_colonial_administration.dds'
[14:16:55][no_game_date][texturehandler.cpp:160]: Texture Handler encountered missing texture file: gfx/leaders/FRA/Portrait_French_Provisional_Government.dds
[14:16:55][no_game_date][texturehandler.cpp:216]: Couldn't find texture file: 'gfx/leaders/FRA/Portrait_French_Provisional_Government.dds'
[14:16:55][no_game_date][texturehandler.cpp:160]: Texture Handler encountered missing texture file: gfx/interface/ideas/FRA/idea_FRA_Aristide_Briand.dds
[14:16:55][no_game_date][texturehandler.cpp:216]: Couldn't find texture file: 'gfx/interface/ideas/FRA/idea_FRA_Aristide_Briand.dds'
[14:16:55][no_game_date][texturehandler.cpp:160]: Texture Handler encountered missing texture file: gfx/interface/ideas/FRA/idea_FRA_Alexander_Ribot.dds
[14:16:55][no_game_date][texturehandler.cpp:216]: Couldn't find texture file: 'gfx/interface/ideas/FRA/idea_FRA_Alexander_Ribot.dds'
[14:16:55][no_game_date][texturehandler.cpp:160]: Texture Handler encountered missing texture file: gfx/interface/ideas/FRA/idea_FRA_Rene_Viviani.dds
[14:16:55][no_game_date][texturehandler.cpp:216]: Couldn't find texture file: 'gfx/interface/ideas/FRA/idea_FRA_Rene_Viviani.dds'
[14:16:55][no_game_date][texturehandler.cpp:160]: Texture Handler encountered missing texture file: gfx/leaders/FRA/INT/Portrait_FRA_Alexandre_Millerand.dds
[14:16:55][no_game_date][texturehandler.cpp:216]: Couldn't find texture file: 'gfx/leaders/FRA/INT/Portrait_FRA_Alexandre_Millerand.dds'
[14:16:55][no_game_date][texturehandler.cpp:160]: Texture Handler encountered missing texture file: gfx/leaders/FRA/INT/Portrait_FRA_Paul_Doumer.dds
[14:16:55][no_game_date][texturehandler.cpp:216]: Couldn't find texture file: 'gfx/leaders/FRA/INT/Portrait_FRA_Paul_Doumer.dds'
[14:16:55][no_game_date][texturehandler.cpp:160]: Texture Handler encountered missing texture file: gfx/leaders/FRA/Portrait_FRA_Albert_Lebrun.dds
[14:16:55][no_game_date][texturehandler.cpp:216]: Couldn't find texture file: 'gfx/leaders/FRA/Portrait_FRA_Albert_Lebrun.dds'
[14:16:55][no_game_date][texturehandler.cpp:160]: Texture Handler encountered missing texture file: gfx/interface/ideas/FRA/idea_FR3_Jean_Jaures.dds
[14:16:55][no_game_date][texturehandler.cpp:216]: Couldn't find texture file: 'gfx/interface/ideas/FRA/idea_FR3_Jean_Jaures.dds'
[14:16:55][no_game_date][texturehandler.cpp:160]: Texture Handler encountered missing texture file: gfx/leaders/FRA/INT/Portrait_FRA_Joseph_Paul_Boncour.dds
[14:16:55][no_game_date][texturehandler.cpp:216]: Couldn't find texture file: 'gfx/leaders/FRA/INT/Portrait_FRA_Joseph_Paul_Boncour.dds'
[14:16:56][no_game_date][texturehandler.cpp:160]: Texture Handler encountered missing texture file: gfx/leaders/FRA/Portrait_France_Albert_Sarraut.dds
[14:16:56][no_game_date][texturehandler.cpp:216]: Couldn't find texture file: 'gfx/leaders/FRA/Portrait_France_Albert_Sarraut.dds'
[14:16:56][no_game_date][texturehandler.cpp:160]: Texture Handler encountered missing texture file: gfx/leaders/FRA/INT/Portrait_FRA_Edouard_Daladier_INT.dds
[14:16:56][no_game_date][texturehandler.cpp:216]: Couldn't find texture file: 'gfx/leaders/FRA/INT/Portrait_FRA_Edouard_Daladier_INT.dds'
[14:16:56][no_game_date][texturehandler.cpp:160]: Texture Handler encountered missing texture file: gfx/interface/ideas/FRA/idea_FRA_maurice_gamelin_ww1.dds
[14:16:56][no_game_date][texturehandler.cpp:216]: Couldn't find texture file: 'gfx/interface/ideas/FRA/idea_FRA_maurice_gamelin_ww1.dds'
[14:16:56][no_game_date][texturehandler.cpp:160]: Texture Handler encountered missing texture file: gfx/interface/ideas/FRA/idea_FRA_maxime_weygand_ww1.dds
[14:16:56][no_game_date][texturehandler.cpp:216]: Couldn't find texture file: 'gfx/interface/ideas/FRA/idea_FRA_maxime_weygand_ww1.dds'
[14:16:56][no_game_date][texturehandler.cpp:160]: Texture Handler encountered missing texture file: gfx/interface/ideas/FRA/idea_fra_charles_de_gaulle.dds
[14:16:56][no_game_date][texturehandler.cpp:216]: Couldn't find texture file: 'gfx/interface/ideas/FRA/idea_fra_charles_de_gaulle.dds'
[14:16:56][no_game_date][texturehandler.cpp:160]: Texture Handler encountered missing texture file: gfx/interface/ideas/FRA/idea_fra_philippe_leclerc.dds
[14:16:56][no_game_date][texturehandler.cpp:216]: Couldn't find texture file: 'gfx/interface/ideas/FRA/idea_fra_philippe_leclerc.dds'
[14:16:56][no_game_date][texturehandler.cpp:160]: Texture Handler encountered missing texture file: gfx/interface/ideas/FRA/idea_fra_charles_huntziger.dds
[14:16:56][no_game_date][texturehandler.cpp:216]: Couldn't find texture file: 'gfx/interface/ideas/FRA/idea_fra_charles_huntziger.dds'
[14:16:56][no_game_date][texturehandler.cpp:160]: Texture Handler encountered missing texture file: gfx/interface/ideas/FRA/idea_fra_francois_darlan.dds
[14:16:56][no_game_date][texturehandler.cpp:216]: Couldn't find texture file: 'gfx/interface/ideas/FRA/idea_fra_francois_darlan.dds'
[14:16:56][no_game_date][texturehandler.cpp:160]: Texture Handler encountered missing texture file: gfx/leaders/FRA/Portrait_France_Georges_Thierry_Dargenlieu.dds
[14:16:56][no_game_date][texturehandler.cpp:216]: Couldn't find texture file: 'gfx/leaders/FRA/Portrait_France_Georges_Thierry_Dargenlieu.dds'
[14:16:56][no_game_date][texturehandler.cpp:160]: Texture Handler encountered missing texture file: gfx/interface/ideas/FRA/idea_fra_jean_de_laborde.dds
[14:16:56][no_game_date][texturehandler.cpp:216]: Couldn't find texture file: 'gfx/interface/ideas/FRA/idea_fra_jean_de_laborde.dds'
[14:16:56][no_game_date][texturehandler.cpp:160]: Texture Handler encountered missing texture file: gfx/leaders/FRA/Portrait_France_Georges_Catroux.dds
[14:16:56][no_game_date][texturehandler.cpp:216]: Couldn't find texture file: 'gfx/leaders/FRA/Portrait_France_Georges_Catroux.dds'
[14:16:56][no_game_date][texturehandler.cpp:160]: Texture Handler encountered missing texture file: gfx/leaders/FRA/Portrait_France_Georges_Blanchard.dds
[14:16:56][no_game_date][texturehandler.cpp:216]: Couldn't find texture file: 'gfx/leaders/FRA/Portrait_France_Georges_Blanchard.dds'
[14:16:56][no_game_date][texturehandler.cpp:160]: Texture Handler encountered missing texture file: gfx/leaders/FRA/Portrait_France_Paul_Legentilhomme.dds
[14:16:56][no_game_date][texturehandler.cpp:216]: Couldn't find texture file: 'gfx/leaders/FRA/Portrait_France_Paul_Legentilhomme.dds'
[14:16:56][no_game_date][texturehandler.cpp:160]: Texture Handler encountered missing texture file: gfx/leaders/FRA/Portrait_France_Rene_Olry.dds
[14:16:56][no_game_date][texturehandler.cpp:216]: Couldn't find texture file: 'gfx/leaders/FRA/Portrait_France_Rene_Olry.dds'
[14:16:56][no_game_date][texturehandler.cpp:160]: Texture Handler encountered missing texture file: gfx/leaders/FRA/Portrait_France_Henri_Fernand_Dentz.dds
[14:16:56][no_game_date][texturehandler.cpp:216]: Couldn't find texture file: 'gfx/leaders/FRA/Portrait_France_Henri_Fernand_Dentz.dds'
[14:16:56][no_game_date][texturehandler.cpp:160]: Texture Handler encountered missing texture file: gfx/leaders/FRA/Portrait_France_Aubert_Frere.dds
[14:16:56][no_game_date][texturehandler.cpp:216]: Couldn't find texture file: 'gfx/leaders/FRA/Portrait_France_Aubert_Frere.dds'
[14:16:56][no_game_date][texturehandler.cpp:160]: Texture Handler encountered missing texture file: gfx/leaders/FRA/Portrait_France_Aime_Doumenc.dds
[14:16:56][no_game_date][texturehandler.cpp:216]: Couldn't find texture file: 'gfx/leaders/FRA/Portrait_France_Aime_Doumenc.dds'
[14:16:56][no_game_date][texturehandler.cpp:160]: Texture Handler encountered missing texture file: gfx/leaders/FRA/Portrait_France_Jean_Flavigny.dds
[14:16:56][no_game_date][texturehandler.cpp:216]: Couldn't find texture file: 'gfx/leaders/FRA/Portrait_France_Jean_Flavigny.dds'
[14:16:56][no_game_date][texturehandler.cpp:160]: Texture Handler encountered missing texture file: gfx/leaders/FRA/Portrait_France_Jean_Touzet_du_Vigier.dds
[14:16:56][no_game_date][texturehandler.cpp:216]: Couldn't find texture file: 'gfx/leaders/FRA/Portrait_France_Jean_Touzet_du_Vigier.dds'
[14:16:56][no_game_date][texturehandler.cpp:160]: Texture Handler encountered missing texture file: gfx/leaders/FRA/Portrait_France_Gaston_Billotte.dds
[14:16:56][no_game_date][texturehandler.cpp:216]: Couldn't find texture file: 'gfx/leaders/FRA/Portrait_France_Gaston_Billotte.dds'
[14:16:56][no_game_date][texturehandler.cpp:160]: Texture Handler encountered missing texture file: gfx/leaders/FRA/Portrait_France_Charles_Conde.dds
[14:16:56][no_game_date][texturehandler.cpp:216]: Couldn't find texture file: 'gfx/leaders/FRA/Portrait_France_Charles_Conde.dds'
[14:16:56][no_game_date][texturehandler.cpp:160]: Texture Handler encountered missing texture file: gfx/leaders/FRA/Portrait_France_Henri_Roi_Tanguy.dds
[14:16:56][no_game_date][texturehandler.cpp:216]: Couldn't find texture file: 'gfx/leaders/FRA/Portrait_France_Henri_Roi_Tanguy.dds'
[14:16:56][no_game_date][texturehandler.cpp:160]: Texture Handler encountered missing texture file: gfx/leaders/FRA/Portrait_France_Marcel_Garchery.dds
[14:16:56][no_game_date][texturehandler.cpp:216]: Couldn't find texture file: 'gfx/leaders/FRA/Portrait_France_Marcel_Garchery.dds'
[14:16:56][no_game_date][texturehandler.cpp:160]: Texture Handler encountered missing texture file: gfx/leaders/FRA/Portrait_France_Pierre_Billotte.dds
[14:16:56][no_game_date][texturehandler.cpp:216]: Couldn't find texture file: 'gfx/leaders/FRA/Portrait_France_Pierre_Billotte.dds'
[14:16:56][no_game_date][texturehandler.cpp:160]: Texture Handler encountered missing texture file: gfx/leaders/FRA/Portrait_France_Edouard_Requin.dds
[14:16:56][no_game_date][texturehandler.cpp:216]: Couldn't find texture file: 'gfx/leaders/FRA/Portrait_France_Edouard_Requin.dds'
[14:16:56][no_game_date][texturehandler.cpp:160]: Texture Handler encountered missing texture file: gfx/leaders/FRA/Portrait_France_Robert_Touchon.dds
[14:16:56][no_game_date][texturehandler.cpp:216]: Couldn't find texture file: 'gfx/leaders/FRA/Portrait_France_Robert_Touchon.dds'
[14:16:56][no_game_date][texturehandler.cpp:160]: Texture Handler encountered missing texture file: gfx/leaders/FRA/Portrait_France_Stanislas_Contanson.dds
[14:16:56][no_game_date][texturehandler.cpp:216]: Couldn't find texture file: 'gfx/leaders/FRA/Portrait_France_Stanislas_Contanson.dds'
[14:16:56][no_game_date][texturehandler.cpp:160]: Texture Handler encountered missing texture file: gfx/leaders/FRA/Portrait_FRA_Paul_Faure.dds
[14:16:56][no_game_date][texturehandler.cpp:216]: Couldn't find texture file: 'gfx/leaders/FRA/Portrait_FRA_Paul_Faure.dds'
[14:16:56][no_game_date][texturehandler.cpp:160]: Texture Handler encountered missing texture file: gfx/leaders/FRA/INT/FRA_Eugene_Deloncle.dds
[14:16:56][no_game_date][texturehandler.cpp:216]: Couldn't find texture file: 'gfx/leaders/FRA/INT/FRA_Eugene_Deloncle.dds'
[14:16:56][no_game_date][texturehandler.cpp:160]: Texture Handler encountered missing texture file: gfx/leaders/FRA/Portrait_FRA_Henri_Bineau.dds
[14:16:56][no_game_date][texturehandler.cpp:216]: Couldn't find texture file: 'gfx/leaders/FRA/Portrait_FRA_Henri_Bineau.dds'
[14:16:56][no_game_date][texturehandler.cpp:160]: Texture Handler encountered missing texture file: gfx/leaders/FRA/Portrait_FRA_Marcel_Gensoul.dds
[14:16:56][no_game_date][texturehandler.cpp:216]: Couldn't find texture file: 'gfx/leaders/FRA/Portrait_FRA_Marcel_Gensoul.dds'
[14:16:56][no_game_date][texturehandler.cpp:160]: Texture Handler encountered missing texture file: gfx/leaders/FRA/Portrait_FRA_Jean_Marie_Charles_Abrial.dds
[14:16:56][no_game_date][texturehandler.cpp:216]: Couldn't find texture file: 'gfx/leaders/FRA/Portrait_FRA_Jean_Marie_Charles_Abrial.dds'
[14:16:56][no_game_date][texturehandler.cpp:160]: Texture Handler encountered missing texture file: gfx/leaders/FRA/Portrait_FRA_Rene_Prioux.dds
[14:16:56][no_game_date][texturehandler.cpp:216]: Couldn't find texture file: 'gfx/leaders/FRA/Portrait_FRA_Rene_Prioux.dds'
[14:16:56][no_game_date][texturehandler.cpp:160]: Texture Handler encountered missing texture file: gfx/leaders/FRA/Portrait_FRA_Martial_Valin.dds
[14:16:56][no_game_date][texturehandler.cpp:216]: Couldn't find texture file: 'gfx/leaders/FRA/Portrait_FRA_Martial_Valin.dds'
[14:16:56][no_game_date][texturehandler.cpp:160]: Texture Handler encountered missing texture file: gfx/leaders/FRA/Portrait_FRA_Jean_Francois_Jannekeyn.dds
[14:16:56][no_game_date][texturehandler.cpp:216]: Couldn't find texture file: 'gfx/leaders/FRA/Portrait_FRA_Jean_Francois_Jannekeyn.dds'
[14:16:56][no_game_date][texturehandler.cpp:160]: Texture Handler encountered missing texture file: gfx/interface/ideas/FRA/idea_fra_jean_decoux.dds
[14:16:56][no_game_date][texturehandler.cpp:216]: Couldn't find texture file: 'gfx/interface/ideas/FRA/idea_fra_jean_decoux.dds'
[14:16:56][no_game_date][texturehandler.cpp:160]: Texture Handler encountered missing texture file: gfx/leaders/FRA/Portrait_France_Jean_Decoux.dds
[14:16:56][no_game_date][texturehandler.cpp:216]: Couldn't find texture file: 'gfx/leaders/FRA/Portrait_France_Jean_Decoux.dds'
[14:16:56][no_game_date][texturehandler.cpp:160]: Texture Handler encountered missing texture file: gfx/leaders/FRA/CW/Portrait_France_Pierre_Poujade.dds
[14:16:56][no_game_date][texturehandler.cpp:216]: Couldn't find texture file: 'gfx/leaders/FRA/CW/Portrait_France_Pierre_Poujade.dds'
[14:16:56][no_game_date][texturehandler.cpp:160]: Texture Handler encountered missing texture file: gfx/leaders/FRA/CW/Portrait_France_Vincent_Auriol.dds
[14:16:56][no_game_date][texturehandler.cpp:216]: Couldn't find texture file: 'gfx/leaders/FRA/CW/Portrait_France_Vincent_Auriol.dds'
[14:16:56][no_game_date][texturehandler.cpp:160]: Texture Handler encountered missing texture file: gfx/leaders/FRA/CW/Portrait_France_Georges_Pompidou.dds
[14:16:56][no_game_date][texturehandler.cpp:216]: Couldn't find texture file: 'gfx/leaders/FRA/CW/Portrait_France_Georges_Pompidou.dds'
[14:16:56][no_game_date][texturehandler.cpp:160]: Texture Handler encountered missing texture file: gfx/leaders/FRA/CW/Portrait_France_Georges_Marchais.dds
[14:16:56][no_game_date][texturehandler.cpp:216]: Couldn't find texture file: 'gfx/leaders/FRA/CW/Portrait_France_Georges_Marchais.dds'
[14:16:56][no_game_date][texturehandler.cpp:160]: Texture Handler encountered missing texture file: gfx/leaders/FRA/CW/Portrait_France_Alphonse_II.dds
[14:16:56][no_game_date][texturehandler.cpp:216]: Couldn't find texture file: 'gfx/leaders/FRA/CW/Portrait_France_Alphonse_II.dds'
[14:16:56][no_game_date][texturehandler.cpp:160]: Texture Handler encountered missing texture file: gfx/leaders/FRA/CW/Portrait_France_Jean-Marie_Le_Pen.dds
[14:16:56][no_game_date][texturehandler.cpp:216]: Couldn't find texture file: 'gfx/leaders/FRA/CW/Portrait_France_Jean-Marie_Le_Pen.dds'
[14:16:56][no_game_date][texturehandler.cpp:160]: Texture Handler encountered missing texture file: gfx/leaders/FRA/CW/Portrait_France_Valery_Giscard_d_Estaing.dds
[14:16:56][no_game_date][texturehandler.cpp:216]: Couldn't find texture file: 'gfx/leaders/FRA/CW/Portrait_France_Valery_Giscard_d_Estaing.dds'
[14:16:56][no_game_date][texturehandler.cpp:160]: Texture Handler encountered missing texture file: gfx/leaders/FRA/CW/Portrait_France_Francois_Mitterrand.dds
[14:16:56][no_game_date][texturehandler.cpp:216]: Couldn't find texture file: 'gfx/leaders/FRA/CW/Portrait_France_Francois_Mitterrand.dds'
[14:16:56][no_game_date][texturehandler.cpp:160]: Texture Handler encountered missing texture file: gfx/leaders/FRA/CW/Portrait_France_Jacques_Massu.dds
[14:16:56][no_game_date][texturehandler.cpp:216]: Couldn't find texture file: 'gfx/leaders/FRA/CW/Portrait_France_Jacques_Massu.dds'
[14:16:56][no_game_date][texturehandler.cpp:160]: Texture Handler encountered missing texture file: gfx/leaders/FRA/CW/General_Paul_Aussaresses_Early_CW.dds
[14:16:56][no_game_date][texturehandler.cpp:216]: Couldn't find texture file: 'gfx/leaders/FRA/CW/General_Paul_Aussaresses_Early_CW.dds'
[14:16:56][no_game_date][texturehandler.cpp:160]: Texture Handler encountered missing texture file: gfx/leaders/FRA/CW/Portrait_France_Fernand_Gambiez.dds
[14:16:56][no_game_date][texturehandler.cpp:216]: Couldn't find texture file: 'gfx/leaders/FRA/CW/Portrait_France_Fernand_Gambiez.dds'
[14:16:56][no_game_date][texturehandler.cpp:160]: Texture Handler encountered missing texture file: gfx/leaders/FRA/CW/General_Edmond_Jouhaud.dds
[14:16:56][no_game_date][texturehandler.cpp:216]: Couldn't find texture file: 'gfx/leaders/FRA/CW/General_Edmond_Jouhaud.dds'
[14:16:56][no_game_date][texturehandler.cpp:160]: Texture Handler encountered missing texture file: gfx/leaders/FRA/CW/General_Henri_Navarre.dds
[14:16:56][no_game_date][texturehandler.cpp:216]: Couldn't find texture file: 'gfx/leaders/FRA/CW/General_Henri_Navarre.dds'
[14:16:56][no_game_date][texturehandler.cpp:160]: Texture Handler encountered missing texture file: gfx/leaders/FRA/CW/General_Jean_Étienne_Valluy.dds
[14:16:56][no_game_date][texturehandler.cpp:216]: Couldn't find texture file: 'gfx/leaders/FRA/CW/General_Jean_Étienne_Valluy.dds'
[14:16:56][no_game_date][texturehandler.cpp:160]: Texture Handler encountered missing texture file: gfx/leaders/FRA/Portrait_France_Marcel_Carpentier.dds
[14:16:56][no_game_date][texturehandler.cpp:216]: Couldn't find texture file: 'gfx/leaders/FRA/Portrait_France_Marcel_Carpentier.dds'
[14:16:56][no_game_date][texturehandler.cpp:160]: Texture Handler encountered missing texture file: gfx/leaders/FRA/CW/General_Michel_Roquejeoffre.dds
[14:16:56][no_game_date][texturehandler.cpp:216]: Couldn't find texture file: 'gfx/leaders/FRA/CW/General_Michel_Roquejeoffre.dds'
[14:16:56][no_game_date][texturehandler.cpp:160]: Texture Handler encountered missing texture file: gfx/leaders/FRA/CW/General_Raoul_Salan.dds
[14:16:56][no_game_date][texturehandler.cpp:216]: Couldn't find texture file: 'gfx/leaders/FRA/CW/General_Raoul_Salan.dds'
[14:16:56][no_game_date][texturehandler.cpp:160]: Texture Handler encountered missing texture file: gfx/leaders/FRA/CW/General_Roger_Blaizot.dds
[14:16:56][no_game_date][texturehandler.cpp:216]: Couldn't find texture file: 'gfx/leaders/FRA/CW/General_Roger_Blaizot.dds'
[14:16:56][no_game_date][texturehandler.cpp:160]: Texture Handler encountered missing texture file: gfx/leaders/FRA/MD/France_Jacques_Chirac.dds
[14:16:56][no_game_date][texturehandler.cpp:216]: Couldn't find texture file: 'gfx/leaders/FRA/MD/France_Jacques_Chirac.dds'
[14:16:56][no_game_date][texturehandler.cpp:160]: Texture Handler encountered missing texture file: gfx/leaders/FRA/MD/France_Marie-George_Buffet.dds
[14:16:56][no_game_date][texturehandler.cpp:216]: Couldn't find texture file: 'gfx/leaders/FRA/MD/France_Marie-George_Buffet.dds'
[14:16:56][no_game_date][texturehandler.cpp:160]: Texture Handler encountered missing texture file: gfx/leaders/FRA/MD/France_Louis_XX.dds
[14:16:56][no_game_date][texturehandler.cpp:216]: Couldn't find texture file: 'gfx/leaders/FRA/MD/France_Louis_XX.dds'
[14:16:56][no_game_date][texturehandler.cpp:160]: Texture Handler encountered missing texture file: gfx/leaders/FRA/MD/France_Alain_Soral_Neo_Nazism_2000.dds
[14:16:56][no_game_date][texturehandler.cpp:216]: Couldn't find texture file: 'gfx/leaders/FRA/MD/France_Alain_Soral_Neo_Nazism_2000.dds'
[14:16:56][no_game_date][texturehandler.cpp:160]: Texture Handler encountered missing texture file: gfx/leaders/FRA/MD/France_Nicolas_Sarkozy.dds
[14:16:56][no_game_date][texturehandler.cpp:216]: Couldn't find texture file: 'gfx/leaders/FRA/MD/France_Nicolas_Sarkozy.dds'
[14:16:56][no_game_date][texturehandler.cpp:160]: Texture Handler encountered missing texture file: gfx/leaders/FRA/MD/France-Francois_Hollande.dds
[14:16:56][no_game_date][texturehandler.cpp:216]: Couldn't find texture file: 'gfx/leaders/FRA/MD/France-Francois_Hollande.dds'
[14:16:56][no_game_date][texturehandler.cpp:160]: Texture Handler encountered missing texture file: gfx/leaders/FRA/MD/FRA_Emmanuel_Macron_Liberalism.dds
[14:16:56][no_game_date][texturehandler.cpp:216]: Couldn't find texture file: 'gfx/leaders/FRA/MD/FRA_Emmanuel_Macron_Liberalism.dds'
[14:16:56][no_game_date][texturehandler.cpp:160]: Texture Handler encountered missing texture file: gfx/leaders/FRA/MD/Jean_Pierre_Bosser.dds
[14:16:56][no_game_date][texturehandler.cpp:216]: Couldn't find texture file: 'gfx/leaders/FRA/MD/Jean_Pierre_Bosser.dds'
[14:16:56][no_game_date][texturehandler.cpp:160]: Texture Handler encountered missing texture file: gfx/leaders/FRA/MD/Pierre_Chavancy.dds
[14:16:56][no_game_date][texturehandler.cpp:216]: Couldn't find texture file: 'gfx/leaders/FRA/MD/Pierre_Chavancy.dds'
[14:16:56][no_game_date][texturehandler.cpp:160]: Texture Handler encountered missing texture file: gfx/leaders/FRA/MD/Bertrand_Ract_Madoux.dds
[14:16:56][no_game_date][texturehandler.cpp:216]: Couldn't find texture file: 'gfx/leaders/FRA/MD/Bertrand_Ract_Madoux.dds'
[14:16:56][no_game_date][texturehandler.cpp:160]: Texture Handler encountered missing texture file: gfx/leaders/FRA/MD/Portrait_Pierre_de_Villiers.dds
[14:16:56][no_game_date][texturehandler.cpp:216]: Couldn't find texture file: 'gfx/leaders/FRA/MD/Portrait_Pierre_de_Villiers.dds'
[14:16:56][no_game_date][texturehandler.cpp:160]: Texture Handler encountered missing texture file: gfx/leaders/FRA/MD/Portrait_Arnaud_Sainte-Claire_Deville.dds
[14:16:56][no_game_date][texturehandler.cpp:216]: Couldn't find texture file: 'gfx/leaders/FRA/MD/Portrait_Arnaud_Sainte-Claire_Deville.dds'
[14:16:56][no_game_date][texturehandler.cpp:160]: Texture Handler encountered missing texture file: gfx/leaders/FRA/MD/Portrait_Francois_Labuze.dds
[14:16:56][no_game_date][texturehandler.cpp:216]: Couldn't find texture file: 'gfx/leaders/FRA/MD/Portrait_Francois_Labuze.dds'
[14:16:56][no_game_date][texturehandler.cpp:160]: Texture Handler encountered missing texture file: gfx/leaders/FRA/MD/Portrait_Franck_Boudet.dds
[14:16:56][no_game_date][texturehandler.cpp:216]: Couldn't find texture file: 'gfx/leaders/FRA/MD/Portrait_Franck_Boudet.dds'
[14:16:56][no_game_date][texturehandler.cpp:160]: Texture Handler encountered missing texture file: gfx/leaders/FRA/MD/Portrait_Christophe_Bizien.dds
[14:16:56][no_game_date][texturehandler.cpp:216]: Couldn't find texture file: 'gfx/leaders/FRA/MD/Portrait_Christophe_Bizien.dds'
[14:16:56][no_game_date][texturehandler.cpp:160]: Texture Handler encountered missing texture file: gfx/leaders/FRA/MD/Portrait_Loic_Girard.dds
[14:16:56][no_game_date][texturehandler.cpp:216]: Couldn't find texture file: 'gfx/leaders/FRA/MD/Portrait_Loic_Girard.dds'
[14:16:56][no_game_date][texturehandler.cpp:160]: Texture Handler encountered missing texture file: gfx/leaders/FRA/MD/Portrait_Pascal_Ianni.dds
[14:16:56][no_game_date][texturehandler.cpp:216]: Couldn't find texture file: 'gfx/leaders/FRA/MD/Portrait_Pascal_Ianni.dds'
[14:16:56][no_game_date][texturehandler.cpp:160]: Texture Handler encountered missing texture file: gfx/leaders/FRA/MD/Portrait_Thomas_Mollard.dds
[14:16:56][no_game_date][texturehandler.cpp:216]: Couldn't find texture file: 'gfx/leaders/FRA/MD/Portrait_Thomas_Mollard.dds'
[14:16:56][no_game_date][texturehandler.cpp:160]: Texture Handler encountered missing texture file: gfx/leaders/FRA/MD/Portrait_Etienne_du_Peyroux.dds
[14:16:56][no_game_date][texturehandler.cpp:216]: Couldn't find texture file: 'gfx/leaders/FRA/MD/Portrait_Etienne_du_Peyroux.dds'
[14:16:56][no_game_date][texturehandler.cpp:160]: Texture Handler encountered missing texture file: gfx/leaders/FRA/MD/Portrait_Francois_Regis_Jaminet.dds
[14:16:56][no_game_date][texturehandler.cpp:216]: Couldn't find texture file: 'gfx/leaders/FRA/MD/Portrait_Francois_Regis_Jaminet.dds'
[14:16:56][no_game_date][texturehandler.cpp:160]: Texture Handler encountered missing texture file: gfx/leaders/FRA/MD/Portrait_Herve_Bizeul.dds
[14:16:56][no_game_date][texturehandler.cpp:216]: Couldn't find texture file: 'gfx/leaders/FRA/MD/Portrait_Herve_Bizeul.dds'
[14:16:56][no_game_date][texturehandler.cpp:160]: Texture Handler encountered missing texture file: gfx/leaders/FRA/MD/Portrait_Jean-Jacques_Fatinet.dds
[14:16:56][no_game_date][texturehandler.cpp:216]: Couldn't find texture file: 'gfx/leaders/FRA/MD/Portrait_Jean-Jacques_Fatinet.dds'
[14:16:56][no_game_date][texturehandler.cpp:160]: Texture Handler encountered missing texture file: gfx/leaders/FRA/MD/Portrait_Guillaume_de_Sercey.dds
[14:16:56][no_game_date][texturehandler.cpp:216]: Couldn't find texture file: 'gfx/leaders/FRA/MD/Portrait_Guillaume_de_Sercey.dds'
[14:16:56][no_game_date][texturehandler.cpp:160]: Texture Handler encountered missing texture file: gfx/leaders/FRA/MD/Portrait_Guillaume_Venard.dds
[14:16:56][no_game_date][texturehandler.cpp:216]: Couldn't find texture file: 'gfx/leaders/FRA/MD/Portrait_Guillaume_Venard.dds'
[14:16:56][no_game_date][texturehandler.cpp:160]: Texture Handler encountered missing texture file: gfx/leaders/FRA/MD/Portrait_Nicolas_Casanova.dds
[14:16:56][no_game_date][texturehandler.cpp:216]: Couldn't find texture file: 'gfx/leaders/FRA/MD/Portrait_Nicolas_Casanova.dds'
[14:16:56][no_game_date][texturehandler.cpp:160]: Texture Handler encountered missing texture file: gfx/leaders/FRA/MD/Portrait_Benoit_Durieux.dds
[14:16:56][no_game_date][texturehandler.cpp:216]: Couldn't find texture file: 'gfx/leaders/FRA/MD/Portrait_Benoit_Durieux.dds'
[14:16:56][no_game_date][texturehandler.cpp:160]: Texture Handler encountered missing texture file: gfx/leaders/FRA/MD/Portrait_Eric_Bellot_des_Minieres.dds
[14:16:56][no_game_date][texturehandler.cpp:216]: Couldn't find texture file: 'gfx/leaders/FRA/MD/Portrait_Eric_Bellot_des_Minieres.dds'
[14:16:56][no_game_date][texturehandler.cpp:160]: Texture Handler encountered missing texture file: gfx/leaders/FRA/MD/Portrait_Jean-Frederic_Lenoble.dds
[14:16:56][no_game_date][texturehandler.cpp:216]: Couldn't find texture file: 'gfx/leaders/FRA/MD/Portrait_Jean-Frederic_Lenoble.dds'
[14:16:56][no_game_date][texturehandler.cpp:160]: Texture Handler encountered missing texture file: gfx/leaders/FRA/MD/Portrait_Eric_Maury.dds
[14:16:56][no_game_date][texturehandler.cpp:216]: Couldn't find texture file: 'gfx/leaders/FRA/MD/Portrait_Eric_Maury.dds'
[14:16:56][no_game_date][texturehandler.cpp:160]: Texture Handler encountered missing texture file: gfx/leaders/FRA/MD/Portrait_Jean-Francois_Lafont_Rapnouil.dds
[14:16:56][no_game_date][texturehandler.cpp:216]: Couldn't find texture file: 'gfx/leaders/FRA/MD/Portrait_Jean-Francois_Lafont_Rapnouil.dds'
[14:16:56][no_game_date][texturehandler.cpp:160]: Texture Handler encountered missing texture file: gfx/leaders/FRA/MD/Portrait_Pierre_Liot_de_Nortbecourt.dds
[14:16:56][no_game_date][texturehandler.cpp:216]: Couldn't find texture file: 'gfx/leaders/FRA/MD/Portrait_Pierre_Liot_de_Nortbecourt.dds'
[14:16:56][no_game_date][texturehandler.cpp:160]: Texture Handler encountered missing texture file: gfx/leaders/FRA/MD/Portrait_Jean_Maurin.dds
[14:16:56][no_game_date][texturehandler.cpp:216]: Couldn't find texture file: 'gfx/leaders/FRA/MD/Portrait_Jean_Maurin.dds'
[14:16:56][no_game_date][texturehandler.cpp:160]: Texture Handler encountered missing texture file: gfx/leaders/FRA/MD/Portrait_Christophe_Prazuck.dds
[14:16:56][no_game_date][texturehandler.cpp:216]: Couldn't find texture file: 'gfx/leaders/FRA/MD/Portrait_Christophe_Prazuck.dds'
[14:16:56][no_game_date][texturehandler.cpp:160]: Texture Handler encountered missing texture file: gfx/leaders/FRA/MD/Portrait_Marc_de_Briancon.dds
[14:16:56][no_game_date][texturehandler.cpp:216]: Couldn't find texture file: 'gfx/leaders/FRA/MD/Portrait_Marc_de_Briancon.dds'
[14:16:56][no_game_date][texturehandler.cpp:160]: Texture Handler encountered missing texture file: gfx/leaders/FRA/MD/Portrait_Denis_Beraud.dds
[14:16:56][no_game_date][texturehandler.cpp:216]: Couldn't find texture file: 'gfx/leaders/FRA/MD/Portrait_Denis_Beraud.dds'
[14:16:56][no_game_date][texturehandler.cpp:160]: Texture Handler encountered missing texture file: gfx/leaders/FRA/MD/Portrait_Bruno_Thouvenin.dds
[14:16:56][no_game_date][texturehandler.cpp:216]: Couldn't find texture file: 'gfx/leaders/FRA/MD/Portrait_Bruno_Thouvenin.dds'
[14:16:56][no_game_date][texturehandler.cpp:160]: Texture Handler encountered missing texture file: gfx/leaders/FRA/MD/Portrait_Francois_Rebourd.dds
[14:16:56][no_game_date][texturehandler.cpp:216]: Couldn't find texture file: 'gfx/leaders/FRA/MD/Portrait_Francois_Rebourd.dds'
[14:16:56][no_game_date][texturehandler.cpp:160]: Texture Handler encountered missing texture file: gfx/leaders/FRA/MD/Portrait_Louis-Michel_Guillaume.dds
[14:16:56][no_game_date][texturehandler.cpp:216]: Couldn't find texture file: 'gfx/leaders/FRA/MD/Portrait_Louis-Michel_Guillaume.dds'
[14:16:56][no_game_date][texturehandler.cpp:160]: Texture Handler encountered missing texture file: gfx/leaders/FRA/MD/Portrait_Charles-Henri_du_Che.dds
[14:16:56][no_game_date][texturehandler.cpp:216]: Couldn't find texture file: 'gfx/leaders/FRA/MD/Portrait_Charles-Henri_du_Che.dds'
[14:16:56][no_game_date][texturehandler.cpp:160]: Texture Handler encountered missing texture file: gfx/leaders/FRA/MD/Portrait_Pascal_Ausseurs.dds
[14:16:56][no_game_date][texturehandler.cpp:216]: Couldn't find texture file: 'gfx/leaders/FRA/MD/Portrait_Pascal_Ausseurs.dds'
[14:16:56][no_game_date][texturehandler.cpp:160]: Texture Handler encountered missing texture file: gfx/leaders/FRA/MD/Portrait_Emmanuel_de_Oliveira.dds
[14:16:56][no_game_date][texturehandler.cpp:216]: Couldn't find texture file: 'gfx/leaders/FRA/MD/Portrait_Emmanuel_de_Oliveira.dds'
[14:16:56][no_game_date][texturehandler.cpp:160]: Texture Handler encountered missing texture file: gfx/leaders/FRA/MD/Portrait_Jean-Baptiste_Dupuis.dds
[14:16:56][no_game_date][texturehandler.cpp:216]: Couldn't find texture file: 'gfx/leaders/FRA/MD/Portrait_Jean-Baptiste_Dupuis.dds'
[14:16:56][no_game_date][texturehandler.cpp:160]: Texture Handler encountered missing texture file: gfx/leaders/GER/INT/President_Hindenburg.dds
[14:16:56][no_game_date][texturehandler.cpp:216]: Couldn't find texture file: 'gfx/leaders/GER/INT/President_Hindenburg.dds'
[14:16:56][no_game_date][texturehandler.cpp:160]: Texture Handler encountered missing texture file: gfx/leaders/GER/INT/General_Hindenburg.dds
[14:16:56][no_game_date][texturehandler.cpp:216]: Couldn't find texture file: 'gfx/leaders/GER/INT/General_Hindenburg.dds'
[14:16:56][no_game_date][texturehandler.cpp:160]: Texture Handler encountered missing texture file: gfx/interface/ideas/idea_falkenhayn.dds
[14:16:56][no_game_date][texturehandler.cpp:216]: Couldn't find texture file: 'gfx/interface/ideas/idea_falkenhayn.dds'
[14:16:56][no_game_date][texturehandler.cpp:160]: Texture Handler encountered missing texture file: gfx/leaders/GER/INT/Portrait_GER_Franz_Ritter_von_Epp.dds
[14:16:56][no_game_date][texturehandler.cpp:216]: Couldn't find texture file: 'gfx/leaders/GER/INT/Portrait_GER_Franz_Ritter_von_Epp.dds'
[14:16:56][no_game_date][texturehandler.cpp:160]: Texture Handler encountered missing texture file: gfx/interface/ideas/idea_rupprecht.dds
[14:16:56][no_game_date][texturehandler.cpp:216]: Couldn't find texture file: 'gfx/interface/ideas/idea_rupprecht.dds'
[14:16:56][no_game_date][texturehandler.cpp:160]: Texture Handler encountered missing texture file: gfx/leaders/RON_Generic/Islamic_European1.dds
[14:16:56][no_game_date][texturehandler.cpp:216]: Couldn't find texture file: 'gfx/leaders/RON_Generic/Islamic_European1.dds'
[14:16:56][no_game_date][texturehandler.cpp:160]: Texture Handler encountered missing texture file: gfx/leaders/GER/weimar_council.dds
[14:16:56][no_game_date][texturehandler.cpp:216]: Couldn't find texture file: 'gfx/leaders/GER/weimar_council.dds'
[14:16:56][no_game_date][texturehandler.cpp:160]: Texture Handler encountered missing texture file: gfx/leaders/GER/INT/Portrait_Germany_Ernst_Thalmann.dds
[14:16:56][no_game_date][texturehandler.cpp:216]: Couldn't find texture file: 'gfx/leaders/GER/INT/Portrait_Germany_Ernst_Thalmann.dds'
[14:16:56][no_game_date][texturehandler.cpp:160]: Texture Handler encountered missing texture file: gfx/leaders/GER/INT/Wolfgang_Kapp.dds
[14:16:56][no_game_date][texturehandler.cpp:216]: Couldn't find texture file: 'gfx/leaders/GER/INT/Wolfgang_Kapp.dds'
[14:16:56][no_game_date][texturehandler.cpp:160]: Texture Handler encountered missing texture file: gfx/leaders/RON_Generic/Islamic_European3.dds
[14:16:56][no_game_date][texturehandler.cpp:216]: Couldn't find texture file: 'gfx/leaders/RON_Generic/Islamic_European3.dds'
[14:16:56][no_game_date][texturehandler.cpp:160]: Texture Handler encountered missing texture file: gfx/leaders/GER/INT/Germany_Adolf_Hitler_1923.dds
[14:16:56][no_game_date][texturehandler.cpp:216]: Couldn't find texture file: 'gfx/leaders/GER/INT/Germany_Adolf_Hitler_1923.dds'
[14:16:56][no_game_date][texturehandler.cpp:160]: Texture Handler encountered missing texture file: gfx/leaders/GER/INT/Kurt_von_Schleicher.dds
[14:16:56][no_game_date][texturehandler.cpp:216]: Couldn't find texture file: 'gfx/leaders/GER/INT/Kurt_von_Schleicher.dds'
[14:16:56][no_game_date][texturehandler.cpp:160]: Texture Handler encountered missing texture file: gfx/leaders/RON_Generic/Islamic_European2.dds
[14:16:56][no_game_date][texturehandler.cpp:216]: Couldn't find texture file: 'gfx/leaders/RON_Generic/Islamic_European2.dds'
[14:16:56][no_game_date][texturehandler.cpp:160]: Texture Handler encountered missing texture file: gfx/interface/ideas/idea_GER_heinrich_himmler.dds
[14:16:56][no_game_date][texturehandler.cpp:216]: Couldn't find texture file: 'gfx/interface/ideas/idea_GER_heinrich_himmler.dds'
[14:16:56][no_game_date][texturehandler.cpp:160]: Texture Handler encountered missing texture file: gfx/leaders/GER/Portrait_Germany_Heinrich_Himmler.dds
[14:16:56][no_game_date][texturehandler.cpp:216]: Couldn't find texture file: 'gfx/leaders/GER/Portrait_Germany_Heinrich_Himmler.dds'
[14:16:56][no_game_date][icon_entry.cpp:38]: Icon definition "GER_fedor_von_bock" does neither look like a file path nor a GFX entry as it does not start with "GFX_"
[14:16:57][no_game_date][texturehandler.cpp:160]: Texture Handler encountered missing texture file: gfx/leaders/GER/Portrait_Germany_Felix_Steiner.dds
[14:16:57][no_game_date][texturehandler.cpp:216]: Couldn't find texture file: 'gfx/leaders/GER/Portrait_Germany_Felix_Steiner.dds'
[14:16:57][no_game_date][texturehandler.cpp:160]: Texture Handler encountered missing texture file: gfx/leaders/GER/Portrait_Germany_Erich_Hoepner.dds
[14:16:57][no_game_date][texturehandler.cpp:216]: Couldn't find texture file: 'gfx/leaders/GER/Portrait_Germany_Erich_Hoepner.dds'
[14:16:57][no_game_date][texturehandler.cpp:160]: Texture Handler encountered missing texture file: gfx/leaders/GER/Portrait_Germany_Franz_Halder.dds
[14:16:57][no_game_date][texturehandler.cpp:216]: Couldn't find texture file: 'gfx/leaders/GER/Portrait_Germany_Franz_Halder.dds'
[14:16:57][no_game_date][texturehandler.cpp:160]: Texture Handler encountered missing texture file: gfx/leaders/GER/Portrait_Germany_Hans_von_Obstfelder.dds
[14:16:57][no_game_date][texturehandler.cpp:216]: Couldn't find texture file: 'gfx/leaders/GER/Portrait_Germany_Hans_von_Obstfelder.dds'
[14:16:57][no_game_date][texturehandler.cpp:160]: Texture Handler encountered missing texture file: gfx/leaders/GER/Portrait_Germany_Josef_Harpe.dds
[14:16:57][no_game_date][texturehandler.cpp:216]: Couldn't find texture file: 'gfx/leaders/GER/Portrait_Germany_Josef_Harpe.dds'
[14:16:57][no_game_date][texturehandler.cpp:160]: Texture Handler encountered missing texture file: gfx/leaders/GER/Portrait_Germany_Georg_Keppler.dds
[14:16:57][no_game_date][texturehandler.cpp:216]: Couldn't find texture file: 'gfx/leaders/GER/Portrait_Germany_Georg_Keppler.dds'
[14:16:57][no_game_date][texturehandler.cpp:160]: Texture Handler encountered missing texture file: gfx/leaders/GER/Portrait_Germany_Wilhelm_Bittrich.dds
[14:16:57][no_game_date][texturehandler.cpp:216]: Couldn't find texture file: 'gfx/leaders/GER/Portrait_Germany_Wilhelm_Bittrich.dds'
[14:16:57][no_game_date][texturehandler.cpp:160]: Texture Handler encountered missing texture file: gfx/leaders/GER/Portrait_Germany_Walther_von_Brauchitsch.dds
[14:16:57][no_game_date][texturehandler.cpp:216]: Couldn't find texture file: 'gfx/leaders/GER/Portrait_Germany_Walther_von_Brauchitsch.dds'
[14:16:57][no_game_date][texturehandler.cpp:160]: Texture Handler encountered missing texture file: gfx/leaders/GER/Portrait_Germany_Rudolf_Schmidt.dds
[14:16:57][no_game_date][texturehandler.cpp:216]: Couldn't find texture file: 'gfx/leaders/GER/Portrait_Germany_Rudolf_Schmidt.dds'
[14:16:57][no_game_date][texturehandler.cpp:160]: Texture Handler encountered missing texture file: gfx/leaders/GER/Portrait_Germany_Friedrich_Dollmann.dds
[14:16:57][no_game_date][texturehandler.cpp:216]: Couldn't find texture file: 'gfx/leaders/GER/Portrait_Germany_Friedrich_Dollmann.dds'
[14:16:57][no_game_date][texturehandler.cpp:160]: Texture Handler encountered missing texture file: gfx/leaders/GER/Portrait_Germany_Leo_Geyr_von_Schweppenburg.dds
[14:16:57][no_game_date][texturehandler.cpp:216]: Couldn't find texture file: 'gfx/leaders/GER/Portrait_Germany_Leo_Geyr_von_Schweppenburg.dds'
[14:16:57][no_game_date][texturehandler.cpp:160]: Texture Handler encountered missing texture file: gfx/leaders/GER/Portrait_Germany_Nikolaus_von_Falkenhorst.dds
[14:16:57][no_game_date][texturehandler.cpp:216]: Couldn't find texture file: 'gfx/leaders/GER/Portrait_Germany_Nikolaus_von_Falkenhorst.dds'
[14:16:57][no_game_date][texturehandler.cpp:160]: Texture Handler encountered missing texture file: gfx/leaders/GER/Portrait_Germany_Hans-Valentin_Hube.dds
[14:16:57][no_game_date][texturehandler.cpp:216]: Couldn't find texture file: 'gfx/leaders/GER/Portrait_Germany_Hans-Valentin_Hube.dds'
[14:16:57][no_game_date][texturehandler.cpp:160]: Texture Handler encountered missing texture file: gfx/leaders/GER/Portrait_Germany_Erhard_Raus.dds
[14:16:57][no_game_date][texturehandler.cpp:216]: Couldn't find texture file: 'gfx/leaders/GER/Portrait_Germany_Erhard_Raus.dds'
[14:16:57][no_game_date][texturehandler.cpp:160]: Texture Handler encountered missing texture file: gfx/leaders/GER/Portrait_Germany_Adolf_Straus.dds
[14:16:57][no_game_date][texturehandler.cpp:216]: Couldn't find texture file: 'gfx/leaders/GER/Portrait_Germany_Adolf_Straus.dds'
[14:16:57][no_game_date][texturehandler.cpp:160]: Texture Handler encountered missing texture file: gfx/leaders/GER/Portrait_Germany_Eduard_Dietl.dds
[14:16:57][no_game_date][texturehandler.cpp:216]: Couldn't find texture file: 'gfx/leaders/GER/Portrait_Germany_Eduard_Dietl.dds'
[14:16:57][no_game_date][texturehandler.cpp:160]: Texture Handler encountered missing texture file: gfx/leaders/GER/Portrait_Germany_Artur_Martin_Phleps.dds
[14:16:57][no_game_date][texturehandler.cpp:216]: Couldn't find texture file: 'gfx/leaders/GER/Portrait_Germany_Artur_Martin_Phleps.dds'
[14:16:57][no_game_date][texturehandler.cpp:160]: Texture Handler encountered missing texture file: gfx/leaders/GER/Portrait_Germany_Alfred_Bernhard_Wernnenberg.dds
[14:16:57][no_game_date][texturehandler.cpp:216]: Couldn't find texture file: 'gfx/leaders/GER/Portrait_Germany_Alfred_Bernhard_Wernnenberg.dds'
[14:16:57][no_game_date][texturehandler.cpp:160]: Texture Handler encountered missing texture file: gfx/leaders/GER/Portrait_Germany_Helmuth_Weidling.dds
[14:16:57][no_game_date][texturehandler.cpp:216]: Couldn't find texture file: 'gfx/leaders/GER/Portrait_Germany_Helmuth_Weidling.dds'
[14:16:57][no_game_date][texturehandler.cpp:160]: Texture Handler encountered missing texture file: gfx/leaders/GER/Portrait_Germany_Walther_Nehring.dds
[14:16:57][no_game_date][texturehandler.cpp:216]: Couldn't find texture file: 'gfx/leaders/GER/Portrait_Germany_Walther_Nehring.dds'
[14:16:57][no_game_date][texturehandler.cpp:160]: Texture Handler encountered missing texture file: gfx/leaders/GER/Portrait_Germany_Walther_Lucht.dds
[14:16:57][no_game_date][texturehandler.cpp:216]: Couldn't find texture file: 'gfx/leaders/GER/Portrait_Germany_Walther_Lucht.dds'
[14:16:57][no_game_date][texturehandler.cpp:160]: Texture Handler encountered missing texture file: gfx/leaders/GER/Portrait_Germany_Curt_Haase.dds
[14:16:57][no_game_date][texturehandler.cpp:216]: Couldn't find texture file: 'gfx/leaders/GER/Portrait_Germany_Curt_Haase.dds'
[14:16:57][no_game_date][texturehandler.cpp:160]: Texture Handler encountered missing texture file: gfx/leaders/GER/Portrait_Germany_Hermann-Bernhard_Ramcke.dds
[14:16:57][no_game_date][texturehandler.cpp:216]: Couldn't find texture file: 'gfx/leaders/GER/Portrait_Germany_Hermann-Bernhard_Ramcke.dds'
[14:16:57][no_game_date][texturehandler.cpp:160]: Texture Handler encountered missing texture file: gfx/leaders/GER/Portrait_Germany_Ferdinand_Schorner.dds
[14:16:57][no_game_date][texturehandler.cpp:216]: Couldn't find texture file: 'gfx/leaders/GER/Portrait_Germany_Ferdinand_Schorner.dds'
[14:16:57][no_game_date][texturehandler.cpp:160]: Texture Handler encountered missing texture file: gfx/leaders/GER/Portrait_Germany_Franz_Bohme.dds
[14:16:57][no_game_date][texturehandler.cpp:216]: Couldn't find texture file: 'gfx/leaders/GER/Portrait_Germany_Franz_Bohme.dds'
[14:16:57][no_game_date][texturehandler.cpp:160]: Texture Handler encountered missing texture file: gfx/leaders/GER/Portrait_Germany_Walter_Wenck.dds
[14:16:57][no_game_date][texturehandler.cpp:216]: Couldn't find texture file: 'gfx/leaders/GER/Portrait_Germany_Walter_Wenck.dds'
[14:16:57][no_game_date][texturehandler.cpp:160]: Texture Handler encountered missing texture file: gfx/leaders/GER/Portrait_Germany_Georg_Otto_Hermann_Balck.dds
[14:16:57][no_game_date][texturehandler.cpp:216]: Couldn't find texture file: 'gfx/leaders/GER/Portrait_Germany_Georg_Otto_Hermann_Balck.dds'
[14:16:57][no_game_date][texturehandler.cpp:160]: Texture Handler encountered missing texture file: gfx/leaders/GER/Portrait_Germany_Johannes_Friessner.dds
[14:16:57][no_game_date][texturehandler.cpp:216]: Couldn't find texture file: 'gfx/leaders/GER/Portrait_Germany_Johannes_Friessner.dds'
[14:16:57][no_game_date][texturehandler.cpp:160]: Texture Handler encountered missing texture file: gfx/leaders/GER/Portrait_Germany_Ernst_Wilhelm_Bernhard_Busch.dds
[14:16:57][no_game_date][texturehandler.cpp:216]: Couldn't find texture file: 'gfx/leaders/GER/Portrait_Germany_Ernst_Wilhelm_Bernhard_Busch.dds'
[14:16:57][no_game_date][texturehandler.cpp:160]: Texture Handler encountered missing texture file: gfx/leaders/GER/Portrait_Germany_Georg_Lindemann.dds
[14:16:57][no_game_date][texturehandler.cpp:216]: Couldn't find texture file: 'gfx/leaders/GER/Portrait_Germany_Georg_Lindemann.dds'
[14:16:57][no_game_date][texturehandler.cpp:160]: Texture Handler encountered missing texture file: gfx/leaders/GER/Portrait_Germany_Erich_Straube.dds
[14:16:57][no_game_date][texturehandler.cpp:216]: Couldn't find texture file: 'gfx/leaders/GER/Portrait_Germany_Erich_Straube.dds'
[14:16:57][no_game_date][texturehandler.cpp:160]: Texture Handler encountered missing texture file: gfx/leaders/GER/Portrait_Germany_Theodor_Eicke.dds
[14:16:57][no_game_date][texturehandler.cpp:216]: Couldn't find texture file: 'gfx/leaders/GER/Portrait_Germany_Theodor_Eicke.dds'
[14:16:57][no_game_date][texturehandler.cpp:160]: Texture Handler encountered missing texture file: gfx/leaders/GER/Portrait_Germany_Hans_Georg_Otto_Hermann_Fegelein.dds
[14:16:57][no_game_date][texturehandler.cpp:216]: Couldn't find texture file: 'gfx/leaders/GER/Portrait_Germany_Hans_Georg_Otto_Hermann_Fegelein.dds'
[14:16:57][no_game_date][texturehandler.cpp:160]: Texture Handler encountered missing texture file: gfx/leaders/GER/Portrait_Germany_Kurt_Meyer.dds
[14:16:57][no_game_date][texturehandler.cpp:216]: Couldn't find texture file: 'gfx/leaders/GER/Portrait_Germany_Kurt_Meyer.dds'
[14:16:57][no_game_date][texturehandler.cpp:160]: Texture Handler encountered missing texture file: gfx/leaders/GER/Portrait_Germany_Herbert_Otto_Wilhelm_Hermann_Gille.dds
[14:16:57][no_game_date][texturehandler.cpp:216]: Couldn't find texture file: 'gfx/leaders/GER/Portrait_Germany_Herbert_Otto_Wilhelm_Hermann_Gille.dds'
[14:16:57][no_game_date][texturehandler.cpp:160]: Texture Handler encountered missing texture file: gfx/leaders/GER/Portrait_Germany_Rudolf_Lehmann.dds
[14:16:57][no_game_date][texturehandler.cpp:216]: Couldn't find texture file: 'gfx/leaders/GER/Portrait_Germany_Rudolf_Lehmann.dds'
[14:16:57][no_game_date][texturehandler.cpp:160]: Texture Handler encountered missing texture file: gfx/leaders/GER/Portrait_Germany_Hans-Jurgen_Theodor_von_Arnim.dds
[14:16:57][no_game_date][texturehandler.cpp:216]: Couldn't find texture file: 'gfx/leaders/GER/Portrait_Germany_Hans-Jurgen_Theodor_von_Arnim.dds'
[14:16:57][no_game_date][texturehandler.cpp:160]: Texture Handler encountered missing texture file: gfx/leaders/GER/Portrait_Germany_Fritz_Bayerlein.dds
[14:16:57][no_game_date][texturehandler.cpp:216]: Couldn't find texture file: 'gfx/leaders/GER/Portrait_Germany_Fritz_Bayerlein.dds'
[14:16:57][no_game_date][texturehandler.cpp:160]: Texture Handler encountered missing texture file: gfx/leaders/GER/Portrait_Germany_Hans_von_Funck.dds
[14:16:57][no_game_date][texturehandler.cpp:216]: Couldn't find texture file: 'gfx/leaders/GER/Portrait_Germany_Hans_von_Funck.dds'
[14:16:57][no_game_date][texturehandler.cpp:160]: Texture Handler encountered missing texture file: gfx/leaders/GER/Portrait_Germany_Kurt_Oskar_Wilhelm_von_Tippelskirch.dds
[14:16:57][no_game_date][texturehandler.cpp:216]: Couldn't find texture file: 'gfx/leaders/GER/Portrait_Germany_Kurt_Oskar_Wilhelm_von_Tippelskirch.dds'
[14:16:57][no_game_date][texturehandler.cpp:160]: Texture Handler encountered missing texture file: gfx/leaders/GER/Portrait_Germany_Erich_Buschenhagen.dds
[14:16:57][no_game_date][texturehandler.cpp:216]: Couldn't find texture file: 'gfx/leaders/GER/Portrait_Germany_Erich_Buschenhagen.dds'
[14:16:57][no_game_date][texturehandler.cpp:160]: Texture Handler encountered missing texture file: gfx/leaders/GER/Portrait_Germany_Hermann_Recknagel.dds
[14:16:57][no_game_date][texturehandler.cpp:216]: Couldn't find texture file: 'gfx/leaders/GER/Portrait_Germany_Hermann_Recknagel.dds'
[14:16:57][no_game_date][texturehandler.cpp:160]: Texture Handler encountered missing texture file: gfx/leaders/GER/Portrait_Germany_Hans_Eberhard_Kurt_von_Salmuth.dds
[14:16:57][no_game_date][texturehandler.cpp:216]: Couldn't find texture file: 'gfx/leaders/GER/Portrait_Germany_Hans_Eberhard_Kurt_von_Salmuth.dds'
[14:16:57][no_game_date][texturehandler.cpp:160]: Texture Handler encountered missing texture file: gfx/leaders/GER/Portrait_Germany_Erich_Fellgiebel.dds
[14:16:57][no_game_date][texturehandler.cpp:216]: Couldn't find texture file: 'gfx/leaders/GER/Portrait_Germany_Erich_Fellgiebel.dds'
[14:16:57][no_game_date][texturehandler.cpp:160]: Texture Handler encountered missing texture file: gfx/leaders/GER/Portrait_Germany_Hans_Krebs.dds
[14:16:57][no_game_date][texturehandler.cpp:216]: Couldn't find texture file: 'gfx/leaders/GER/Portrait_Germany_Hans_Krebs.dds'
[14:16:57][no_game_date][texturehandler.cpp:160]: Texture Handler encountered missing texture file: gfx/leaders/GER/Portrait_Germany_Reinhard_heydrich.dds
[14:16:57][no_game_date][texturehandler.cpp:216]: Couldn't find texture file: 'gfx/leaders/GER/Portrait_Germany_Reinhard_heydrich.dds'
[14:16:57][no_game_date][texturehandler.cpp:160]: Texture Handler encountered missing texture file: gfx/leaders/GER/Portrait_Germany_Karl_Friedrich_Otto_Wolff.dds
[14:16:57][no_game_date][texturehandler.cpp:216]: Couldn't find texture file: 'gfx/leaders/GER/Portrait_Germany_Karl_Friedrich_Otto_Wolff.dds'
[14:16:57][no_game_date][texturehandler.cpp:160]: Texture Handler encountered missing texture file: gfx/leaders/GER/Portrait_Germany_Werner_Kempf.dds
[14:16:57][no_game_date][texturehandler.cpp:216]: Couldn't find texture file: 'gfx/leaders/GER/Portrait_Germany_Werner_Kempf.dds'
[14:16:57][no_game_date][texturehandler.cpp:160]: Texture Handler encountered missing texture file: gfx/leaders/GER/Portrait_Germany_Carl_Hilpert.dds
[14:16:57][no_game_date][texturehandler.cpp:216]: Couldn't find texture file: 'gfx/leaders/GER/Portrait_Germany_Carl_Hilpert.dds'
[14:16:57][no_game_date][texturehandler.cpp:160]: Texture Handler encountered missing texture file: gfx/leaders/GER/Portrait_Germany_Kurt-Jurgen_Freiherr_von_Lutzow.dds
[14:16:57][no_game_date][texturehandler.cpp:216]: Couldn't find texture file: 'gfx/leaders/GER/Portrait_Germany_Kurt-Jurgen_Freiherr_von_Lutzow.dds'
[14:16:57][no_game_date][texturehandler.cpp:160]: Texture Handler encountered missing texture file: gfx/leaders/GER/Portrait_Germany_Otto_Woehler.dds
[14:16:57][no_game_date][texturehandler.cpp:216]: Couldn't find texture file: 'gfx/leaders/GER/Portrait_Germany_Otto_Woehler.dds'
[14:16:57][no_game_date][texturehandler.cpp:160]: Texture Handler encountered missing texture file: gfx/leaders/GER/Portrait_Germany_Theodor_Busse.dds
[14:16:57][no_game_date][texturehandler.cpp:216]: Couldn't find texture file: 'gfx/leaders/GER/Portrait_Germany_Theodor_Busse.dds'
[14:16:57][no_game_date][texturehandler.cpp:160]: Texture Handler encountered missing texture file: gfx/leaders/GER/Portrait_Germany_Wilhelm_Adam.dds
[14:16:57][no_game_date][texturehandler.cpp:216]: Couldn't find texture file: 'gfx/leaders/GER/Portrait_Germany_Wilhelm_Adam.dds'
[14:16:57][no_game_date][texturehandler.cpp:160]: Texture Handler encountered missing texture file: gfx/leaders/GER/Portrait_Germany_Kurt_von_Hammerstein-Equord.dds
[14:16:57][no_game_date][texturehandler.cpp:216]: Couldn't find texture file: 'gfx/leaders/GER/Portrait_Germany_Kurt_von_Hammerstein-Equord.dds'
[14:16:57][no_game_date][texturehandler.cpp:160]: Texture Handler encountered missing texture file: gfx/leaders/GER/Portrait_Germany_Dietrich_von_Saucken.dds
[14:16:57][no_game_date][texturehandler.cpp:216]: Couldn't find texture file: 'gfx/leaders/GER/Portrait_Germany_Dietrich_von_Saucken.dds'
[14:16:57][no_game_date][texturehandler.cpp:160]: Texture Handler encountered missing texture file: gfx/leaders/GER/Portrait_Germany_Lothar_Rendulic.dds
[14:16:57][no_game_date][texturehandler.cpp:216]: Couldn't find texture file: 'gfx/leaders/GER/Portrait_Germany_Lothar_Rendulic.dds'
[14:16:57][no_game_date][texturehandler.cpp:160]: Texture Handler encountered missing texture file: gfx/leaders/GER/Portrait_Germany_Karl_Jakob_Heinrich_Brenner.dds
[14:16:57][no_game_date][texturehandler.cpp:216]: Couldn't find texture file: 'gfx/leaders/GER/Portrait_Germany_Karl_Jakob_Heinrich_Brenner.dds'
[14:16:57][no_game_date][texturehandler.cpp:160]: Texture Handler encountered missing texture file: gfx/leaders/GER/Portrait_Germany_Otto_Kumm.dds
[14:16:57][no_game_date][texturehandler.cpp:216]: Couldn't find texture file: 'gfx/leaders/GER/Portrait_Germany_Otto_Kumm.dds'
[14:16:57][no_game_date][texturehandler.cpp:160]: Texture Handler encountered missing texture file: gfx/leaders/GER/Portrait_Germany_Werner_Ostendorff.dds
[14:16:57][no_game_date][texturehandler.cpp:216]: Couldn't find texture file: 'gfx/leaders/GER/Portrait_Germany_Werner_Ostendorff.dds'
[14:16:57][no_game_date][texturehandler.cpp:160]: Texture Handler encountered missing texture file: gfx/leaders/GER/Portrait_Germany_Karl_Maria_Demelhuber.dds
[14:16:57][no_game_date][texturehandler.cpp:216]: Couldn't find texture file: 'gfx/leaders/GER/Portrait_Germany_Karl_Maria_Demelhuber.dds'
[14:16:57][no_game_date][texturehandler.cpp:160]: Texture Handler encountered missing texture file: gfx/leaders/GER/Portrait_Germany_Theodor_Wisch.dds
[14:16:57][no_game_date][texturehandler.cpp:216]: Couldn't find texture file: 'gfx/leaders/GER/Portrait_Germany_Theodor_Wisch.dds'
[14:16:57][no_game_date][texturehandler.cpp:160]: Texture Handler encountered missing texture file: gfx/leaders/GER/Portrait_Germany_Gustav_Lombard.dds
[14:16:57][no_game_date][texturehandler.cpp:216]: Couldn't find texture file: 'gfx/leaders/GER/Portrait_Germany_Gustav_Lombard.dds'
[14:16:57][no_game_date][texturehandler.cpp:160]: Texture Handler encountered missing texture file: gfx/leaders/GER/Portrait_Germany_Heinz_Harmel.dds
[14:16:57][no_game_date][texturehandler.cpp:216]: Couldn't find texture file: 'gfx/leaders/GER/Portrait_Germany_Heinz_Harmel.dds'
[14:16:57][no_game_date][texturehandler.cpp:160]: Texture Handler encountered missing texture file: gfx/leaders/GER/Portrait_Germany_Hyazinth_von_Strachwitz.dds
[14:16:57][no_game_date][texturehandler.cpp:216]: Couldn't find texture file: 'gfx/leaders/GER/Portrait_Germany_Hyazinth_von_Strachwitz.dds'
[14:16:57][no_game_date][texturehandler.cpp:160]: Texture Handler encountered missing texture file: gfx/interface/ideas/GER/advisors/advisor_GER_hyazinth_von_strachwitz.dds
[14:16:57][no_game_date][texturehandler.cpp:216]: Couldn't find texture file: 'gfx/interface/ideas/GER/advisors/advisor_GER_hyazinth_von_strachwitz.dds'
[14:16:57][no_game_date][texturehandler.cpp:160]: Texture Handler encountered missing texture file: gfx/leaders/GER/Portrait_Germany_Wilhelm_Stemmermann.dds
[14:16:57][no_game_date][texturehandler.cpp:216]: Couldn't find texture file: 'gfx/leaders/GER/Portrait_Germany_Wilhelm_Stemmermann.dds'
[14:16:57][no_game_date][texturehandler.cpp:160]: Texture Handler encountered missing texture file: gfx/leaders/GER/Portrait_Germany_Wolfgang_von_Kluge.dds
[14:16:57][no_game_date][texturehandler.cpp:216]: Couldn't find texture file: 'gfx/leaders/GER/Portrait_Germany_Wolfgang_von_Kluge.dds'
[14:16:57][no_game_date][texturehandler.cpp:160]: Texture Handler encountered missing texture file: gfx/leaders/GER/Portrait_Germany_Wolf-Gunther_Trierenberg.dds
[14:16:57][no_game_date][texturehandler.cpp:216]: Couldn't find texture file: 'gfx/leaders/GER/Portrait_Germany_Wolf-Gunther_Trierenberg.dds'
[14:16:57][no_game_date][texturehandler.cpp:160]: Texture Handler encountered missing texture file: gfx/leaders/GER/Portrait_Germany_Curt_Liebmann.dds
[14:16:57][no_game_date][texturehandler.cpp:216]: Couldn't find texture file: 'gfx/leaders/GER/Portrait_Germany_Curt_Liebmann.dds'
[14:16:57][no_game_date][texturehandler.cpp:160]: Texture Handler encountered missing texture file: gfx/leaders/GER/Portrait_Germany_Johannes_Block.dds
[14:16:57][no_game_date][texturehandler.cpp:216]: Couldn't find texture file: 'gfx/leaders/GER/Portrait_Germany_Johannes_Block.dds'
[14:16:57][no_game_date][texturehandler.cpp:160]: Texture Handler encountered missing texture file: gfx/leaders/GER/Portrait_Germany_Gustav_Hoehne.dds
[14:16:57][no_game_date][texturehandler.cpp:216]: Couldn't find texture file: 'gfx/leaders/GER/Portrait_Germany_Gustav_Hoehne.dds'
[14:16:57][no_game_date][texturehandler.cpp:160]: Texture Handler encountered missing texture file: gfx/leaders/GER/Portrait_Germany_Hans_Jordan.dds
[14:16:57][no_game_date][texturehandler.cpp:216]: Couldn't find texture file: 'gfx/leaders/GER/Portrait_Germany_Hans_Jordan.dds'
[14:16:57][no_game_date][texturehandler.cpp:160]: Texture Handler encountered missing texture file: gfx/leaders/GER/Portrait_Germany_Walter-Otto_Weiss.dds
[14:16:57][no_game_date][texturehandler.cpp:216]: Couldn't find texture file: 'gfx/leaders/GER/Portrait_Germany_Walter-Otto_Weiss.dds'
[14:16:57][no_game_date][texturehandler.cpp:160]: Texture Handler encountered missing texture file: gfx/leaders/GER/Portrait_Germany_Hans_Gustav_Felber.dds
[14:16:57][no_game_date][texturehandler.cpp:216]: Couldn't find texture file: 'gfx/leaders/GER/Portrait_Germany_Hans_Gustav_Felber.dds'
[14:16:57][no_game_date][texturehandler.cpp:160]: Texture Handler encountered missing texture file: gfx/leaders/GER/Portrait_Germany_Walter_Heitz.dds
[14:16:57][no_game_date][texturehandler.cpp:216]: Couldn't find texture file: 'gfx/leaders/GER/Portrait_Germany_Walter_Heitz.dds'
[14:16:57][no_game_date][texturehandler.cpp:160]: Texture Handler encountered missing texture file: gfx/leaders/GER/Portrait_Germany_Friedrich_Eberhard_von_Mackensen.dds
[14:16:57][no_game_date][texturehandler.cpp:216]: Couldn't find texture file: 'gfx/leaders/GER/Portrait_Germany_Friedrich_Eberhard_von_Mackensen.dds'
[14:16:57][no_game_date][texturehandler.cpp:160]: Texture Handler encountered missing texture file: gfx/leaders/GER/Portrait_Germany_Friedrich_Kirchner.dds
[14:16:57][no_game_date][texturehandler.cpp:216]: Couldn't find texture file: 'gfx/leaders/GER/Portrait_Germany_Friedrich_Kirchner.dds'
[14:16:57][no_game_date][texturehandler.cpp:160]: Texture Handler encountered missing texture file: gfx/leaders/GER/Portrait_Germany_Willibald_von_Langermann_und_Erlencamp.dds
[14:16:57][no_game_date][texturehandler.cpp:216]: Couldn't find texture file: 'gfx/leaders/GER/Portrait_Germany_Willibald_von_Langermann_und_Erlencamp.dds'
[14:16:57][no_game_date][texturehandler.cpp:160]: Texture Handler encountered missing texture file: gfx/leaders/GER/Portrait_Germany_Joachim_Lemelsen.dds
[14:16:57][no_game_date][texturehandler.cpp:216]: Couldn't find texture file: 'gfx/leaders/GER/Portrait_Germany_Joachim_Lemelsen.dds'
[14:16:57][no_game_date][texturehandler.cpp:160]: Texture Handler encountered missing texture file: gfx/leaders/GER/Portrait_Germany_Adolf-Fiedrich_Kuntzen.dds
[14:16:57][no_game_date][texturehandler.cpp:216]: Couldn't find texture file: 'gfx/leaders/GER/Portrait_Germany_Adolf-Fiedrich_Kuntzen.dds'
[14:16:57][no_game_date][texturehandler.cpp:160]: Texture Handler encountered missing texture file: gfx/leaders/GER/Portrait_Germany_Rudolf_Veiel.dds
[14:16:57][no_game_date][texturehandler.cpp:216]: Couldn't find texture file: 'gfx/leaders/GER/Portrait_Germany_Rudolf_Veiel.dds'
[14:16:57][no_game_date][texturehandler.cpp:160]: Texture Handler encountered missing texture file: gfx/leaders/GER/Portrait_Germany_Hermann_Albert_Breith.dds
[14:16:57][no_game_date][texturehandler.cpp:216]: Couldn't find texture file: 'gfx/leaders/GER/Portrait_Germany_Hermann_Albert_Breith.dds'
[14:16:57][no_game_date][texturehandler.cpp:160]: Texture Handler encountered missing texture file: gfx/leaders/GER/Portrait_Germany_Hermann_Geyer.dds
[14:16:57][no_game_date][texturehandler.cpp:216]: Couldn't find texture file: 'gfx/leaders/GER/Portrait_Germany_Hermann_Geyer.dds'
[14:16:57][no_game_date][texturehandler.cpp:160]: Texture Handler encountered missing texture file: gfx/leaders/GER/Portrait_Germany_Walther_Schroth.dds
[14:16:57][no_game_date][texturehandler.cpp:216]: Couldn't find texture file: 'gfx/leaders/GER/Portrait_Germany_Walther_Schroth.dds'
[14:16:57][no_game_date][texturehandler.cpp:160]: Texture Handler encountered missing texture file: gfx/leaders/GER/Portrait_Germany_Eduard_von_Boehm-Ermolli.dds
[14:16:57][no_game_date][texturehandler.cpp:216]: Couldn't find texture file: 'gfx/leaders/GER/Portrait_Germany_Eduard_von_Boehm-Ermolli.dds'
[14:16:57][no_game_date][texturehandler.cpp:160]: Texture Handler encountered missing texture file: gfx/leaders/GER/Portrait_Germany_Werner_Freiherr_von_Fritsch.dds
[14:16:57][no_game_date][texturehandler.cpp:216]: Couldn't find texture file: 'gfx/leaders/GER/Portrait_Germany_Werner_Freiherr_von_Fritsch.dds'
[14:16:57][no_game_date][texturehandler.cpp:160]: Texture Handler encountered missing texture file: gfx/leaders/GER/Portrait_Germany_Werner_Eduard_Fritz_von_Blomberg.dds
[14:16:57][no_game_date][texturehandler.cpp:216]: Couldn't find texture file: 'gfx/leaders/GER/Portrait_Germany_Werner_Eduard_Fritz_von_Blomberg.dds'
[14:16:57][no_game_date][texturehandler.cpp:160]: Texture Handler encountered missing texture file: gfx/leaders/GER/Portrait_Germany_Friedrich_Fromm.dds
[14:16:57][no_game_date][texturehandler.cpp:216]: Couldn't find texture file: 'gfx/leaders/GER/Portrait_Germany_Friedrich_Fromm.dds'
[14:16:57][no_game_date][texturehandler.cpp:160]: Texture Handler encountered missing texture file: gfx/leaders/GER/Portrait_Germany_Oswald_Lutz.dds
[14:16:57][no_game_date][texturehandler.cpp:216]: Couldn't find texture file: 'gfx/leaders/GER/Portrait_Germany_Oswald_Lutz.dds'
[14:16:57][no_game_date][texturehandler.cpp:160]: Texture Handler encountered missing texture file: gfx/leaders/GER/Portrait_Germany_Richard_Ruoff.dds
[14:16:57][no_game_date][texturehandler.cpp:216]: Couldn't find texture file: 'gfx/leaders/GER/Portrait_Germany_Richard_Ruoff.dds'
[14:16:57][no_game_date][texturehandler.cpp:160]: Texture Handler encountered missing texture file: gfx/leaders/GER/Portrait_Germany_Walther_von_Seydlitz-Kurzbach.dds
[14:16:57][no_game_date][texturehandler.cpp:216]: Couldn't find texture file: 'gfx/leaders/GER/Portrait_Germany_Walther_von_Seydlitz-Kurzbach.dds'
[14:16:57][no_game_date][texturehandler.cpp:160]: Texture Handler encountered missing texture file: gfx/leaders/GER/Portrait_Germany_Friedrich-August_Schack.dds
[14:16:57][no_game_date][texturehandler.cpp:216]: Couldn't find texture file: 'gfx/leaders/GER/Portrait_Germany_Friedrich-August_Schack.dds'
[14:16:57][no_game_date][texturehandler.cpp:160]: Texture Handler encountered missing texture file: gfx/leaders/GER/Portrait_Germany_Hans-Wolfgang_Reinhard.dds
[14:16:57][no_game_date][texturehandler.cpp:216]: Couldn't find texture file: 'gfx/leaders/GER/Portrait_Germany_Hans-Wolfgang_Reinhard.dds'
[14:16:57][no_game_date][texturehandler.cpp:160]: Texture Handler encountered missing texture file: gfx/leaders/GER/Portrait_Germany_Friedrich-Karl_Cranz.dds
[14:16:57][no_game_date][texturehandler.cpp:216]: Couldn't find texture file: 'gfx/leaders/GER/Portrait_Germany_Friedrich-Karl_Cranz.dds'
[14:16:57][no_game_date][texturehandler.cpp:160]: Texture Handler encountered missing texture file: gfx/leaders/GER/Portrait_Germany_Ludwig_Cruwell.dds
[14:16:57][no_game_date][texturehandler.cpp:216]: Couldn't find texture file: 'gfx/leaders/GER/Portrait_Germany_Ludwig_Cruwell.dds'
[14:16:57][no_game_date][texturehandler.cpp:160]: Texture Handler encountered missing texture file: gfx/leaders/GER/Portrait_Germany_Friedrich_Gollwitzer.dds
[14:16:57][no_game_date][texturehandler.cpp:216]: Couldn't find texture file: 'gfx/leaders/GER/Portrait_Germany_Friedrich_Gollwitzer.dds'
[14:16:57][no_game_date][texturehandler.cpp:160]: Texture Handler encountered missing texture file: gfx/leaders/GER/Portrait_Germany_Rudolf_Kaempfe.dds
[14:16:57][no_game_date][texturehandler.cpp:216]: Couldn't find texture file: 'gfx/leaders/GER/Portrait_Germany_Rudolf_Kaempfe.dds'
[14:16:57][no_game_date][texturehandler.cpp:160]: Texture Handler encountered missing texture file: gfx/leaders/GER/Portrait_Germany_Curt_Ludwig_von_Gienanth.dds
[14:16:57][no_game_date][texturehandler.cpp:216]: Couldn't find texture file: 'gfx/leaders/GER/Portrait_Germany_Curt_Ludwig_von_Gienanth.dds'
[14:16:57][no_game_date][texturehandler.cpp:160]: Texture Handler encountered missing texture file: gfx/leaders/GER/Portrait_Germany_Rudolf_Karl_Peter_Georg_Konrad.dds
[14:16:57][no_game_date][texturehandler.cpp:216]: Couldn't find texture file: 'gfx/leaders/GER/Portrait_Germany_Rudolf_Karl_Peter_Georg_Konrad.dds'
[14:16:57][no_game_date][texturehandler.cpp:160]: Texture Handler encountered missing texture file: gfx/leaders/GER/Portrait_Germany_Anton_Grasser.dds
[14:16:57][no_game_date][texturehandler.cpp:216]: Couldn't find texture file: 'gfx/leaders/GER/Portrait_Germany_Anton_Grasser.dds'
[14:16:57][no_game_date][texturehandler.cpp:160]: Texture Handler encountered missing texture file: gfx/leaders/GER/Portrait_Germany_Friedrich_Mieth.dds
[14:16:57][no_game_date][texturehandler.cpp:216]: Couldn't find texture file: 'gfx/leaders/GER/Portrait_Germany_Friedrich_Mieth.dds'
[14:16:57][no_game_date][texturehandler.cpp:160]: Texture Handler encountered missing texture file: gfx/leaders/GER/Portrait_Germany_Walter_Graf_von_Brockdorff-Ahlefeldt.dds
[14:16:57][no_game_date][texturehandler.cpp:216]: Couldn't find texture file: 'gfx/leaders/GER/Portrait_Germany_Walter_Graf_von_Brockdorff-Ahlefeldt.dds'
[14:16:57][no_game_date][texturehandler.cpp:160]: Texture Handler encountered missing texture file: gfx/leaders/GER/Portrait_Germany_Karl_von_Tiedemann.dds
[14:16:57][no_game_date][texturehandler.cpp:216]: Couldn't find texture file: 'gfx/leaders/GER/Portrait_Germany_Karl_von_Tiedemann.dds'
[14:16:57][no_game_date][texturehandler.cpp:160]: Texture Handler encountered missing texture file: gfx/leaders/GER/Portrait_Germany_Walter_von_Unruh.dds
[14:16:57][no_game_date][texturehandler.cpp:216]: Couldn't find texture file: 'gfx/leaders/GER/Portrait_Germany_Walter_von_Unruh.dds'
[14:16:57][no_game_date][texturehandler.cpp:160]: Texture Handler encountered missing texture file: gfx/leaders/GER/Portrait_Germany_Wilhelm_Ulex.dds
[14:16:57][no_game_date][texturehandler.cpp:216]: Couldn't find texture file: 'gfx/leaders/GER/Portrait_Germany_Wilhelm_Ulex.dds'
[14:16:57][no_game_date][texturehandler.cpp:160]: Texture Handler encountered missing texture file: gfx/leaders/GER/Portrait_Germany_Lothar_Debes.dds
[14:16:57][no_game_date][texturehandler.cpp:216]: Couldn't find texture file: 'gfx/leaders/GER/Portrait_Germany_Lothar_Debes.dds'
[14:16:57][no_game_date][texturehandler.cpp:160]: Texture Handler encountered missing texture file: gfx/leaders/GER/Portrait_Germany_Johannes_Rudolf_Muhlenkamp.dds
[14:16:57][no_game_date][texturehandler.cpp:216]: Couldn't find texture file: 'gfx/leaders/GER/Portrait_Germany_Johannes_Rudolf_Muhlenkamp.dds'
[14:16:57][no_game_date][texturehandler.cpp:160]: Texture Handler encountered missing texture file: gfx/leaders/GER/Portrait_Germany_Herbert-Ernst_Vahl.dds
[14:16:57][no_game_date][texturehandler.cpp:216]: Couldn't find texture file: 'gfx/leaders/GER/Portrait_Germany_Herbert-Ernst_Vahl.dds'
[14:16:57][no_game_date][texturehandler.cpp:160]: Texture Handler encountered missing texture file: gfx/leaders/GER/Portrait_Germany_Max_Simon.dds
[14:16:57][no_game_date][texturehandler.cpp:216]: Couldn't find texture file: 'gfx/leaders/GER/Portrait_Germany_Max_Simon.dds'
[14:16:57][no_game_date][texturehandler.cpp:160]: Texture Handler encountered missing texture file: gfx/leaders/GER/Portrait_Germany_Richard_Jungclaus.dds
[14:16:57][no_game_date][texturehandler.cpp:216]: Couldn't find texture file: 'gfx/leaders/GER/Portrait_Germany_Richard_Jungclaus.dds'
[14:16:57][no_game_date][texturehandler.cpp:160]: Texture Handler encountered missing texture file: gfx/leaders/GER/Portrait_Germany_Fritz_Schmedes.dds
[14:16:57][no_game_date][texturehandler.cpp:216]: Couldn't find texture file: 'gfx/leaders/GER/Portrait_Germany_Fritz_Schmedes.dds'
[14:16:57][no_game_date][texturehandler.cpp:160]: Texture Handler encountered missing texture file: gfx/leaders/GER/Portrait_Germany_Otto_Baum.dds
[14:16:57][no_game_date][texturehandler.cpp:216]: Couldn't find texture file: 'gfx/leaders/GER/Portrait_Germany_Otto_Baum.dds'
[14:16:57][no_game_date][texturehandler.cpp:160]: Texture Handler encountered missing texture file: gfx/leaders/GER/Portrait_Germany_Fritz_Witt.dds
[14:16:57][no_game_date][texturehandler.cpp:216]: Couldn't find texture file: 'gfx/leaders/GER/Portrait_Germany_Fritz_Witt.dds'
[14:16:57][no_game_date][texturehandler.cpp:160]: Texture Handler encountered missing texture file: gfx/leaders/GER/Portrait_Germany_Jurgen_Wagner.dds
[14:16:57][no_game_date][texturehandler.cpp:216]: Couldn't find texture file: 'gfx/leaders/GER/Portrait_Germany_Jurgen_Wagner.dds'
[14:16:57][no_game_date][texturehandler.cpp:160]: Texture Handler encountered missing texture file: gfx/leaders/GER/Portrait_Germany_Matthias_Kleinheisterkamp.dds
[14:16:57][no_game_date][texturehandler.cpp:216]: Couldn't find texture file: 'gfx/leaders/GER/Portrait_Germany_Matthias_Kleinheisterkamp.dds'
[14:16:57][no_game_date][texturehandler.cpp:160]: Texture Handler encountered missing texture file: gfx/leaders/GER/Portrait_Germany_Karl_Kreutz.dds
[14:16:57][no_game_date][texturehandler.cpp:216]: Couldn't find texture file: 'gfx/leaders/GER/Portrait_Germany_Karl_Kreutz.dds'
[14:16:57][no_game_date][texturehandler.cpp:160]: Texture Handler encountered missing texture file: gfx/leaders/GER/Portrait_Germany_Sylvester_Stadler.dds
[14:16:57][no_game_date][texturehandler.cpp:216]: Couldn't find texture file: 'gfx/leaders/GER/Portrait_Germany_Sylvester_Stadler.dds'
[14:16:57][no_game_date][texturehandler.cpp:160]: Texture Handler encountered missing texture file: gfx/leaders/GER/Portrait_Germany_Joseph_Goebbels.dds
[14:16:57][no_game_date][texturehandler.cpp:216]: Couldn't find texture file: 'gfx/leaders/GER/Portrait_Germany_Joseph_Goebbels.dds'
[14:16:57][no_game_date][texturehandler.cpp:160]: Texture Handler encountered missing texture file: gfx/leaders/GER/Portrait_Germany_Martin_Bormann.dds
[14:16:57][no_game_date][texturehandler.cpp:216]: Couldn't find texture file: 'gfx/leaders/GER/Portrait_Germany_Martin_Bormann.dds'
[14:16:57][no_game_date][texturehandler.cpp:160]: Texture Handler encountered missing texture file: gfx/leaders/GER/Portrait_Germany_Wilhelm_Burgdorf.dds
[14:16:57][no_game_date][texturehandler.cpp:216]: Couldn't find texture file: 'gfx/leaders/GER/Portrait_Germany_Wilhelm_Burgdorf.dds'
[14:16:57][no_game_date][texturehandler.cpp:160]: Texture Handler encountered missing texture file: gfx/leaders/GER/Portrait_Germany_Eugen_Ott.dds
[14:16:57][no_game_date][texturehandler.cpp:216]: Couldn't find texture file: 'gfx/leaders/GER/Portrait_Germany_Eugen_Ott.dds'
[14:16:57][no_game_date][texturehandler.cpp:160]: Texture Handler encountered missing texture file: gfx/leaders/GER/Portrait_Germany_Curt_Siewert.dds
[14:16:57][no_game_date][texturehandler.cpp:216]: Couldn't find texture file: 'gfx/leaders/GER/Portrait_Germany_Curt_Siewert.dds'
[14:16:57][no_game_date][texturehandler.cpp:160]: Texture Handler encountered missing texture file: gfx/leaders/GER/Portrait_Germany_Walter_Denkert.dds
[14:16:57][no_game_date][texturehandler.cpp:216]: Couldn't find texture file: 'gfx/leaders/GER/Portrait_Germany_Walter_Denkert.dds'
[14:16:57][no_game_date][texturehandler.cpp:160]: Texture Handler encountered missing texture file: gfx/leaders/GER/Portrait_Germany_Georg_Stumme.dds
[14:16:57][no_game_date][texturehandler.cpp:216]: Couldn't find texture file: 'gfx/leaders/GER/Portrait_Germany_Georg_Stumme.dds'
[14:16:57][no_game_date][texturehandler.cpp:160]: Texture Handler encountered missing texture file: gfx/leaders/GER/Portrait_Germany_Karl_Allmendinger.dds
[14:16:57][no_game_date][texturehandler.cpp:216]: Couldn't find texture file: 'gfx/leaders/GER/Portrait_Germany_Karl_Allmendinger.dds'
[14:16:57][no_game_date][texturehandler.cpp:160]: Texture Handler encountered missing texture file: gfx/leaders/GER/Portrait_Germany_karl_von_Beeren.dds
[14:16:57][no_game_date][texturehandler.cpp:216]: Couldn't find texture file: 'gfx/leaders/GER/Portrait_Germany_karl_von_Beeren.dds'
[14:16:57][no_game_date][texturehandler.cpp:160]: Texture Handler encountered missing texture file: gfx/leaders/GER/Portrait_Germany_Edgar_Feuchtinger.dds
[14:16:57][no_game_date][texturehandler.cpp:216]: Couldn't find texture file: 'gfx/leaders/GER/Portrait_Germany_Edgar_Feuchtinger.dds'
[14:16:57][no_game_date][texturehandler.cpp:160]: Texture Handler encountered missing texture file: gfx/leaders/GER/Portrait_Germany_Gustav_Anton_von_Wietersheim.dds
[14:16:57][no_game_date][texturehandler.cpp:216]: Couldn't find texture file: 'gfx/leaders/GER/Portrait_Germany_Gustav_Anton_von_Wietersheim.dds'
[14:16:57][no_game_date][texturehandler.cpp:160]: Texture Handler encountered missing texture file: gfx/leaders/GER/Portrait_Germany_Helmuth_von_Pannwitz.dds
[14:16:57][no_game_date][texturehandler.cpp:216]: Couldn't find texture file: 'gfx/leaders/GER/Portrait_Germany_Helmuth_von_Pannwitz.dds'
[14:16:57][no_game_date][texturehandler.cpp:160]: Texture Handler encountered missing texture file: gfx/leaders/GER/Portrait_Germany_Friedrich_Wiese.dds
[14:16:57][no_game_date][texturehandler.cpp:216]: Couldn't find texture file: 'gfx/leaders/GER/Portrait_Germany_Friedrich_Wiese.dds'
[14:16:57][no_game_date][texturehandler.cpp:160]: Texture Handler encountered missing texture file: gfx/leaders/GER/Portrait_Germany_Walter_von_Reichenau.dds
[14:16:57][no_game_date][texturehandler.cpp:216]: Couldn't find texture file: 'gfx/leaders/GER/Portrait_Germany_Walter_von_Reichenau.dds'
[14:16:57][no_game_date][texturehandler.cpp:160]: Texture Handler encountered missing texture file: gfx/leaders/GER/Portrait_Germany_Erich_Brandenberger.dds
[14:16:57][no_game_date][texturehandler.cpp:216]: Couldn't find texture file: 'gfx/leaders/GER/Portrait_Germany_Erich_Brandenberger.dds'
[14:16:57][no_game_date][texturehandler.cpp:160]: Texture Handler encountered missing texture file: gfx/leaders/GER/Portrait_Germany_Heinrich_Gottfried_von_Vietinghoff.dds
[14:16:57][no_game_date][texturehandler.cpp:216]: Couldn't find texture file: 'gfx/leaders/GER/Portrait_Germany_Heinrich_Gottfried_von_Vietinghoff.dds'
[14:16:57][no_game_date][texturehandler.cpp:160]: Texture Handler encountered missing texture file: gfx/leaders/GER/Portrait_Germany_Hugo_Sperrle.dds
[14:16:57][no_game_date][texturehandler.cpp:216]: Couldn't find texture file: 'gfx/leaders/GER/Portrait_Germany_Hugo_Sperrle.dds'
[14:16:57][no_game_date][texturehandler.cpp:160]: Texture Handler encountered missing texture file: gfx/leaders/GER/Portrait_Germany_Hermann_Goring.dds
[14:16:57][no_game_date][texturehandler.cpp:216]: Couldn't find texture file: 'gfx/leaders/GER/Portrait_Germany_Hermann_Goring.dds'
[14:16:57][no_game_date][texturehandler.cpp:160]: Texture Handler encountered missing texture file: gfx/leaders/GER/Portrait_Germany_Hermann_Goring_army.dds
[14:16:57][no_game_date][texturehandler.cpp:216]: Couldn't find texture file: 'gfx/leaders/GER/Portrait_Germany_Hermann_Goring_army.dds'
[14:16:57][no_game_date][texturehandler.cpp:160]: Texture Handler encountered missing texture file: gfx/interface/ideas/idea_GER_hermann_goring.dds
[14:16:57][no_game_date][texturehandler.cpp:216]: Couldn't find texture file: 'gfx/interface/ideas/idea_GER_hermann_goring.dds'
[14:16:57][no_game_date][texturehandler.cpp:160]: Texture Handler encountered missing texture file: gfx/leaders/GER/Portrait_Germany_Kurt_Daluege.dds
[14:16:57][no_game_date][texturehandler.cpp:216]: Couldn't find texture file: 'gfx/leaders/GER/Portrait_Germany_Kurt_Daluege.dds'
[14:16:57][no_game_date][texturehandler.cpp:160]: Texture Handler encountered missing texture file: gfx/leaders/GER/Portrait_GER_Viktor_Lutze.dds
[14:16:57][no_game_date][texturehandler.cpp:216]: Couldn't find texture file: 'gfx/leaders/GER/Portrait_GER_Viktor_Lutze.dds'
[14:16:57][no_game_date][texturehandler.cpp:160]: Texture Handler encountered missing texture file: gfx/leaders/GER/Portrait_Germany_Wilhelm_Schepmann.dds
[14:16:57][no_game_date][texturehandler.cpp:216]: Couldn't find texture file: 'gfx/leaders/GER/Portrait_Germany_Wilhelm_Schepmann.dds'
[14:16:57][no_game_date][texturehandler.cpp:160]: Texture Handler encountered missing texture file: gfx/leaders/GER/Portrait_Germany_Adolf_Heusinger.dds
[14:16:57][no_game_date][texturehandler.cpp:216]: Couldn't find texture file: 'gfx/leaders/GER/Portrait_Germany_Adolf_Heusinger.dds'
[14:16:57][no_game_date][texturehandler.cpp:160]: Texture Handler encountered missing texture file: gfx/leaders/GER/Portrait_Germany_Ludwig_Beck.dds
[14:16:57][no_game_date][texturehandler.cpp:216]: Couldn't find texture file: 'gfx/leaders/GER/Portrait_Germany_Ludwig_Beck.dds'
[14:16:57][no_game_date][texturehandler.cpp:160]: Texture Handler encountered missing texture file: gfx/leaders/GER/Portrait_Germany_Wilhelm_Keitel.dds
[14:16:57][no_game_date][texturehandler.cpp:216]: Couldn't find texture file: 'gfx/leaders/GER/Portrait_Germany_Wilhelm_Keitel.dds'
[14:16:57][no_game_date][texturehandler.cpp:160]: Texture Handler encountered missing texture file: gfx/leaders/GER/Portrait_Germany_Albert_Speer.dds
[14:16:57][no_game_date][texturehandler.cpp:216]: Couldn't find texture file: 'gfx/leaders/GER/Portrait_Germany_Albert_Speer.dds'
[14:16:57][no_game_date][texturehandler.cpp:160]: Texture Handler encountered missing texture file: gfx/leaders/GER/Portrait_Germany_Rudolf_Hess.dds
[14:16:57][no_game_date][texturehandler.cpp:216]: Couldn't find texture file: 'gfx/leaders/GER/Portrait_Germany_Rudolf_Hess.dds'
[14:16:57][no_game_date][texturehandler.cpp:160]: Texture Handler encountered missing texture file: gfx/leaders/GER/Portrait_Germany_Kurt_Schumacher.dds
[14:16:57][no_game_date][texturehandler.cpp:216]: Couldn't find texture file: 'gfx/leaders/GER/Portrait_Germany_Kurt_Schumacher.dds'
[14:16:57][no_game_date][texturehandler.cpp:160]: Texture Handler encountered missing texture file: gfx/leaders/GER/Portrait_Germany_Alfred_Rosenberg.dds
[14:16:57][no_game_date][texturehandler.cpp:216]: Couldn't find texture file: 'gfx/leaders/GER/Portrait_Germany_Alfred_Rosenberg.dds'
[14:16:57][no_game_date][texturehandler.cpp:160]: Texture Handler encountered missing texture file: gfx/leaders/GER/NV/Albert_Speer.dds
[14:16:57][no_game_date][texturehandler.cpp:216]: Couldn't find texture file: 'gfx/leaders/GER/NV/Albert_Speer.dds'
[14:16:57][no_game_date][texturehandler.cpp:160]: Texture Handler encountered missing texture file: gfx/leaders/GER/NV/Hermann_Goering.dds
[14:16:57][no_game_date][texturehandler.cpp:216]: Couldn't find texture file: 'gfx/leaders/GER/NV/Hermann_Goering.dds'
[14:16:57][no_game_date][texturehandler.cpp:160]: Texture Handler encountered missing texture file: gfx/leaders/GER/Portrait_Germany_Otto_Strasser.dds
[14:16:57][no_game_date][texturehandler.cpp:216]: Couldn't find texture file: 'gfx/leaders/GER/Portrait_Germany_Otto_Strasser.dds'
[14:16:57][no_game_date][texturehandler.cpp:160]: Texture Handler encountered missing texture file: gfx/leaders/GER/CW/Otto_Remer.dds
[14:16:57][no_game_date][texturehandler.cpp:216]: Couldn't find texture file: 'gfx/leaders/GER/CW/Otto_Remer.dds'
[14:16:57][no_game_date][texturehandler.cpp:160]: Texture Handler encountered missing texture file: gfx/leaders/GER/CW/Max_Reimann.dds
[14:16:57][no_game_date][texturehandler.cpp:216]: Couldn't find texture file: 'gfx/leaders/GER/CW/Max_Reimann.dds'
[14:16:57][no_game_date][texturehandler.cpp:160]: Texture Handler encountered missing texture file: gfx/leaders/GER/CW/Max_Pemsel.dds
[14:16:57][no_game_date][texturehandler.cpp:216]: Couldn't find texture file: 'gfx/leaders/GER/CW/Max_Pemsel.dds'
[14:16:57][no_game_date][texturehandler.cpp:160]: Texture Handler encountered missing texture file: gfx/leaders/GER/CW/Hans_Speidel.dds
[14:16:57][no_game_date][texturehandler.cpp:216]: Couldn't find texture file: 'gfx/leaders/GER/CW/Hans_Speidel.dds'
[14:16:57][no_game_date][texturehandler.cpp:160]: Texture Handler encountered missing texture file: gfx/leaders/GER/CW/Johann_von_Kielmansegg.dds
[14:16:57][no_game_date][texturehandler.cpp:216]: Couldn't find texture file: 'gfx/leaders/GER/CW/Johann_von_Kielmansegg.dds'
[14:16:57][no_game_date][texturehandler.cpp:160]: Texture Handler encountered missing texture file: gfx/leaders/GER/CW/Friedrich_Foertsch.dds
[14:16:57][no_game_date][texturehandler.cpp:216]: Couldn't find texture file: 'gfx/leaders/GER/CW/Friedrich_Foertsch.dds'
[14:16:57][no_game_date][texturehandler.cpp:160]: Texture Handler encountered missing texture file: gfx/leaders/GER/CW/Hans-Werner_Wiermann.dds
[14:16:57][no_game_date][texturehandler.cpp:216]: Couldn't find texture file: 'gfx/leaders/GER/CW/Hans-Werner_Wiermann.dds'
[14:16:57][no_game_date][texturehandler.cpp:160]: Texture Handler encountered missing texture file: gfx/leaders/GER/CW/Heinrich_Trettner.dds
[14:16:57][no_game_date][texturehandler.cpp:216]: Couldn't find texture file: 'gfx/leaders/GER/CW/Heinrich_Trettner.dds'
[14:16:57][no_game_date][texturehandler.cpp:160]: Texture Handler encountered missing texture file: gfx/leaders/GER/CW/Klaus_Naumann.dds
[14:16:57][no_game_date][texturehandler.cpp:216]: Couldn't find texture file: 'gfx/leaders/GER/CW/Klaus_Naumann.dds'
[14:16:57][no_game_date][texturehandler.cpp:160]: Texture Handler encountered missing texture file: gfx/leaders/GER/CW/Rainer_Glatz.dds
[14:16:57][no_game_date][texturehandler.cpp:216]: Couldn't find texture file: 'gfx/leaders/GER/CW/Rainer_Glatz.dds'
[14:16:57][no_game_date][texturehandler.cpp:160]: Texture Handler encountered missing texture file: gfx/leaders/GER/CW/Ulrich_de_Maiziere.dds
[14:16:57][no_game_date][texturehandler.cpp:216]: Couldn't find texture file: 'gfx/leaders/GER/CW/Ulrich_de_Maiziere.dds'
[14:16:57][no_game_date][texturehandler.cpp:160]: Texture Handler encountered missing texture file: gfx/leaders/GER/CW/Volker_Wieker.dds
[14:16:57][no_game_date][texturehandler.cpp:216]: Couldn't find texture file: 'gfx/leaders/GER/CW/Volker_Wieker.dds'
[14:16:57][no_game_date][texturehandler.cpp:160]: Texture Handler encountered missing texture file: gfx/leaders/GER/CW/Wolfgang_Altenburg.dds
[14:16:57][no_game_date][texturehandler.cpp:216]: Couldn't find texture file: 'gfx/leaders/GER/CW/Wolfgang_Altenburg.dds'
[14:16:57][no_game_date][texturehandler.cpp:160]: Texture Handler encountered missing texture file: gfx/leaders/GER/CW/Wolfgang_Schneiderhan.dds
[14:16:57][no_game_date][texturehandler.cpp:216]: Couldn't find texture file: 'gfx/leaders/GER/CW/Wolfgang_Schneiderhan.dds'
[14:16:57][no_game_date][texturehandler.cpp:160]: Texture Handler encountered missing texture file: gfx/leaders/GER/CW/Armin_Zimmermann.dds
[14:16:57][no_game_date][texturehandler.cpp:216]: Couldn't find texture file: 'gfx/leaders/GER/CW/Armin_Zimmermann.dds'
[14:16:57][no_game_date][texturehandler.cpp:160]: Texture Handler encountered missing texture file: gfx/leaders/GER/CW/Dieter_Wellershoff.dds
[14:16:57][no_game_date][texturehandler.cpp:216]: Couldn't find texture file: 'gfx/leaders/GER/CW/Dieter_Wellershoff.dds'
[14:16:57][no_game_date][texturehandler.cpp:160]: Texture Handler encountered missing texture file: gfx/leaders/GER/CW/FRG-Willy_Brandt.dds
[14:16:57][no_game_date][texturehandler.cpp:216]: Couldn't find texture file: 'gfx/leaders/GER/CW/FRG-Willy_Brandt.dds'
[14:16:57][no_game_date][texturehandler.cpp:160]: Texture Handler encountered missing texture file: gfx/leaders/GER/CW/Germany_Michael_Kühnen_Neo_Nazism_1970.dds
[14:16:57][no_game_date][texturehandler.cpp:216]: Couldn't find texture file: 'gfx/leaders/GER/CW/Germany_Michael_Kühnen_Neo_Nazism_1970.dds'
[14:16:57][no_game_date][texturehandler.cpp:160]: Texture Handler encountered missing texture file: gfx/leaders/GER/CW/Portrait_Germany_Louis_Ferdinand.dds
[14:16:57][no_game_date][texturehandler.cpp:216]: Couldn't find texture file: 'gfx/leaders/GER/CW/Portrait_Germany_Louis_Ferdinand.dds'
[14:16:57][no_game_date][texturehandler.cpp:160]: Texture Handler encountered missing texture file: gfx/leaders/GER/CW/WestGermany_HelmutSchmidt.dds
[14:16:57][no_game_date][texturehandler.cpp:216]: Couldn't find texture file: 'gfx/leaders/GER/CW/WestGermany_HelmutSchmidt.dds'
[14:16:57][no_game_date][texturehandler.cpp:160]: Texture Handler encountered missing texture file: gfx/leaders/GER/MD/Germany-Angela_Merkel.dds
[14:16:57][no_game_date][texturehandler.cpp:216]: Couldn't find texture file: 'gfx/leaders/GER/MD/Germany-Angela_Merkel.dds'
[14:16:57][no_game_date][texturehandler.cpp:160]: Texture Handler encountered missing texture file: gfx/leaders/GER/MD/Germany_Gerhard_Schröder.dds
[14:16:57][no_game_date][texturehandler.cpp:216]: Couldn't find texture file: 'gfx/leaders/GER/MD/Germany_Gerhard_Schröder.dds'
[14:16:57][no_game_date][texturehandler.cpp:160]: Texture Handler encountered missing texture file: gfx/leaders/GER/MD/Germany_Georg_Friedrich_I_Despotism_2000.dds
[14:16:57][no_game_date][texturehandler.cpp:216]: Couldn't find texture file: 'gfx/leaders/GER/MD/Germany_Georg_Friedrich_I_Despotism_2000.dds'
[14:16:57][no_game_date][texturehandler.cpp:160]: Texture Handler encountered missing texture file: gfx/leaders/GER/MD/Germany_Klaus_Armstroff_Neo_Nazism.dds
[14:16:57][no_game_date][texturehandler.cpp:216]: Couldn't find texture file: 'gfx/leaders/GER/MD/Germany_Klaus_Armstroff_Neo_Nazism.dds'
[14:16:57][no_game_date][texturehandler.cpp:160]: Texture Handler encountered missing texture file: gfx/leaders/GER/MD/Germany_Patrik_Köbele_Marxism_2000.dds
[14:16:57][no_game_date][texturehandler.cpp:216]: Couldn't find texture file: 'gfx/leaders/GER/MD/Germany_Patrik_Köbele_Marxism_2000.dds'
[14:16:57][no_game_date][texturehandler.cpp:160]: Texture Handler encountered missing texture file: gfx/leaders/GER/MD/Germany_Pierre_Vogel_Islamic_Authoritarian_2000.dds
[14:16:57][no_game_date][texturehandler.cpp:216]: Couldn't find texture file: 'gfx/leaders/GER/MD/Germany_Pierre_Vogel_Islamic_Authoritarian_2000.dds'
[14:16:57][no_game_date][texturehandler.cpp:160]: Texture Handler encountered missing texture file: gfx/leaders/GER/MD/Hans_Peter_von_Kirchbach.dds
[14:16:57][no_game_date][texturehandler.cpp:216]: Couldn't find texture file: 'gfx/leaders/GER/MD/Hans_Peter_von_Kirchbach.dds'
[14:16:57][no_game_date][texturehandler.cpp:160]: Texture Handler encountered missing texture file: gfx/leaders/GER/MD/Bruno_Kasdorf.dds
[14:16:57][no_game_date][texturehandler.cpp:216]: Couldn't find texture file: 'gfx/leaders/GER/MD/Bruno_Kasdorf.dds'
[14:16:57][no_game_date][texturehandler.cpp:160]: Texture Handler encountered missing texture file: gfx/leaders/GER/MD/Joerg_Vollmer.dds
[14:16:57][no_game_date][texturehandler.cpp:216]: Couldn't find texture file: 'gfx/leaders/GER/MD/Joerg_Vollmer.dds'
[14:16:57][no_game_date][texturehandler.cpp:160]: Texture Handler encountered missing texture file: gfx/leaders/GER/MD/Martin_Schelleis.dds
[14:16:57][no_game_date][texturehandler.cpp:216]: Couldn't find texture file: 'gfx/leaders/GER/MD/Martin_Schelleis.dds'
[14:16:57][no_game_date][texturehandler.cpp:160]: Texture Handler encountered missing texture file: gfx/leaders/GER/MD/Richard_Rossmanith.dds
[14:16:57][no_game_date][texturehandler.cpp:216]: Couldn't find texture file: 'gfx/leaders/GER/MD/Richard_Rossmanith.dds'
[14:16:57][no_game_date][texturehandler.cpp:160]: Texture Handler encountered missing texture file: gfx/leaders/GER/MD/Hans_Ehrich_Antoni.dds
[14:16:57][no_game_date][texturehandler.cpp:216]: Couldn't find texture file: 'gfx/leaders/GER/MD/Hans_Ehrich_Antoni.dds'
[14:16:57][no_game_date][texturehandler.cpp:160]: Texture Handler encountered missing texture file: gfx/leaders/GER/MD/Joachim_Wundrak.dds
[14:16:57][no_game_date][texturehandler.cpp:216]: Couldn't find texture file: 'gfx/leaders/GER/MD/Joachim_Wundrak.dds'
[14:16:57][no_game_date][texturehandler.cpp:160]: Texture Handler encountered missing texture file: gfx/leaders/GER/MD/Peter_Bohrer.dds
[14:16:57][no_game_date][texturehandler.cpp:216]: Couldn't find texture file: 'gfx/leaders/GER/MD/Peter_Bohrer.dds'
[14:16:57][no_game_date][texturehandler.cpp:160]: Texture Handler encountered missing texture file: gfx/leaders/GER/MD/Helmut_Schuetz.dds
[14:16:57][no_game_date][texturehandler.cpp:216]: Couldn't find texture file: 'gfx/leaders/GER/MD/Helmut_Schuetz.dds'
[14:16:57][no_game_date][texturehandler.cpp:160]: Texture Handler encountered missing texture file: gfx/leaders/GER/MD/Eberhard_Zorn.dds
[14:16:57][no_game_date][texturehandler.cpp:216]: Couldn't find texture file: 'gfx/leaders/GER/MD/Eberhard_Zorn.dds'
[14:16:57][no_game_date][texturehandler.cpp:160]: Texture Handler encountered missing texture file: gfx/leaders/GER/MD/Ansgar_Rieks.dds
[14:16:57][no_game_date][texturehandler.cpp:216]: Couldn't find texture file: 'gfx/leaders/GER/MD/Ansgar_Rieks.dds'
[14:16:57][no_game_date][texturehandler.cpp:160]: Texture Handler encountered missing texture file: gfx/leaders/GER/MD/Dieter_Warnecke.dds
[14:16:57][no_game_date][texturehandler.cpp:216]: Couldn't find texture file: 'gfx/leaders/GER/MD/Dieter_Warnecke.dds'
[14:16:57][no_game_date][texturehandler.cpp:160]: Texture Handler encountered missing texture file: gfx/leaders/GER/MD/Josef_Blotz.dds
[14:16:57][no_game_date][texturehandler.cpp:216]: Couldn't find texture file: 'gfx/leaders/GER/MD/Josef_Blotz.dds'
[14:16:57][no_game_date][texturehandler.cpp:160]: Texture Handler encountered missing texture file: gfx/leaders/GER/MD/Dieter_Naskrent.dds
[14:16:57][no_game_date][texturehandler.cpp:216]: Couldn't find texture file: 'gfx/leaders/GER/MD/Dieter_Naskrent.dds'
[14:16:57][no_game_date][texturehandler.cpp:160]: Texture Handler encountered missing texture file: gfx/leaders/GER/MD/Karl_Muellner.dds
[14:16:57][no_game_date][texturehandler.cpp:216]: Couldn't find texture file: 'gfx/leaders/GER/MD/Karl_Muellner.dds'
[14:16:57][no_game_date][texturehandler.cpp:160]: Texture Handler encountered missing texture file: gfx/leaders/GER/MD/Klaus_Reinhardt.dds
[14:16:57][no_game_date][texturehandler.cpp:216]: Couldn't find texture file: 'gfx/leaders/GER/MD/Klaus_Reinhardt.dds'
[14:16:57][no_game_date][texturehandler.cpp:160]: Texture Handler encountered missing texture file: gfx/leaders/GER/MD/Karl_Heinz_Lather.dds
[14:16:57][no_game_date][texturehandler.cpp:216]: Couldn't find texture file: 'gfx/leaders/GER/MD/Karl_Heinz_Lather.dds'
[14:16:57][no_game_date][texturehandler.cpp:160]: Texture Handler encountered missing texture file: gfx/leaders/GER/MD/Joachim_Spiering.dds
[14:16:57][no_game_date][texturehandler.cpp:216]: Couldn't find texture file: 'gfx/leaders/GER/MD/Joachim_Spiering.dds'
[14:16:57][no_game_date][texturehandler.cpp:160]: Texture Handler encountered missing texture file: gfx/leaders/GER/MD/Rainer_Schuwirth.dds
[14:16:57][no_game_date][texturehandler.cpp:216]: Couldn't find texture file: 'gfx/leaders/GER/MD/Rainer_Schuwirth.dds'
[14:16:57][no_game_date][texturehandler.cpp:160]: Texture Handler encountered missing texture file: gfx/leaders/GER/MD/Dieter_Stockmann.dds
[14:16:57][no_game_date][texturehandler.cpp:216]: Couldn't find texture file: 'gfx/leaders/GER/MD/Dieter_Stockmann.dds'
[14:16:57][no_game_date][texturehandler.cpp:160]: Texture Handler encountered missing texture file: gfx/leaders/GER/MD/Hans_Lothar_Domrose.dds
[14:16:57][no_game_date][texturehandler.cpp:216]: Couldn't find texture file: 'gfx/leaders/GER/MD/Hans_Lothar_Domrose.dds'
[14:16:57][no_game_date][texturehandler.cpp:160]: Texture Handler encountered missing texture file: gfx/leaders/GER/MD/Werner_Freers.dds
[14:16:57][no_game_date][texturehandler.cpp:216]: Couldn't find texture file: 'gfx/leaders/GER/MD/Werner_Freers.dds'
[14:16:57][no_game_date][texturehandler.cpp:160]: Texture Handler encountered missing texture file: gfx/leaders/GER/MD/Egon_Ramms.dds
[14:16:57][no_game_date][texturehandler.cpp:216]: Couldn't find texture file: 'gfx/leaders/GER/MD/Egon_Ramms.dds'
[14:16:57][no_game_date][texturehandler.cpp:160]: Texture Handler encountered missing texture file: gfx/leaders/GER/MD/Wolf_Dieter_Langheld.dds
[14:16:57][no_game_date][texturehandler.cpp:216]: Couldn't find texture file: 'gfx/leaders/GER/MD/Wolf_Dieter_Langheld.dds'
[14:16:57][no_game_date][texturehandler.cpp:160]: Texture Handler encountered missing texture file: gfx/leaders/GER/MD/Ludwig_Leinhos.dds
[14:16:57][no_game_date][texturehandler.cpp:216]: Couldn't find texture file: 'gfx/leaders/GER/MD/Ludwig_Leinhos.dds'
[14:16:57][no_game_date][texturehandler.cpp:160]: Texture Handler encountered missing texture file: gfx/leaders/GER/MD/Franz_Xaver_Pfrengle.dds
[14:16:57][no_game_date][texturehandler.cpp:216]: Couldn't find texture file: 'gfx/leaders/GER/MD/Franz_Xaver_Pfrengle.dds'
[14:16:57][no_game_date][texturehandler.cpp:160]: Texture Handler encountered missing texture file: gfx/leaders/GER/MD/Stephan_Thomas.dds
[14:16:57][no_game_date][texturehandler.cpp:216]: Couldn't find texture file: 'gfx/leaders/GER/MD/Stephan_Thomas.dds'
[14:16:57][no_game_date][texturehandler.cpp:160]: Texture Handler encountered missing texture file: gfx/leaders/GER/MD/Walter_Huhn.dds
[14:16:57][no_game_date][texturehandler.cpp:216]: Couldn't find texture file: 'gfx/leaders/GER/MD/Walter_Huhn.dds'
[14:16:57][no_game_date][texturehandler.cpp:160]: Texture Handler encountered missing texture file: gfx/leaders/GER/MD/Gert_Gawellek.dds
[14:16:57][no_game_date][texturehandler.cpp:216]: Couldn't find texture file: 'gfx/leaders/GER/MD/Gert_Gawellek.dds'
[14:16:57][no_game_date][texturehandler.cpp:160]: Texture Handler encountered missing texture file: gfx/leaders/GER/MD/Carsten_Jahnel.dds
[14:16:57][no_game_date][texturehandler.cpp:216]: Couldn't find texture file: 'gfx/leaders/GER/MD/Carsten_Jahnel.dds'
[14:16:57][no_game_date][texturehandler.cpp:160]: Texture Handler encountered missing texture file: gfx/leaders/GER/MD/Volker_Thomas.dds
[14:16:57][no_game_date][texturehandler.cpp:216]: Couldn't find texture file: 'gfx/leaders/GER/MD/Volker_Thomas.dds'
[14:16:57][no_game_date][texturehandler.cpp:160]: Texture Handler encountered missing texture file: gfx/leaders/GER/MD/Christof_Munzlinger.dds
[14:16:57][no_game_date][texturehandler.cpp:216]: Couldn't find texture file: 'gfx/leaders/GER/MD/Christof_Munzlinger.dds'
[14:16:57][no_game_date][texturehandler.cpp:160]: Texture Handler encountered missing texture file: gfx/leaders/GER/MD/Bernd_Schuett.dds
[14:16:57][no_game_date][texturehandler.cpp:216]: Couldn't find texture file: 'gfx/leaders/GER/MD/Bernd_Schuett.dds'
[14:16:57][no_game_date][texturehandler.cpp:160]: Texture Handler encountered missing texture file: gfx/leaders/GER/MD/Juergen_Weigt.dds
[14:16:57][no_game_date][texturehandler.cpp:216]: Couldn't find texture file: 'gfx/leaders/GER/MD/Juergen_Weigt.dds'
[14:16:57][no_game_date][texturehandler.cpp:160]: Texture Handler encountered missing texture file: gfx/leaders/GER/MD/Dirk_Backen.dds
[14:16:57][no_game_date][texturehandler.cpp:216]: Couldn't find texture file: 'gfx/leaders/GER/MD/Dirk_Backen.dds'
[14:16:57][no_game_date][texturehandler.cpp:160]: Texture Handler encountered missing texture file: gfx/leaders/GER/MD/Andreas_Marlow.dds
[14:16:57][no_game_date][texturehandler.cpp:216]: Couldn't find texture file: 'gfx/leaders/GER/MD/Andreas_Marlow.dds'
[14:16:57][no_game_date][texturehandler.cpp:160]: Texture Handler encountered missing texture file: gfx/leaders/GER/MD/Juergen_Setzer.dds
[14:16:57][no_game_date][texturehandler.cpp:216]: Couldn't find texture file: 'gfx/leaders/GER/MD/Juergen_Setzer.dds'
[14:16:57][no_game_date][texturehandler.cpp:160]: Texture Handler encountered missing texture file: gfx/leaders/GER/MD/Thorsten_Poschwatta.dds
[14:16:57][no_game_date][texturehandler.cpp:216]: Couldn't find texture file: 'gfx/leaders/GER/MD/Thorsten_Poschwatta.dds'
[14:16:57][no_game_date][texturehandler.cpp:160]: Texture Handler encountered missing texture file: gfx/leaders/GER/MD/Udo_Schnittker.dds
[14:16:57][no_game_date][texturehandler.cpp:216]: Couldn't find texture file: 'gfx/leaders/GER/MD/Udo_Schnittker.dds'
[14:16:57][no_game_date][texturehandler.cpp:160]: Texture Handler encountered missing texture file: gfx/leaders/GER/MD/Alexander_Sollfrank.dds
[14:16:57][no_game_date][texturehandler.cpp:216]: Couldn't find texture file: 'gfx/leaders/GER/MD/Alexander_Sollfrank.dds'
[14:16:57][no_game_date][texturehandler.cpp:160]: Texture Handler encountered missing texture file: gfx/leaders/GER/MD/Dirk_Faust.dds
[14:16:57][no_game_date][texturehandler.cpp:216]: Couldn't find texture file: 'gfx/leaders/GER/MD/Dirk_Faust.dds'
[14:16:57][no_game_date][texturehandler.cpp:160]: Texture Handler encountered missing texture file: gfx/leaders/GER/MD/Markus_Laubenthal.dds
[14:16:57][no_game_date][texturehandler.cpp:216]: Couldn't find texture file: 'gfx/leaders/GER/MD/Markus_Laubenthal.dds'
[14:16:57][no_game_date][texturehandler.cpp:160]: Texture Handler encountered missing texture file: gfx/leaders/GER/MD/Ruprecht_von_Butler.dds
[14:16:57][no_game_date][texturehandler.cpp:216]: Couldn't find texture file: 'gfx/leaders/GER/MD/Ruprecht_von_Butler.dds'
[14:16:57][no_game_date][texturehandler.cpp:160]: Texture Handler encountered missing texture file: gfx/leaders/GER/MD/Heico_Huebner.dds
[14:16:57][no_game_date][texturehandler.cpp:216]: Couldn't find texture file: 'gfx/leaders/GER/MD/Heico_Huebner.dds'
[14:16:57][no_game_date][texturehandler.cpp:160]: Texture Handler encountered missing texture file: gfx/leaders/GER/MD/Frank_Leidenberger.dds
[14:16:57][no_game_date][texturehandler.cpp:216]: Couldn't find texture file: 'gfx/leaders/GER/MD/Frank_Leidenberger.dds'
[14:16:57][no_game_date][texturehandler.cpp:160]: Texture Handler encountered missing texture file: gfx/leaders/GER/MD/Gert_Hagemann.dds
[14:16:57][no_game_date][texturehandler.cpp:216]: Couldn't find texture file: 'gfx/leaders/GER/MD/Gert_Hagemann.dds'
[14:16:57][no_game_date][texturehandler.cpp:160]: Texture Handler encountered missing texture file: gfx/leaders/GER/MD/Walter_Spindler.dds
[14:16:57][no_game_date][texturehandler.cpp:216]: Couldn't find texture file: 'gfx/leaders/GER/MD/Walter_Spindler.dds'
[14:16:57][no_game_date][texturehandler.cpp:160]: Texture Handler encountered missing texture file: gfx/leaders/GER/MD/Manfred_Hofmann.dds
[14:16:57][no_game_date][texturehandler.cpp:216]: Couldn't find texture file: 'gfx/leaders/GER/MD/Manfred_Hofmann.dds'
[14:16:57][no_game_date][texturehandler.cpp:160]: Texture Handler encountered missing texture file: gfx/leaders/GER/MD/Dag_Baehr.dds
[14:16:57][no_game_date][texturehandler.cpp:216]: Couldn't find texture file: 'gfx/leaders/GER/MD/Dag_Baehr.dds'
[14:16:57][no_game_date][texturehandler.cpp:160]: Texture Handler encountered missing texture file: gfx/leaders/GER/MD/Carsten_Jacobson.dds
[14:16:57][no_game_date][texturehandler.cpp:216]: Couldn't find texture file: 'gfx/leaders/GER/MD/Carsten_Jacobson.dds'
[14:16:57][no_game_date][texturehandler.cpp:160]: Texture Handler encountered missing texture file: gfx/leaders/GER/MD/Erich_Pfeffer.dds
[14:16:57][no_game_date][texturehandler.cpp:216]: Couldn't find texture file: 'gfx/leaders/GER/MD/Erich_Pfeffer.dds'
[14:16:57][no_game_date][texturehandler.cpp:160]: Texture Handler encountered missing texture file: gfx/leaders/GER/MD/Erhard_Buehler.dds
[14:16:57][no_game_date][texturehandler.cpp:216]: Couldn't find texture file: 'gfx/leaders/GER/MD/Erhard_Buehler.dds'
[14:16:57][no_game_date][texturehandler.cpp:160]: Texture Handler encountered missing texture file: gfx/leaders/GER/MD/Gunter_Schneider.dds
[14:16:57][no_game_date][texturehandler.cpp:216]: Couldn't find texture file: 'gfx/leaders/GER/MD/Gunter_Schneider.dds'
[14:16:57][no_game_date][texturehandler.cpp:160]: Texture Handler encountered missing texture file: gfx/leaders/GER/MD/Joerg_See.dds
[14:16:57][no_game_date][texturehandler.cpp:216]: Couldn't find texture file: 'gfx/leaders/GER/MD/Joerg_See.dds'
[14:16:57][no_game_date][texturehandler.cpp:160]: Texture Handler encountered missing texture file: gfx/leaders/GER/MD/Markus_Kneip.dds
[14:16:57][no_game_date][texturehandler.cpp:216]: Couldn't find texture file: 'gfx/leaders/GER/MD/Markus_Kneip.dds'
[14:16:57][no_game_date][texturehandler.cpp:160]: Texture Handler encountered missing texture file: gfx/leaders/GER/MD/Werner_Albl.dds
[14:16:57][no_game_date][texturehandler.cpp:216]: Couldn't find texture file: 'gfx/leaders/GER/MD/Werner_Albl.dds'
[14:16:57][no_game_date][texturehandler.cpp:160]: Texture Handler encountered missing texture file: gfx/leaders/GER/MD/Oliver_Kohl.dds
[14:16:57][no_game_date][texturehandler.cpp:216]: Couldn't find texture file: 'gfx/leaders/GER/MD/Oliver_Kohl.dds'
[14:16:57][no_game_date][texturehandler.cpp:160]: Texture Handler encountered missing texture file: gfx/leaders/GER/MD/Kai_Ronald_Rohrschneider.dds
[14:16:57][no_game_date][texturehandler.cpp:216]: Couldn't find texture file: 'gfx/leaders/GER/MD/Kai_Ronald_Rohrschneider.dds'
[14:16:57][no_game_date][texturehandler.cpp:160]: Texture Handler encountered missing texture file: gfx/leaders/GER/MD/Wilhelm_Gruen.dds
[14:16:57][no_game_date][texturehandler.cpp:216]: Couldn't find texture file: 'gfx/leaders/GER/MD/Wilhelm_Gruen.dds'
[14:16:57][no_game_date][texturehandler.cpp:160]: Texture Handler encountered missing texture file: gfx/leaders/GER/MD/Manfred_Nielson.dds
[14:16:57][no_game_date][texturehandler.cpp:216]: Couldn't find texture file: 'gfx/leaders/GER/MD/Manfred_Nielson.dds'
[14:16:57][no_game_date][texturehandler.cpp:160]: Texture Handler encountered missing texture file: gfx/leaders/GER/MD/Rainer_Feist.dds
[14:16:57][no_game_date][texturehandler.cpp:216]: Couldn't find texture file: 'gfx/leaders/GER/MD/Rainer_Feist.dds'
[14:16:57][no_game_date][texturehandler.cpp:160]: Texture Handler encountered missing texture file: gfx/leaders/GER/MD/Axel_Meissel.dds
[14:16:57][no_game_date][texturehandler.cpp:216]: Couldn't find texture file: 'gfx/leaders/GER/MD/Axel_Meissel.dds'
[14:16:57][no_game_date][texturehandler.cpp:160]: Texture Handler encountered missing texture file: gfx/leaders/GER/MD/Henrik_Riechert.dds
[14:16:57][no_game_date][texturehandler.cpp:216]: Couldn't find texture file: 'gfx/leaders/GER/MD/Henrik_Riechert.dds'
[14:16:57][no_game_date][texturehandler.cpp:160]: Texture Handler encountered missing texture file: gfx/leaders/GER/MD/Axel_Schimpf.dds
[14:16:57][no_game_date][texturehandler.cpp:216]: Couldn't find texture file: 'gfx/leaders/GER/MD/Axel_Schimpf.dds'
[14:16:57][no_game_date][texturehandler.cpp:160]: Texture Handler encountered missing texture file: gfx/leaders/GER/MD/Andreas_Krause.dds
[14:16:57][no_game_date][texturehandler.cpp:216]: Couldn't find texture file: 'gfx/leaders/GER/MD/Andreas_Krause.dds'
[14:16:57][no_game_date][texturehandler.cpp:160]: Texture Handler encountered missing texture file: gfx/leaders/GER/MD/Joachim_Ruehle.dds
[14:16:57][no_game_date][texturehandler.cpp:216]: Couldn't find texture file: 'gfx/leaders/GER/MD/Joachim_Ruehle.dds'
[14:16:57][no_game_date][texturehandler.cpp:160]: Texture Handler encountered missing texture file: gfx/leaders/GER/MD/Rainer_Brinkmann.dds
[14:16:57][no_game_date][texturehandler.cpp:216]: Couldn't find texture file: 'gfx/leaders/GER/MD/Rainer_Brinkmann.dds'
[14:16:57][no_game_date][texturehandler.cpp:160]: Texture Handler encountered missing texture file: gfx/leaders/GER/MD/Carsten_Stawitzki.dds
[14:16:57][no_game_date][texturehandler.cpp:216]: Couldn't find texture file: 'gfx/leaders/GER/MD/Carsten_Stawitzki.dds'
[14:16:57][no_game_date][texturehandler.cpp:160]: Texture Handler encountered missing texture file: gfx/leaders/GER/MD/Thomas_Jugel.dds
[14:16:57][no_game_date][texturehandler.cpp:216]: Couldn't find texture file: 'gfx/leaders/GER/MD/Thomas_Jugel.dds'
[14:16:57][no_game_date][texturehandler.cpp:160]: Texture Handler encountered missing texture file: gfx/leaders/GER/MD/Jan_Christian_Kaack.dds
[14:16:57][no_game_date][texturehandler.cpp:216]: Couldn't find texture file: 'gfx/leaders/GER/MD/Jan_Christian_Kaack.dds'
[14:16:57][no_game_date][texturehandler.cpp:160]: Texture Handler encountered missing texture file: gfx/leaders/GER/MD/Christoph_Mueller_Meinhard.dds
[14:16:57][no_game_date][texturehandler.cpp:216]: Couldn't find texture file: 'gfx/leaders/GER/MD/Christoph_Mueller_Meinhard.dds'
[14:16:57][no_game_date][texturehandler.cpp:160]: Texture Handler encountered missing texture file: gfx/leaders/GER/MD/Jean_Martens.dds
[14:16:57][no_game_date][texturehandler.cpp:216]: Couldn't find texture file: 'gfx/leaders/GER/MD/Jean_Martens.dds'
[14:16:57][no_game_date][texturehandler.cpp:160]: Texture Handler encountered missing texture file: gfx/leaders/GER/MD/Axel_Deertz.dds
[14:16:57][no_game_date][texturehandler.cpp:216]: Couldn't find texture file: 'gfx/leaders/GER/MD/Axel_Deertz.dds'
[14:16:57][no_game_date][texturehandler.cpp:160]: Texture Handler encountered missing texture file: gfx/leaders/GER/MD/Jens_Nemeyer.dds
[14:16:57][no_game_date][texturehandler.cpp:216]: Couldn't find texture file: 'gfx/leaders/GER/MD/Jens_Nemeyer.dds'
[14:16:57][no_game_date][texturehandler.cpp:160]: Texture Handler encountered missing texture file: gfx/leaders/GER/MD/Kay_Achim_Schoenbach.dds
[14:16:57][no_game_date][texturehandler.cpp:216]: Couldn't find texture file: 'gfx/leaders/GER/MD/Kay_Achim_Schoenbach.dds'
[14:16:57][no_game_date][texturehandler.cpp:160]: Texture Handler encountered missing texture file: gfx/leaders/GER/MD/Rainer_Endres.dds
[14:16:57][no_game_date][texturehandler.cpp:216]: Couldn't find texture file: 'gfx/leaders/GER/MD/Rainer_Endres.dds'
[14:16:57][no_game_date][texturehandler.cpp:160]: Texture Handler encountered missing texture file: gfx/leaders/ITA/INT/Italy_Benito_Mussolini_1919.dds
[14:16:57][no_game_date][texturehandler.cpp:216]: Couldn't find texture file: 'gfx/leaders/ITA/INT/Italy_Benito_Mussolini_1919.dds'
[14:16:57][no_game_date][texturehandler.cpp:160]: Texture Handler encountered missing texture file: gfx/interface/ideas/ITA/idea_ITA_Luigi_Pelloux.dds
[14:16:57][no_game_date][texturehandler.cpp:216]: Couldn't find texture file: 'gfx/interface/ideas/ITA/idea_ITA_Luigi_Pelloux.dds'
[14:16:57][no_game_date][texturehandler.cpp:160]: Texture Handler encountered missing texture file: gfx/interface/ideas/ITA/idea_ITA_Alberto_Pollio.dds
[14:16:57][no_game_date][texturehandler.cpp:216]: Couldn't find texture file: 'gfx/interface/ideas/ITA/idea_ITA_Alberto_Pollio.dds'
[14:16:57][no_game_date][texturehandler.cpp:160]: Texture Handler encountered missing texture file: gfx/interface/ideas/ITA/idea_ITA_Emanuele_Filiberto.dds
[14:16:57][no_game_date][texturehandler.cpp:216]: Couldn't find texture file: 'gfx/interface/ideas/ITA/idea_ITA_Emanuele_Filiberto.dds'
[14:16:57][no_game_date][texturehandler.cpp:160]: Texture Handler encountered missing texture file: gfx/leaders/ITA/Portrait_Italy_Enrico_Caviglia.dds
[14:16:57][no_game_date][texturehandler.cpp:216]: Couldn't find texture file: 'gfx/leaders/ITA/Portrait_Italy_Enrico_Caviglia.dds'
[14:16:57][no_game_date][texturehandler.cpp:160]: Texture Handler encountered missing texture file: gfx/interface/ideas/ITA/idea_ITA_Armando_Diaz.dds
[14:16:57][no_game_date][texturehandler.cpp:216]: Couldn't find texture file: 'gfx/interface/ideas/ITA/idea_ITA_Armando_Diaz.dds'
[14:16:57][no_game_date][texturehandler.cpp:160]: Texture Handler encountered missing texture file: gfx/interface/ideas/ITA/idea_ITA_Luigi_Cadorna.dds
[14:16:57][no_game_date][texturehandler.cpp:216]: Couldn't find texture file: 'gfx/interface/ideas/ITA/idea_ITA_Luigi_Cadorna.dds'
[14:16:57][no_game_date][texturehandler.cpp:160]: Texture Handler encountered missing texture file: gfx/interface/ideas/ITA/idea_ITA_luigi_capello.dds
[14:16:57][no_game_date][texturehandler.cpp:216]: Couldn't find texture file: 'gfx/interface/ideas/ITA/idea_ITA_luigi_capello.dds'
[14:16:57][no_game_date][texturehandler.cpp:160]: Texture Handler encountered missing texture file: gfx/interface/ideas/ITA/idea_ITA_luigi_nava.dds
[14:16:57][no_game_date][texturehandler.cpp:216]: Couldn't find texture file: 'gfx/interface/ideas/ITA/idea_ITA_luigi_nava.dds'
[14:16:57][no_game_date][texturehandler.cpp:160]: Texture Handler encountered missing texture file: gfx/interface/ideas/ITA/idea_ITA_Prince_Vittorio_Emanuele_of_Savoy-Aosta.dds
[14:16:57][no_game_date][texturehandler.cpp:216]: Couldn't find texture file: 'gfx/interface/ideas/ITA/idea_ITA_Prince_Vittorio_Emanuele_of_Savoy-Aosta.dds'
[14:16:57][no_game_date][texturehandler.cpp:160]: Texture Handler encountered missing texture file: gfx/interface/ideas/ITA/idea_ITA_mario_nicolis_di_robilant.dds
[14:16:57][no_game_date][texturehandler.cpp:216]: Couldn't find texture file: 'gfx/interface/ideas/ITA/idea_ITA_mario_nicolis_di_robilant.dds'
[14:16:58][no_game_date][texturehandler.cpp:160]: Texture Handler encountered missing texture file: gfx/interface/ideas/ITA/idea_ITA_Pecori_Giraldi.dds
[14:16:58][no_game_date][texturehandler.cpp:216]: Couldn't find texture file: 'gfx/interface/ideas/ITA/idea_ITA_Pecori_Giraldi.dds'
[14:16:58][no_game_date][texturehandler.cpp:160]: Texture Handler encountered missing texture file: gfx/interface/ideas/ITA/idea_ITA_alberico_albricci.dds
[14:16:58][no_game_date][texturehandler.cpp:216]: Couldn't find texture file: 'gfx/interface/ideas/ITA/idea_ITA_alberico_albricci.dds'
[14:16:58][no_game_date][texturehandler.cpp:160]: Texture Handler encountered missing texture file: gfx/interface/ideas/ITA/idea_ITA_Pietro_Badoglio_WW1.dds
[14:16:58][no_game_date][texturehandler.cpp:216]: Couldn't find texture file: 'gfx/interface/ideas/ITA/idea_ITA_Pietro_Badoglio_WW1.dds'
[14:16:58][no_game_date][texturehandler.cpp:160]: Texture Handler encountered missing texture file: gfx/interface/ideas/ITA/idea_ITA_ferdinando_adalberto.dds
[14:16:58][no_game_date][texturehandler.cpp:216]: Couldn't find texture file: 'gfx/interface/ideas/ITA/idea_ITA_ferdinando_adalberto.dds'
[14:16:58][no_game_date][texturehandler.cpp:160]: Texture Handler encountered missing texture file: gfx/interface/ideas/ITA/idea_ITA_luigi_amedeo.dds
[14:16:58][no_game_date][texturehandler.cpp:216]: Couldn't find texture file: 'gfx/interface/ideas/ITA/idea_ITA_luigi_amedeo.dds'
[14:16:58][no_game_date][texturehandler.cpp:160]: Texture Handler encountered missing texture file: gfx/interface/ideas/ITA/idea_ITA_umberto_maria.dds
[14:16:58][no_game_date][texturehandler.cpp:216]: Couldn't find texture file: 'gfx/interface/ideas/ITA/idea_ITA_umberto_maria.dds'
[14:16:58][no_game_date][texturehandler.cpp:160]: Texture Handler encountered missing texture file: gfx/interface/ideas/ITA/idea_ITA_umberto_cagni.dds
[14:16:58][no_game_date][texturehandler.cpp:216]: Couldn't find texture file: 'gfx/interface/ideas/ITA/idea_ITA_umberto_cagni.dds'
[14:16:58][no_game_date][texturehandler.cpp:160]: Texture Handler encountered missing texture file: gfx/interface/ideas/ITA/idea_ITA_Paolo_Thaon_di_Revel.dds
[14:16:58][no_game_date][texturehandler.cpp:216]: Couldn't find texture file: 'gfx/interface/ideas/ITA/idea_ITA_Paolo_Thaon_di_Revel.dds'
[14:16:58][no_game_date][texturehandler.cpp:160]: Texture Handler encountered missing texture file: gfx/leaders/ITA/ITA_Mussolini_Benito.dds
[14:16:58][no_game_date][texturehandler.cpp:216]: Couldn't find texture file: 'gfx/leaders/ITA/ITA_Mussolini_Benito.dds'
[14:16:58][no_game_date][texturehandler.cpp:160]: Texture Handler encountered missing texture file: gfx/leaders/ITA/Portrait_GCF.dds
[14:16:58][no_game_date][texturehandler.cpp:216]: Couldn't find texture file: 'gfx/leaders/ITA/Portrait_GCF.dds'
[14:16:58][no_game_date][texturehandler.cpp:160]: Texture Handler encountered missing texture file: gfx/leaders/PAP/Portrait_Vatican_PiusXI.dds
[14:16:58][no_game_date][texturehandler.cpp:216]: Couldn't find texture file: 'gfx/leaders/PAP/Portrait_Vatican_PiusXI.dds'
[14:16:58][no_game_date][texturehandler.cpp:160]: Texture Handler encountered missing texture file: gfx/leaders/PAP/Portrait_Vatican_PiusXII.dds
[14:16:58][no_game_date][texturehandler.cpp:216]: Couldn't find texture file: 'gfx/leaders/PAP/Portrait_Vatican_PiusXII.dds'
[14:16:58][no_game_date][texturehandler.cpp:160]: Texture Handler encountered missing texture file: gfx/leaders/ITA/Portrait_Italy_Pietro_Gazzera.dds
[14:16:58][no_game_date][texturehandler.cpp:216]: Couldn't find texture file: 'gfx/leaders/ITA/Portrait_Italy_Pietro_Gazzera.dds'
[14:16:58][no_game_date][texturehandler.cpp:160]: Texture Handler encountered missing texture file: gfx/leaders/ITA/Portrait_Italy_Giorgio_Carlo_Calvi_di_Bergolo.dds
[14:16:58][no_game_date][texturehandler.cpp:216]: Couldn't find texture file: 'gfx/leaders/ITA/Portrait_Italy_Giorgio_Carlo_Calvi_di_Bergolo.dds'
[14:16:58][no_game_date][texturehandler.cpp:160]: Texture Handler encountered missing texture file: gfx/leaders/ITA/Portrait_Italy_Guglielmo_Nasi.dds
[14:16:58][no_game_date][texturehandler.cpp:216]: Couldn't find texture file: 'gfx/leaders/ITA/Portrait_Italy_Guglielmo_Nasi.dds'
[14:16:58][no_game_date][texturehandler.cpp:160]: Texture Handler encountered missing texture file: gfx/leaders/ITA/portrait_ita_Alberto_Pariani.dds
[14:16:58][no_game_date][texturehandler.cpp:216]: Couldn't find texture file: 'gfx/leaders/ITA/portrait_ita_Alberto_Pariani.dds'
[14:16:58][no_game_date][texturehandler.cpp:160]: Texture Handler encountered missing texture file: gfx/interface/ideas/ITA/idea_ITA_alberto_pariani.dds
[14:16:58][no_game_date][texturehandler.cpp:216]: Couldn't find texture file: 'gfx/interface/ideas/ITA/idea_ITA_alberto_pariani.dds'
[14:16:58][no_game_date][texturehandler.cpp:160]: Texture Handler encountered missing texture file: gfx/leaders/ITA/Portrait_Italy_Sebastiano_Gallina.dds
[14:16:58][no_game_date][texturehandler.cpp:216]: Couldn't find texture file: 'gfx/leaders/ITA/Portrait_Italy_Sebastiano_Gallina.dds'
[14:16:58][no_game_date][texturehandler.cpp:160]: Texture Handler encountered missing texture file: gfx/leaders/ITA/Portrait_Italy_Santovito_Ugo.dds
[14:16:58][no_game_date][texturehandler.cpp:216]: Couldn't find texture file: 'gfx/leaders/ITA/Portrait_Italy_Santovito_Ugo.dds'
[14:16:58][no_game_date][texturehandler.cpp:160]: Texture Handler encountered missing texture file: gfx/leaders/ITA/Portrait_Italy_Gabriele_Nasci.dds
[14:16:58][no_game_date][texturehandler.cpp:216]: Couldn't find texture file: 'gfx/leaders/ITA/Portrait_Italy_Gabriele_Nasci.dds'
[14:16:58][no_game_date][texturehandler.cpp:160]: Texture Handler encountered missing texture file: gfx/leaders/ITA/portrait_ita_Nino_Villa_Santa_Martinetti.dds
[14:16:58][no_game_date][texturehandler.cpp:216]: Couldn't find texture file: 'gfx/leaders/ITA/portrait_ita_Nino_Villa_Santa_Martinetti.dds'
[14:16:58][no_game_date][texturehandler.cpp:160]: Texture Handler encountered missing texture file: gfx/leaders/ITA/portrait_ita_Francesco_Guidi.dds
[14:16:58][no_game_date][texturehandler.cpp:216]: Couldn't find texture file: 'gfx/leaders/ITA/portrait_ita_Francesco_Guidi.dds'
[14:16:58][no_game_date][texturehandler.cpp:160]: Texture Handler encountered missing texture file: gfx/leaders/ITA/Portrait_Italy_Carlo_Rossi.dds
[14:16:58][no_game_date][texturehandler.cpp:216]: Couldn't find texture file: 'gfx/leaders/ITA/Portrait_Italy_Carlo_Rossi.dds'
[14:16:58][no_game_date][texturehandler.cpp:160]: Texture Handler encountered missing texture file: gfx/leaders/ITA/Portrait_ita_Luigi_Rizzo.dds
[14:16:58][no_game_date][texturehandler.cpp:216]: Couldn't find texture file: 'gfx/leaders/ITA/Portrait_ita_Luigi_Rizzo.dds'
[14:16:58][no_game_date][texturehandler.cpp:160]: Texture Handler encountered missing texture file: gfx/leaders/ITA/Portrait_ITA_Luigi_Biancheri.dds
[14:16:58][no_game_date][texturehandler.cpp:216]: Couldn't find texture file: 'gfx/leaders/ITA/Portrait_ITA_Luigi_Biancheri.dds'
[14:16:58][no_game_date][texturehandler.cpp:160]: Texture Handler encountered missing texture file: gfx/leaders/ITA/Portrait_Italy_Angelo_Parona.dds
[14:16:58][no_game_date][texturehandler.cpp:216]: Couldn't find texture file: 'gfx/leaders/ITA/Portrait_Italy_Angelo_Parona.dds'
[14:16:58][no_game_date][texturehandler.cpp:160]: Texture Handler encountered missing texture file: gfx/leaders/ITA/Portrait_Italy_Romeo_Oliva.dds
[14:16:58][no_game_date][texturehandler.cpp:216]: Couldn't find texture file: 'gfx/leaders/ITA/Portrait_Italy_Romeo_Oliva.dds'
[14:16:58][no_game_date][texturehandler.cpp:160]: Texture Handler encountered missing texture file: gfx/leaders/ITA/Portrait_Italy_Alessandro_Michelagnoli.dds
[14:16:58][no_game_date][texturehandler.cpp:216]: Couldn't find texture file: 'gfx/leaders/ITA/Portrait_Italy_Alessandro_Michelagnoli.dds'
[14:16:58][no_game_date][texturehandler.cpp:160]: Texture Handler encountered missing texture file: gfx/leaders/ITA/portrait_ita_Carlo_Fecia_di_Cossato.dds
[14:16:58][no_game_date][texturehandler.cpp:216]: Couldn't find texture file: 'gfx/leaders/ITA/portrait_ita_Carlo_Fecia_di_Cossato.dds'
[14:16:58][no_game_date][texturehandler.cpp:160]: Texture Handler encountered missing texture file: gfx/leaders/ITA/portrait_ita_domenico_cavagnari.dds
[14:16:58][no_game_date][texturehandler.cpp:216]: Couldn't find texture file: 'gfx/leaders/ITA/portrait_ita_domenico_cavagnari.dds'
[14:16:58][no_game_date][texturehandler.cpp:160]: Texture Handler encountered missing texture file: gfx/leaders/ITA/Portrait_ITA_Arturo_Riccardi.dds
[14:16:58][no_game_date][texturehandler.cpp:216]: Couldn't find texture file: 'gfx/leaders/ITA/Portrait_ITA_Arturo_Riccardi.dds'
[14:16:58][no_game_date][texturehandler.cpp:160]: Texture Handler encountered missing texture file: gfx/leaders/ITA/Portrait_Italy_Raffaele_Courten.dds
[14:16:58][no_game_date][texturehandler.cpp:216]: Couldn't find texture file: 'gfx/leaders/ITA/Portrait_Italy_Raffaele_Courten.dds'
[14:16:58][no_game_date][texturehandler.cpp:160]: Texture Handler encountered missing texture file: gfx/leaders/ITA/portrait_ita_Achille_Starace.dds
[14:16:58][no_game_date][texturehandler.cpp:216]: Couldn't find texture file: 'gfx/leaders/ITA/portrait_ita_Achille_Starace.dds'
[14:16:58][no_game_date][texturehandler.cpp:160]: Texture Handler encountered missing texture file: gfx/leaders/ITA/portrait_ita_Renato_Ricci.dds
[14:16:58][no_game_date][texturehandler.cpp:216]: Couldn't find texture file: 'gfx/leaders/ITA/portrait_ita_Renato_Ricci.dds'
[14:16:58][no_game_date][texturehandler.cpp:160]: Texture Handler encountered missing texture file: gfx/leaders/ITA/INT/portrait_ITA_ivanoe_bonomi.dds
[14:16:58][no_game_date][texturehandler.cpp:216]: Couldn't find texture file: 'gfx/leaders/ITA/INT/portrait_ITA_ivanoe_bonomi.dds'
[14:16:58][no_game_date][texturehandler.cpp:160]: Texture Handler encountered missing texture file: gfx/leaders/ITA/CW/Italy_Luigi_Einaudi.dds
[14:16:58][no_game_date][texturehandler.cpp:216]: Couldn't find texture file: 'gfx/leaders/ITA/CW/Italy_Luigi_Einaudi.dds'
[14:16:58][no_game_date][texturehandler.cpp:160]: Texture Handler encountered missing texture file: gfx/leaders/ITA/CW/Italy-Giovanni_Gronchi.dds
[14:16:58][no_game_date][texturehandler.cpp:216]: Couldn't find texture file: 'gfx/leaders/ITA/CW/Italy-Giovanni_Gronchi.dds'
[14:16:58][no_game_date][texturehandler.cpp:160]: Texture Handler encountered missing texture file: gfx/leaders/ITA/CW/Italy_Giorgio_Almirante_Italian_Fascism_1970.dds
[14:16:58][no_game_date][texturehandler.cpp:216]: Couldn't find texture file: 'gfx/leaders/ITA/CW/Italy_Giorgio_Almirante_Italian_Fascism_1970.dds'
[14:16:58][no_game_date][texturehandler.cpp:160]: Texture Handler encountered missing texture file: gfx/leaders/ITA/CW/Italy_Enrico_Berlinguer_Marxism_1970.dds
[14:16:58][no_game_date][texturehandler.cpp:216]: Couldn't find texture file: 'gfx/leaders/ITA/CW/Italy_Enrico_Berlinguer_Marxism_1970.dds'
[14:16:58][no_game_date][texturehandler.cpp:160]: Texture Handler encountered missing texture file: gfx/leaders/ITA/CW/Italy_FM_ClaudioTrezzani.dds
[14:16:58][no_game_date][texturehandler.cpp:216]: Couldn't find texture file: 'gfx/leaders/ITA/CW/Italy_FM_ClaudioTrezzani.dds'
[14:16:58][no_game_date][texturehandler.cpp:160]: Texture Handler encountered missing texture file: gfx/leaders/ITA/CW/Italy_FM_LuigiEfisioMarras.dds
[14:16:58][no_game_date][texturehandler.cpp:216]: Couldn't find texture file: 'gfx/leaders/ITA/CW/Italy_FM_LuigiEfisioMarras.dds'
[14:16:58][no_game_date][texturehandler.cpp:160]: Texture Handler encountered missing texture file: gfx/leaders/ITA/CW/Italy_General_GiuseppeMancinelli.dds
[14:16:58][no_game_date][texturehandler.cpp:216]: Couldn't find texture file: 'gfx/leaders/ITA/CW/Italy_General_GiuseppeMancinelli.dds'
[14:16:58][no_game_date][texturehandler.cpp:160]: Texture Handler encountered missing texture file: gfx/leaders/ITA/CW/Italy_General_AldoRossi.dds
[14:16:58][no_game_date][texturehandler.cpp:216]: Couldn't find texture file: 'gfx/leaders/ITA/CW/Italy_General_AldoRossi.dds'
[14:16:58][no_game_date][texturehandler.cpp:160]: Texture Handler encountered missing texture file: gfx/leaders/ITA/CW/Italy_General_AldoAloia.dds
[14:16:58][no_game_date][texturehandler.cpp:216]: Couldn't find texture file: 'gfx/leaders/ITA/CW/Italy_General_AldoAloia.dds'
[14:16:58][no_game_date][texturehandler.cpp:160]: Texture Handler encountered missing texture file: gfx/leaders/ITA/CW/Italy_General_GuidoVedovato.dds
[14:16:58][no_game_date][texturehandler.cpp:216]: Couldn't find texture file: 'gfx/leaders/ITA/CW/Italy_General_GuidoVedovato.dds'
[14:16:58][no_game_date][texturehandler.cpp:160]: Texture Handler encountered missing texture file: gfx/leaders/ITA/CW/Portrait_ITA_Enzo_Marchesi.dds
[14:16:58][no_game_date][texturehandler.cpp:216]: Couldn't find texture file: 'gfx/leaders/ITA/CW/Portrait_ITA_Enzo_Marchesi.dds'
[14:16:58][no_game_date][texturehandler.cpp:160]: Texture Handler encountered missing texture file: gfx/leaders/ITA/CW/Italy_General_AndreaViglione.dds
[14:16:58][no_game_date][texturehandler.cpp:216]: Couldn't find texture file: 'gfx/leaders/ITA/CW/Italy_General_AndreaViglione.dds'
[14:16:58][no_game_date][texturehandler.cpp:160]: Texture Handler encountered missing texture file: gfx/leaders/ITA/CW/Portrait_ITA_Riccardo_Bisogniero.dds
[14:16:58][no_game_date][texturehandler.cpp:216]: Couldn't find texture file: 'gfx/leaders/ITA/CW/Portrait_ITA_Riccardo_Bisogniero.dds'
[14:16:58][no_game_date][texturehandler.cpp:160]: Texture Handler encountered missing texture file: gfx/leaders/ITA/CW/Portrait_ITA_Giovanni_de_Lorenzo.dds
[14:16:58][no_game_date][texturehandler.cpp:216]: Couldn't find texture file: 'gfx/leaders/ITA/CW/Portrait_ITA_Giovanni_de_Lorenzo.dds'
[14:16:58][no_game_date][texturehandler.cpp:160]: Texture Handler encountered missing texture file: gfx/leaders/ITA/CW/Italy-Giuseppe_Saragat.dds
[14:16:58][no_game_date][texturehandler.cpp:216]: Couldn't find texture file: 'gfx/leaders/ITA/CW/Italy-Giuseppe_Saragat.dds'
[14:16:58][no_game_date][texturehandler.cpp:160]: Texture Handler encountered missing texture file: gfx/leaders/ITA/CW/Portrait_ITA_Carlo_Alberto_Dalla_Chiesa.dds
[14:16:58][no_game_date][texturehandler.cpp:216]: Couldn't find texture file: 'gfx/leaders/ITA/CW/Portrait_ITA_Carlo_Alberto_Dalla_Chiesa.dds'
[14:16:58][no_game_date][texturehandler.cpp:160]: Texture Handler encountered missing texture file: gfx/leaders/ITA/CW/Italy_SandroPertini.dds
[14:16:58][no_game_date][texturehandler.cpp:216]: Couldn't find texture file: 'gfx/leaders/ITA/CW/Italy_SandroPertini.dds'
[14:16:58][no_game_date][texturehandler.cpp:160]: Texture Handler encountered missing texture file: gfx/leaders/ITA/CW/Italy_FrancescoCossiga.dds
[14:16:58][no_game_date][texturehandler.cpp:216]: Couldn't find texture file: 'gfx/leaders/ITA/CW/Italy_FrancescoCossiga.dds'
[14:16:58][no_game_date][texturehandler.cpp:160]: Texture Handler encountered missing texture file: gfx/leaders/ITA/CW/Italy_Vittorio_Emanuele_Despotism_1970.dds
[14:16:58][no_game_date][texturehandler.cpp:216]: Couldn't find texture file: 'gfx/leaders/ITA/CW/Italy_Vittorio_Emanuele_Despotism_1970.dds'
[14:16:58][no_game_date][texturehandler.cpp:160]: Texture Handler encountered missing texture file: gfx/leaders/RON_Generic/LATINO_FEMALE1.dds
[14:16:58][no_game_date][texturehandler.cpp:216]: Couldn't find texture file: 'gfx/leaders/RON_Generic/LATINO_FEMALE1.dds'
[14:16:58][no_game_date][texturehandler.cpp:160]: Texture Handler encountered missing texture file: gfx/leaders/JAP/INT/Portrait_JAP_Hirohito_1920.dds
[14:16:58][no_game_date][texturehandler.cpp:216]: Couldn't find texture file: 'gfx/leaders/JAP/INT/Portrait_JAP_Hirohito_1920.dds'
[14:16:58][no_game_date][texturehandler.cpp:160]: Texture Handler encountered missing texture file: gfx/leaders/JAP/Portrait_Japan_Prince_Yasuhito.dds
[14:16:58][no_game_date][texturehandler.cpp:216]: Couldn't find texture file: 'gfx/leaders/JAP/Portrait_Japan_Prince_Yasuhito.dds'
[14:16:58][no_game_date][texturehandler.cpp:160]: Texture Handler encountered missing texture file: gfx/leaders/JAP/INT/Portrait_JAP_Saito_Makoto.dds
[14:16:58][no_game_date][texturehandler.cpp:216]: Couldn't find texture file: 'gfx/leaders/JAP/INT/Portrait_JAP_Saito_Makoto.dds'
[14:16:58][no_game_date][texturehandler.cpp:160]: Texture Handler encountered missing texture file: gfx/interface/ideas/JAP/idea_JAP_Saito_Makoto.dds
[14:16:58][no_game_date][texturehandler.cpp:216]: Couldn't find texture file: 'gfx/interface/ideas/JAP/idea_JAP_Saito_Makoto.dds'
[14:16:58][no_game_date][texturehandler.cpp:160]: Texture Handler encountered missing texture file: gfx/interface/ideas/JAP/idea_JAP_Fumimaro_Konoe.dds
[14:16:58][no_game_date][texturehandler.cpp:216]: Couldn't find texture file: 'gfx/interface/ideas/JAP/idea_JAP_Fumimaro_Konoe.dds'
[14:16:58][no_game_date][texturehandler.cpp:160]: Texture Handler encountered missing texture file: gfx/leaders/JAP/Portrait_JAP_Kiichiro_Hiranuma.dds
[14:16:58][no_game_date][texturehandler.cpp:216]: Couldn't find texture file: 'gfx/leaders/JAP/Portrait_JAP_Kiichiro_Hiranuma.dds'
[14:16:58][no_game_date][texturehandler.cpp:160]: Texture Handler encountered missing texture file: gfx/leaders/JAP/Portrait_Japan_Nobuyuki_Abe.dds
[14:16:58][no_game_date][texturehandler.cpp:216]: Couldn't find texture file: 'gfx/leaders/JAP/Portrait_Japan_Nobuyuki_Abe.dds'
[14:16:58][no_game_date][texturehandler.cpp:160]: Texture Handler encountered missing texture file: gfx/interface/ideas/JAP/idea_JAP_Abe_Nobuyuki_civ.dds
[14:16:58][no_game_date][texturehandler.cpp:216]: Couldn't find texture file: 'gfx/interface/ideas/JAP/idea_JAP_Abe_Nobuyuki_civ.dds'
[14:16:58][no_game_date][texturehandler.cpp:160]: Texture Handler encountered missing texture file: gfx/interface/ideas/JAP/idea_JAP_Abe_Nobuyuki.dds
[14:16:58][no_game_date][texturehandler.cpp:216]: Couldn't find texture file: 'gfx/interface/ideas/JAP/idea_JAP_Abe_Nobuyuki.dds'
[14:16:58][no_game_date][texturehandler.cpp:160]: Texture Handler encountered missing texture file: gfx/leaders/JAP/Portrait_Japan_Mitsumasa_Yonai.dds
[14:16:58][no_game_date][texturehandler.cpp:216]: Couldn't find texture file: 'gfx/leaders/JAP/Portrait_Japan_Mitsumasa_Yonai.dds'
[14:16:58][no_game_date][texturehandler.cpp:160]: Texture Handler encountered missing texture file: gfx/interface/ideas/JAP/idea_JAP_Mitsumasa_Yonai.dds
[14:16:58][no_game_date][texturehandler.cpp:216]: Couldn't find texture file: 'gfx/interface/ideas/JAP/idea_JAP_Mitsumasa_Yonai.dds'
[14:16:58][no_game_date][texturehandler.cpp:160]: Texture Handler encountered missing texture file: gfx/leaders/JAP/Portrait_Japan_Hideki_Tojo.dds
[14:16:58][no_game_date][texturehandler.cpp:216]: Couldn't find texture file: 'gfx/leaders/JAP/Portrait_Japan_Hideki_Tojo.dds'
[14:16:58][no_game_date][texturehandler.cpp:160]: Texture Handler encountered missing texture file: gfx/interface/ideas/JAP/idea_JAP_Yamagata_Aritomo.dds
[14:16:58][no_game_date][texturehandler.cpp:216]: Couldn't find texture file: 'gfx/interface/ideas/JAP/idea_JAP_Yamagata_Aritomo.dds'
[14:16:58][no_game_date][texturehandler.cpp:160]: Texture Handler encountered missing texture file: gfx/interface/ideas/JAP/idea_JAP_Tokugawa_Iesato.png
[14:16:58][no_game_date][texturehandler.cpp:216]: Couldn't find texture file: 'gfx/interface/ideas/JAP/idea_JAP_Tokugawa_Iesato.png'
[14:16:58][no_game_date][texturehandler.cpp:160]: Texture Handler encountered missing texture file: gfx/leaders/JAP/Portrait_JAP_Toyama_Mitsuru.dds
[14:16:58][no_game_date][texturehandler.cpp:216]: Couldn't find texture file: 'gfx/leaders/JAP/Portrait_JAP_Toyama_Mitsuru.dds'
[14:16:58][no_game_date][texturehandler.cpp:160]: Texture Handler encountered missing texture file: gfx/interface/ideas/JAP/idea_JAP_Toyama_Mitsuru.png
[14:16:58][no_game_date][texturehandler.cpp:216]: Couldn't find texture file: 'gfx/interface/ideas/JAP/idea_JAP_Toyama_Mitsuru.png'
[14:16:58][no_game_date][texturehandler.cpp:160]: Texture Handler encountered missing texture file: gfx/interface/ideas/JAP/idea_JAP_hamaguchi_osachi.png
[14:16:58][no_game_date][texturehandler.cpp:216]: Couldn't find texture file: 'gfx/interface/ideas/JAP/idea_JAP_hamaguchi_osachi.png'
[14:16:58][no_game_date][texturehandler.cpp:160]: Texture Handler encountered missing texture file: gfx/interface/ideas/JAP/idea_JAP_Sakai_Toshihiko.png
[14:16:58][no_game_date][texturehandler.cpp:216]: Couldn't find texture file: 'gfx/interface/ideas/JAP/idea_JAP_Sakai_Toshihiko.png'
[14:16:58][no_game_date][texturehandler.cpp:160]: Texture Handler encountered missing texture file: gfx/interface/ideas/JAP/idea_JAP_Hasegawa_Yoshimichi.png
[14:16:58][no_game_date][texturehandler.cpp:216]: Couldn't find texture file: 'gfx/interface/ideas/JAP/idea_JAP_Hasegawa_Yoshimichi.png'
[14:16:58][no_game_date][texturehandler.cpp:160]: Texture Handler encountered missing texture file: gfx/interface/ideas/JAP/idea_JAP_Oku_Yasukata.png
[14:16:58][no_game_date][texturehandler.cpp:216]: Couldn't find texture file: 'gfx/interface/ideas/JAP/idea_JAP_Oku_Yasukata.png'
[14:16:58][no_game_date][texturehandler.cpp:160]: Texture Handler encountered missing texture file: gfx/interface/ideas/JAP/idea_JAP_Fukushima_Yasumasa.png
[14:16:58][no_game_date][texturehandler.cpp:216]: Couldn't find texture file: 'gfx/interface/ideas/JAP/idea_JAP_Fukushima_Yasumasa.png'
[14:16:58][no_game_date][texturehandler.cpp:160]: Texture Handler encountered missing texture file: gfx/interface/ideas/JAP/idea_JAP_Oyama_Iwao.png
[14:16:58][no_game_date][texturehandler.cpp:216]: Couldn't find texture file: 'gfx/interface/ideas/JAP/idea_JAP_Oyama_Iwao.png'
[14:16:58][no_game_date][texturehandler.cpp:160]: Texture Handler encountered missing texture file: gfx/interface/ideas/JAP/idea_JAP_Kamio_Mitsuomi.png
[14:16:58][no_game_date][texturehandler.cpp:216]: Couldn't find texture file: 'gfx/interface/ideas/JAP/idea_JAP_Kamio_Mitsuomi.png'
[14:16:58][no_game_date][texturehandler.cpp:160]: Texture Handler encountered missing texture file: gfx/interface/ideas/JAP/idea_JAP_Kawamura_Kageaki.png
[14:16:58][no_game_date][texturehandler.cpp:216]: Couldn't find texture file: 'gfx/interface/ideas/JAP/idea_JAP_Kawamura_Kageaki.png'
[14:16:58][no_game_date][texturehandler.cpp:160]: Texture Handler encountered missing texture file: gfx/interface/ideas/JAP/idea_JAP_Tamemoto_Kuroki.png
[14:16:58][no_game_date][texturehandler.cpp:216]: Couldn't find texture file: 'gfx/interface/ideas/JAP/idea_JAP_Tamemoto_Kuroki.png'
[14:16:58][no_game_date][texturehandler.cpp:160]: Texture Handler encountered missing texture file: gfx/interface/ideas/JAP/idea_JAP_Haraguchi_Kensai.png
[14:16:58][no_game_date][texturehandler.cpp:216]: Couldn't find texture file: 'gfx/interface/ideas/JAP/idea_JAP_Haraguchi_Kensai.png'
[14:16:58][no_game_date][texturehandler.cpp:160]: Texture Handler encountered missing texture file: gfx/interface/ideas/JAP/idea_JAP_Ueda_Arisawa.png
[14:16:58][no_game_date][texturehandler.cpp:216]: Couldn't find texture file: 'gfx/interface/ideas/JAP/idea_JAP_Ueda_Arisawa.png'
[14:16:58][no_game_date][texturehandler.cpp:160]: Texture Handler encountered missing texture file: gfx/interface/ideas/JAP/idea_JAP_Nagaoka_Gaishi.png
[14:16:58][no_game_date][texturehandler.cpp:216]: Couldn't find texture file: 'gfx/interface/ideas/JAP/idea_JAP_Nagaoka_Gaishi.png'
[14:16:58][no_game_date][texturehandler.cpp:160]: Texture Handler encountered missing texture file: gfx/interface/ideas/JAP/idea_JAP_Kazushige_Ugaki.png
[14:16:58][no_game_date][texturehandler.cpp:216]: Couldn't find texture file: 'gfx/interface/ideas/JAP/idea_JAP_Kazushige_Ugaki.png'
[14:16:58][no_game_date][texturehandler.cpp:160]: Texture Handler encountered missing texture file: gfx/interface/ideas/JAP/idea_JAP_Kazushige_Ugaki_civ.png
[14:16:58][no_game_date][texturehandler.cpp:216]: Couldn't find texture file: 'gfx/interface/ideas/JAP/idea_JAP_Kazushige_Ugaki_civ.png'
[14:16:58][no_game_date][texturehandler.cpp:160]: Texture Handler encountered missing texture file: gfx/interface/ideas/JAP/idea_JAP_Uehara_Yusaku.png
[14:16:58][no_game_date][texturehandler.cpp:216]: Couldn't find texture file: 'gfx/interface/ideas/JAP/idea_JAP_Uehara_Yusaku.png'
[14:16:58][no_game_date][texturehandler.cpp:160]: Texture Handler encountered missing texture file: gfx/interface/ideas/JAP/idea_JAP_Yamanashi_Hanzo.png
[14:16:58][no_game_date][texturehandler.cpp:216]: Couldn't find texture file: 'gfx/interface/ideas/JAP/idea_JAP_Yamanashi_Hanzo.png'
[14:16:58][no_game_date][texturehandler.cpp:160]: Texture Handler encountered missing texture file: gfx/interface/ideas/JAP/idea_JAP_Yui_Mitsue.png
[14:16:58][no_game_date][texturehandler.cpp:216]: Couldn't find texture file: 'gfx/interface/ideas/JAP/idea_JAP_Yui_Mitsue.png'
[14:16:58][no_game_date][texturehandler.cpp:160]: Texture Handler encountered missing texture file: gfx/interface/ideas/JAP/idea_JAP_Takeji_Nara.png
[14:16:58][no_game_date][texturehandler.cpp:216]: Couldn't find texture file: 'gfx/interface/ideas/JAP/idea_JAP_Takeji_Nara.png'
[14:16:58][no_game_date][texturehandler.cpp:160]: Texture Handler encountered missing texture file: gfx/interface/ideas/JAP/idea_JAP_kaminura_hikonojo.png
[14:16:58][no_game_date][texturehandler.cpp:216]: Couldn't find texture file: 'gfx/interface/ideas/JAP/idea_JAP_kaminura_hikonojo.png'
[14:16:58][no_game_date][texturehandler.cpp:160]: Texture Handler encountered missing texture file: gfx/interface/ideas/JAP/idea_JAP_Togo_Heihachiro.png
[14:16:58][no_game_date][texturehandler.cpp:216]: Couldn't find texture file: 'gfx/interface/ideas/JAP/idea_JAP_Togo_Heihachiro.png'
[14:16:58][no_game_date][texturehandler.cpp:160]: Texture Handler encountered missing texture file: gfx/interface/ideas/JAP/idea_JAP_Dewa_Shigeto.png
[14:16:58][no_game_date][texturehandler.cpp:216]: Couldn't find texture file: 'gfx/interface/ideas/JAP/idea_JAP_Dewa_Shigeto.png'
[14:16:58][no_game_date][texturehandler.cpp:160]: Texture Handler encountered missing texture file: gfx/interface/ideas/JAP/idea_JAP_inoue_yoshika.png
[14:16:58][no_game_date][texturehandler.cpp:216]: Couldn't find texture file: 'gfx/interface/ideas/JAP/idea_JAP_inoue_yoshika.png'
[14:16:58][no_game_date][texturehandler.cpp:160]: Texture Handler encountered missing texture file: gfx/interface/ideas/JAP/idea_JAP_Kataoka_Shichiro.png
[14:16:58][no_game_date][texturehandler.cpp:216]: Couldn't find texture file: 'gfx/interface/ideas/JAP/idea_JAP_Kataoka_Shichiro.png'
[14:16:58][no_game_date][texturehandler.cpp:160]: Texture Handler encountered missing texture file: gfx/interface/ideas/JAP/idea_JAP_Kato_Sadakichi.png
[14:16:58][no_game_date][texturehandler.cpp:216]: Couldn't find texture file: 'gfx/interface/ideas/JAP/idea_JAP_Kato_Sadakichi.png'
[14:16:58][no_game_date][texturehandler.cpp:160]: Texture Handler encountered missing texture file: gfx/interface/ideas/JAP/idea_JAP_Uryu_Sotokichi.png
[14:16:58][no_game_date][texturehandler.cpp:216]: Couldn't find texture file: 'gfx/interface/ideas/JAP/idea_JAP_Uryu_Sotokichi.png'
[14:16:58][no_game_date][texturehandler.cpp:160]: Texture Handler encountered missing texture file: gfx/interface/ideas/JAP/idea_JAP_Takahashi_Korekiyo.png
[14:16:58][no_game_date][texturehandler.cpp:216]: Couldn't find texture file: 'gfx/interface/ideas/JAP/idea_JAP_Takahashi_Korekiyo.png'
[14:16:58][no_game_date][texturehandler.cpp:160]: Texture Handler encountered missing texture file: gfx/interface/ideas/JAP/idea_JAP_Terauchi_Masatake.png
[14:16:58][no_game_date][texturehandler.cpp:216]: Couldn't find texture file: 'gfx/interface/ideas/JAP/idea_JAP_Terauchi_Masatake.png'
[14:16:58][no_game_date][texturehandler.cpp:160]: Texture Handler encountered missing texture file: gfx/leaders/JAP/Portrait_Japan_Yoshinori_Shirakawa.dds
[14:16:58][no_game_date][texturehandler.cpp:216]: Couldn't find texture file: 'gfx/leaders/JAP/Portrait_Japan_Yoshinori_Shirakawa.dds'
[14:16:58][no_game_date][texturehandler.cpp:160]: Texture Handler encountered missing texture file: gfx/interface/ideas/JAP/idea_JAP_Tanaka_Giichi.png
[14:16:58][no_game_date][texturehandler.cpp:216]: Couldn't find texture file: 'gfx/interface/ideas/JAP/idea_JAP_Tanaka_Giichi.png'
[14:16:58][no_game_date][texturehandler.cpp:160]: Texture Handler encountered missing texture file: gfx/leaders/JAP/Portrait_Japan_Jinzaburo_Masaki.dds
[14:16:58][no_game_date][texturehandler.cpp:216]: Couldn't find texture file: 'gfx/leaders/JAP/Portrait_Japan_Jinzaburo_Masaki.dds'
[14:16:58][no_game_date][texturehandler.cpp:160]: Texture Handler encountered missing texture file: gfx/leaders/JAP/Portrait_Japan_Heisuke_Yanagawa.dds
[14:16:58][no_game_date][texturehandler.cpp:216]: Couldn't find texture file: 'gfx/leaders/JAP/Portrait_Japan_Heisuke_Yanagawa.dds'
[14:16:58][no_game_date][texturehandler.cpp:160]: Texture Handler encountered missing texture file: gfx/interface/ideas/JAP/idea_JAP_Heisuke_Yanagawa.dds
[14:16:58][no_game_date][texturehandler.cpp:216]: Couldn't find texture file: 'gfx/interface/ideas/JAP/idea_JAP_Heisuke_Yanagawa.dds'
[14:16:58][no_game_date][texturehandler.cpp:160]: Texture Handler encountered missing texture file: gfx/leaders/JAP/INT/Portrait_Japan_Yoshiyuki_Kawashima.dds
[14:16:58][no_game_date][texturehandler.cpp:216]: Couldn't find texture file: 'gfx/leaders/JAP/INT/Portrait_Japan_Yoshiyuki_Kawashima.dds'
[14:16:58][no_game_date][texturehandler.cpp:160]: Texture Handler encountered missing texture file: gfx/interface/ideas/JAP/idea_JAP_Yoshiyuki_Kawashima.dds
[14:16:58][no_game_date][texturehandler.cpp:216]: Couldn't find texture file: 'gfx/interface/ideas/JAP/idea_JAP_Yoshiyuki_Kawashima.dds'
[14:16:58][no_game_date][texturehandler.cpp:160]: Texture Handler encountered missing texture file: gfx/leaders/JAP/INT/Portrait_Japan_Sato_Kenryo.dds
[14:16:58][no_game_date][texturehandler.cpp:216]: Couldn't find texture file: 'gfx/leaders/JAP/INT/Portrait_Japan_Sato_Kenryo.dds'
[14:16:58][no_game_date][texturehandler.cpp:160]: Texture Handler encountered missing texture file: gfx/leaders/JAP/Portrait_Japan_Kesago_Nakajima.dds
[14:16:58][no_game_date][texturehandler.cpp:216]: Couldn't find texture file: 'gfx/leaders/JAP/Portrait_Japan_Kesago_Nakajima.dds'
[14:16:58][no_game_date][texturehandler.cpp:160]: Texture Handler encountered missing texture file: gfx/leaders/JAP/INT/Portrait_Japan_Yoshitsugu_Tatekawa.dds
[14:16:58][no_game_date][texturehandler.cpp:216]: Couldn't find texture file: 'gfx/leaders/JAP/INT/Portrait_Japan_Yoshitsugu_Tatekawa.dds'
[14:16:58][no_game_date][texturehandler.cpp:160]: Texture Handler encountered missing texture file: gfx/leaders/JAP/Portrait_Japan_Nobumasa_Suetsugu.dds
[14:16:58][no_game_date][texturehandler.cpp:216]: Couldn't find texture file: 'gfx/leaders/JAP/Portrait_Japan_Nobumasa_Suetsugu.dds'
[14:16:58][no_game_date][texturehandler.cpp:160]: Texture Handler encountered missing texture file: gfx/leaders/JAP/Portrait_Japan_Takeo_Kurita.dds
[14:16:58][no_game_date][texturehandler.cpp:216]: Couldn't find texture file: 'gfx/leaders/JAP/Portrait_Japan_Takeo_Kurita.dds'
[14:16:58][no_game_date][texturehandler.cpp:160]: Texture Handler encountered missing texture file: gfx/leaders/JAP/INT/Portrait_Japan_Shigeru_Fukudome.dds
[14:16:58][no_game_date][texturehandler.cpp:216]: Couldn't find texture file: 'gfx/leaders/JAP/INT/Portrait_Japan_Shigeru_Fukudome.dds'
[14:16:58][no_game_date][texturehandler.cpp:160]: Texture Handler encountered missing texture file: gfx/leaders/JAP/Portrait_Japan_Mineo_Osumi.dds
[14:16:58][no_game_date][texturehandler.cpp:216]: Couldn't find texture file: 'gfx/leaders/JAP/Portrait_Japan_Mineo_Osumi.dds'
[14:16:58][no_game_date][texturehandler.cpp:160]: Texture Handler encountered missing texture file: gfx/interface/ideas/JAP/idea_JAP_Osumi_Mineo.dds
[14:16:58][no_game_date][texturehandler.cpp:216]: Couldn't find texture file: 'gfx/interface/ideas/JAP/idea_JAP_Osumi_Mineo.dds'
[14:16:58][no_game_date][texturehandler.cpp:160]: Texture Handler encountered missing texture file: gfx/leaders/JAP/Portrait_Japan_Raizo_Tanaka.dds
[14:16:58][no_game_date][texturehandler.cpp:216]: Couldn't find texture file: 'gfx/leaders/JAP/Portrait_Japan_Raizo_Tanaka.dds'
[14:16:58][no_game_date][texturehandler.cpp:160]: Texture Handler encountered missing texture file: gfx/interface/ideas/JAP/idea_JAP_Raizo_Tanaka.dds
[14:16:58][no_game_date][texturehandler.cpp:216]: Couldn't find texture file: 'gfx/interface/ideas/JAP/idea_JAP_Raizo_Tanaka.dds'
[14:16:58][no_game_date][texturehandler.cpp:160]: Texture Handler encountered missing texture file: gfx/leaders/JAP/Portrait_Japan_Osami_Nagano.dds
[14:16:58][no_game_date][texturehandler.cpp:216]: Couldn't find texture file: 'gfx/leaders/JAP/Portrait_Japan_Osami_Nagano.dds'
[14:16:58][no_game_date][texturehandler.cpp:160]: Texture Handler encountered missing texture file: gfx/leaders/JAP/Portrait_Japan_Shigetaro_Shimada.dds
[14:16:58][no_game_date][texturehandler.cpp:216]: Couldn't find texture file: 'gfx/leaders/JAP/Portrait_Japan_Shigetaro_Shimada.dds'
[14:16:58][no_game_date][texturehandler.cpp:160]: Texture Handler encountered missing texture file: gfx/leaders/JAP/Portrait_Japan_Torashiro_Kawabe.dds
[14:16:58][no_game_date][texturehandler.cpp:216]: Couldn't find texture file: 'gfx/leaders/JAP/Portrait_Japan_Torashiro_Kawabe.dds'
[14:16:58][no_game_date][texturehandler.cpp:160]: Texture Handler encountered missing texture file: gfx/leaders/JAP/Portrait_Japan_Mitsuo_Fuchida.dds
[14:16:58][no_game_date][texturehandler.cpp:216]: Couldn't find texture file: 'gfx/leaders/JAP/Portrait_Japan_Mitsuo_Fuchida.dds'
[14:16:58][no_game_date][texturehandler.cpp:160]: Texture Handler encountered missing texture file: gfx/leaders/JAP/Portrait_Japan_Matome_Ugaki.dds
[14:16:58][no_game_date][texturehandler.cpp:216]: Couldn't find texture file: 'gfx/leaders/JAP/Portrait_Japan_Matome_Ugaki.dds'
[14:16:58][no_game_date][texturehandler.cpp:160]: Texture Handler encountered missing texture file: gfx/leaders/JAP/Portrait_Japan_Chuichi_Nagumo.dds
[14:16:58][no_game_date][texturehandler.cpp:216]: Couldn't find texture file: 'gfx/leaders/JAP/Portrait_Japan_Chuichi_Nagumo.dds'
[14:16:58][no_game_date][texturehandler.cpp:160]: Texture Handler encountered missing texture file: gfx/leaders/JAP/Portrait_Japan_Saburo_Arasaka_Scientist.dds
[14:16:58][no_game_date][texturehandler.cpp:216]: Couldn't find texture file: 'gfx/leaders/JAP/Portrait_Japan_Saburo_Arasaka_Scientist.dds'
[14:16:58][no_game_date][texturehandler.cpp:160]: Texture Handler encountered missing texture file: gfx/leaders/JAP/Portrait_Japan_Shiro_Ishii_Scientist.dds
[14:16:58][no_game_date][texturehandler.cpp:216]: Couldn't find texture file: 'gfx/leaders/JAP/Portrait_Japan_Shiro_Ishii_Scientist.dds'
[14:16:58][no_game_date][texturehandler.cpp:160]: Texture Handler encountered missing texture file: gfx/leaders/JAP/Portrait_Japan_Shiro_Ishii.dds
[14:16:58][no_game_date][texturehandler.cpp:216]: Couldn't find texture file: 'gfx/leaders/JAP/Portrait_Japan_Shiro_Ishii.dds'
[14:16:58][no_game_date][texturehandler.cpp:160]: Texture Handler encountered missing texture file: gfx/leaders/JAP/CW/Portrait_JAP_Shigeru_Yoshida.dds
[14:16:58][no_game_date][texturehandler.cpp:216]: Couldn't find texture file: 'gfx/leaders/JAP/CW/Portrait_JAP_Shigeru_Yoshida.dds'
[14:16:58][no_game_date][texturehandler.cpp:160]: Texture Handler encountered missing texture file: gfx/interface/ideas/JAP/idea_JAP_Yoshida_Shigeru.dds
[14:16:58][no_game_date][texturehandler.cpp:216]: Couldn't find texture file: 'gfx/interface/ideas/JAP/idea_JAP_Yoshida_Shigeru.dds'
[14:16:58][no_game_date][texturehandler.cpp:160]: Texture Handler encountered missing texture file: gfx/leaders/JAP/CW/Portrait_JAP_Nobusuke_Kishi.dds
[14:16:58][no_game_date][texturehandler.cpp:216]: Couldn't find texture file: 'gfx/leaders/JAP/CW/Portrait_JAP_Nobusuke_Kishi.dds'
[14:16:58][no_game_date][texturehandler.cpp:160]: Texture Handler encountered missing texture file: gfx/interface/ideas/JAP/idea_JAP_Kishi_Nobusuke.dds
[14:16:58][no_game_date][texturehandler.cpp:216]: Couldn't find texture file: 'gfx/interface/ideas/JAP/idea_JAP_Kishi_Nobusuke.dds'
[14:16:58][no_game_date][texturehandler.cpp:160]: Texture Handler encountered missing texture file: gfx/leaders/JAP/CW/Portrait_JAP_Eisaku_Soto.dds
[14:16:58][no_game_date][texturehandler.cpp:216]: Couldn't find texture file: 'gfx/leaders/JAP/CW/Portrait_JAP_Eisaku_Soto.dds'
[14:16:58][no_game_date][texturehandler.cpp:160]: Texture Handler encountered missing texture file: gfx/leaders/JAP/CW/Portrait_JAP_Takeo_Fukuda.dds
[14:16:58][no_game_date][texturehandler.cpp:216]: Couldn't find texture file: 'gfx/leaders/JAP/CW/Portrait_JAP_Takeo_Fukuda.dds'
[14:16:58][no_game_date][texturehandler.cpp:160]: Texture Handler encountered missing texture file: gfx/leaders/JAP/CW/Portrait_JAP_Masayoshi_Ohira.dds
[14:16:58][no_game_date][texturehandler.cpp:216]: Couldn't find texture file: 'gfx/leaders/JAP/CW/Portrait_JAP_Masayoshi_Ohira.dds'
[14:16:58][no_game_date][texturehandler.cpp:160]: Texture Handler encountered missing texture file: gfx/leaders/JAP/CW/Portrait_JAP_Zenko_Suzuki.dds
[14:16:58][no_game_date][texturehandler.cpp:216]: Couldn't find texture file: 'gfx/leaders/JAP/CW/Portrait_JAP_Zenko_Suzuki.dds'
[14:16:58][no_game_date][texturehandler.cpp:160]: Texture Handler encountered missing texture file: gfx/leaders/JAP/Portrait_JAP_Hiroya_Ino.dds
[14:16:58][no_game_date][texturehandler.cpp:216]: Couldn't find texture file: 'gfx/leaders/JAP/Portrait_JAP_Hiroya_Ino.dds'
[14:16:58][no_game_date][texturehandler.cpp:160]: Texture Handler encountered missing texture file: gfx/leaders/JAP/CW/Portrait_JAP_Sanzo_Nosaka.dds
[14:16:58][no_game_date][texturehandler.cpp:216]: Couldn't find texture file: 'gfx/leaders/JAP/CW/Portrait_JAP_Sanzo_Nosaka.dds'
[14:16:58][no_game_date][texturehandler.cpp:160]: Texture Handler encountered missing texture file: gfx/interface/ideas/OTT/idea_ott_ismail_enver_pasha.dds
[14:16:58][no_game_date][texturehandler.cpp:216]: Couldn't find texture file: 'gfx/interface/ideas/OTT/idea_ott_ismail_enver_pasha.dds'
[14:16:58][no_game_date][texturehandler.cpp:160]: Texture Handler encountered missing texture file: gfx/interface/ideas/OTT/idea_ott_mustafa_kemal.dds
[14:16:58][no_game_date][texturehandler.cpp:216]: Couldn't find texture file: 'gfx/interface/ideas/OTT/idea_ott_mustafa_kemal.dds'
[14:16:58][no_game_date][texturehandler.cpp:160]: Texture Handler encountered missing texture file: gfx/interface/ideas/OTT/idea_ott_mehmed_said_pasha.dds
[14:16:58][no_game_date][texturehandler.cpp:216]: Couldn't find texture file: 'gfx/interface/ideas/OTT/idea_ott_mehmed_said_pasha.dds'
[14:16:58][no_game_date][texturehandler.cpp:160]: Texture Handler encountered missing texture file: gfx/interface/ideas/OTT/idea_ott_ali_riza.dds
[14:16:58][no_game_date][texturehandler.cpp:216]: Couldn't find texture file: 'gfx/interface/ideas/OTT/idea_ott_ali_riza.dds'
[14:16:58][no_game_date][texturehandler.cpp:160]: Texture Handler encountered missing texture file: gfx/interface/ideas/OTT/idea_ott_damat_ferid_pasha.dds
[14:16:58][no_game_date][texturehandler.cpp:216]: Couldn't find texture file: 'gfx/interface/ideas/OTT/idea_ott_damat_ferid_pasha.dds'
[14:16:58][no_game_date][texturehandler.cpp:160]: Texture Handler encountered missing texture file: gfx/interface/ideas/OTT/idea_ott_ahmed_tevfik.dds
[14:16:58][no_game_date][texturehandler.cpp:216]: Couldn't find texture file: 'gfx/interface/ideas/OTT/idea_ott_ahmed_tevfik.dds'
[14:16:59][no_game_date][texturehandler.cpp:160]: Texture Handler encountered missing texture file: gfx/interface/ideas/OTT/idea_ott_mehmed_talat.dds
[14:16:59][no_game_date][texturehandler.cpp:216]: Couldn't find texture file: 'gfx/interface/ideas/OTT/idea_ott_mehmed_talat.dds'
[14:16:59][no_game_date][texturehandler.cpp:160]: Texture Handler encountered missing texture file: gfx/interface/ideas/OTT/idea_ott_said_halim.dds
[14:16:59][no_game_date][texturehandler.cpp:216]: Couldn't find texture file: 'gfx/interface/ideas/OTT/idea_ott_said_halim.dds'
[14:16:59][no_game_date][texturehandler.cpp:160]: Texture Handler encountered missing texture file: gfx/interface/ideas/OTT/idea_OTT_mustafa_suphi.dds
[14:16:59][no_game_date][texturehandler.cpp:216]: Couldn't find texture file: 'gfx/interface/ideas/OTT/idea_OTT_mustafa_suphi.dds'
[14:16:59][no_game_date][texturehandler.cpp:160]: Texture Handler encountered missing texture file: gfx/interface/ideas/OTT/idea_ott_ali_ihsan.dds
[14:16:59][no_game_date][texturehandler.cpp:216]: Couldn't find texture file: 'gfx/interface/ideas/OTT/idea_ott_ali_ihsan.dds'
[14:16:59][no_game_date][texturehandler.cpp:160]: Texture Handler encountered missing texture file: gfx/interface/ideas/OTT/idea_ott_ali_fuat.dds
[14:16:59][no_game_date][texturehandler.cpp:216]: Couldn't find texture file: 'gfx/interface/ideas/OTT/idea_ott_ali_fuat.dds'
[14:16:59][no_game_date][texturehandler.cpp:160]: Texture Handler encountered missing texture file: gfx/interface/ideas/OTT/idea_ott_mehmed_mersinli.dds
[14:16:59][no_game_date][texturehandler.cpp:216]: Couldn't find texture file: 'gfx/interface/ideas/OTT/idea_ott_mehmed_mersinli.dds'
[14:16:59][no_game_date][texturehandler.cpp:160]: Texture Handler encountered missing texture file: gfx/interface/ideas/OTT/idea_ott_cevat_cobanli.dds
[14:16:59][no_game_date][texturehandler.cpp:216]: Couldn't find texture file: 'gfx/interface/ideas/OTT/idea_ott_cevat_cobanli.dds'
[14:16:59][no_game_date][texturehandler.cpp:160]: Texture Handler encountered missing texture file: gfx/interface/ideas/OTT/idea_ott_hafiz_hakki.dds
[14:16:59][no_game_date][texturehandler.cpp:216]: Couldn't find texture file: 'gfx/interface/ideas/OTT/idea_ott_hafiz_hakki.dds'
[14:16:59][no_game_date][texturehandler.cpp:160]: Texture Handler encountered missing texture file: gfx/interface/ideas/OTT/idea_ott_halil_kut_advisor.dds
[14:16:59][no_game_date][texturehandler.cpp:216]: Couldn't find texture file: 'gfx/interface/ideas/OTT/idea_ott_halil_kut_advisor.dds'
[14:16:59][no_game_date][texturehandler.cpp:160]: Texture Handler encountered missing texture file: gfx/interface/ideas/OTT/idea_ott_ismet_inonu.dds
[14:16:59][no_game_date][texturehandler.cpp:216]: Couldn't find texture file: 'gfx/interface/ideas/OTT/idea_ott_ismet_inonu.dds'
[14:16:59][no_game_date][texturehandler.cpp:160]: Texture Handler encountered missing texture file: gfx/interface/ideas/OTT/idea_ott_wehib_pasha.dds
[14:16:59][no_game_date][texturehandler.cpp:216]: Couldn't find texture file: 'gfx/interface/ideas/OTT/idea_ott_wehib_pasha.dds'
[14:16:59][no_game_date][texturehandler.cpp:160]: Texture Handler encountered missing texture file: gfx/interface/ideas/POR/idea_POR_manuel_teixeira_gomes.dds
[14:16:59][no_game_date][texturehandler.cpp:216]: Couldn't find texture file: 'gfx/interface/ideas/POR/idea_POR_manuel_teixeira_gomes.dds'
[14:16:59][no_game_date][texturehandler.cpp:160]: Texture Handler encountered missing texture file: gfx/interface/ideas/POR/idea_POR_armando_gama_ochoa.dds
[14:16:59][no_game_date][texturehandler.cpp:216]: Couldn't find texture file: 'gfx/interface/ideas/POR/idea_POR_armando_gama_ochoa.dds'
[14:16:59][no_game_date][texturehandler.cpp:160]: Texture Handler encountered missing texture file: gfx/leaders/POR/Portrait_Portugal_Jaime_Afreixo.dds
[14:16:59][no_game_date][texturehandler.cpp:216]: Couldn't find texture file: 'gfx/leaders/POR/Portrait_Portugal_Jaime_Afreixo.dds'
[14:16:59][no_game_date][texturehandler.cpp:160]: Texture Handler encountered missing texture file: gfx/interface/ideas/POR/idea_POR_alvaro_cunhal.dds
[14:16:59][no_game_date][texturehandler.cpp:216]: Couldn't find texture file: 'gfx/interface/ideas/POR/idea_POR_alvaro_cunhal.dds'
[14:16:59][no_game_date][texturehandler.cpp:160]: Texture Handler encountered missing texture file: gfx/leaders/POR/portrait_por_alvaro_cunhal.dds
[14:16:59][no_game_date][texturehandler.cpp:216]: Couldn't find texture file: 'gfx/leaders/POR/portrait_por_alvaro_cunhal.dds'
[14:16:59][no_game_date][texturehandler.cpp:160]: Texture Handler encountered missing texture file: gfx/interface/ideas/POR/idea_POR_jose_norton_de_matos.dds
[14:16:59][no_game_date][texturehandler.cpp:216]: Couldn't find texture file: 'gfx/interface/ideas/POR/idea_POR_jose_norton_de_matos.dds'
[14:16:59][no_game_date][texturehandler.cpp:160]: Texture Handler encountered missing texture file: gfx/leaders/POR/portrait_por_jose_norton_de_matos_army.dds
[14:16:59][no_game_date][texturehandler.cpp:216]: Couldn't find texture file: 'gfx/leaders/POR/portrait_por_jose_norton_de_matos_army.dds'
[14:16:59][no_game_date][texturehandler.cpp:160]: Texture Handler encountered missing texture file: gfx/interface/ideas/por/idea_POR_rolao_pretea.dds
[14:16:59][no_game_date][texturehandler.cpp:216]: Couldn't find texture file: 'gfx/interface/ideas/por/idea_POR_rolao_pretea.dds'
[14:16:59][no_game_date][texturehandler.cpp:160]: Texture Handler encountered missing texture file: gfx/interface/ideas/POR/idea_POR_antonio_oscar_de_fragoso_carmona.dds
[14:16:59][no_game_date][texturehandler.cpp:216]: Couldn't find texture file: 'gfx/interface/ideas/POR/idea_POR_antonio_oscar_de_fragoso_carmona.dds'
[14:16:59][no_game_date][texturehandler.cpp:160]: Texture Handler encountered missing texture file: gfx/leaders/POR/Portrait_Portugal_Antonio_Carmona.dds
[14:16:59][no_game_date][texturehandler.cpp:216]: Couldn't find texture file: 'gfx/leaders/POR/Portrait_Portugal_Antonio_Carmona.dds'
[14:16:59][no_game_date][texturehandler.cpp:160]: Texture Handler encountered missing texture file: gfx/leaders/POR/Portrait_Portugal_Jose_Maria_de_Oliveira_Simoes.dds
[14:16:59][no_game_date][texturehandler.cpp:216]: Couldn't find texture file: 'gfx/leaders/POR/Portrait_Portugal_Jose_Maria_de_Oliveira_Simoes.dds'
[14:16:59][no_game_date][texturehandler.cpp:160]: Texture Handler encountered missing texture file: gfx/interface/ideas/POR/idea_POR_jose_maria_de_oliveira_simoes.dds
[14:16:59][no_game_date][texturehandler.cpp:216]: Couldn't find texture file: 'gfx/interface/ideas/POR/idea_POR_jose_maria_de_oliveira_simoes.dds'
[14:16:59][no_game_date][texturehandler.cpp:160]: Texture Handler encountered missing texture file: gfx/leaders/POR/Portrait_Aníbal_César_Valdez.dds
[14:16:59][no_game_date][texturehandler.cpp:216]: Couldn't find texture file: 'gfx/leaders/POR/Portrait_Aníbal_César_Valdez.dds'
[14:16:59][no_game_date][texturehandler.cpp:160]: Texture Handler encountered missing texture file: gfx/leaders/POR/Portrait_Domingos_Oliveira.dds
[14:16:59][no_game_date][texturehandler.cpp:216]: Couldn't find texture file: 'gfx/leaders/POR/Portrait_Domingos_Oliveira.dds'
[14:16:59][no_game_date][texturehandler.cpp:160]: Texture Handler encountered missing texture file: gfx/interface/ideas/POR/idea_POR_augusto_manuel_farinha_beirao.dds
[14:16:59][no_game_date][texturehandler.cpp:216]: Couldn't find texture file: 'gfx/interface/ideas/POR/idea_POR_augusto_manuel_farinha_beirao.dds'
[14:16:59][no_game_date][texturehandler.cpp:160]: Texture Handler encountered missing texture file: gfx/leaders/POR/Portrait_Augusto_Manuel_Farinha_Beirão.dds
[14:16:59][no_game_date][texturehandler.cpp:216]: Couldn't find texture file: 'gfx/leaders/POR/Portrait_Augusto_Manuel_Farinha_Beirão.dds'
[14:16:59][no_game_date][texturehandler.cpp:160]: Texture Handler encountered missing texture file: gfx/leaders/POR/Portrait_Tomas_da_Camara.dds
[14:16:59][no_game_date][texturehandler.cpp:216]: Couldn't find texture file: 'gfx/leaders/POR/Portrait_Tomas_da_Camara.dds'
[14:16:59][no_game_date][texturehandler.cpp:160]: Texture Handler encountered missing texture file: gfx/leaders/POR/portrait_POR_raul_augusto_esteves.dds
[14:16:59][no_game_date][texturehandler.cpp:216]: Couldn't find texture file: 'gfx/leaders/POR/portrait_POR_raul_augusto_esteves.dds'
[14:16:59][no_game_date][texturehandler.cpp:160]: Texture Handler encountered missing texture file: gfx/interface/ideas/POR/idea_POR_joao_de_almeida_civil.dds
[14:16:59][no_game_date][texturehandler.cpp:216]: Couldn't find texture file: 'gfx/interface/ideas/POR/idea_POR_joao_de_almeida_civil.dds'
[14:16:59][no_game_date][texturehandler.cpp:160]: Texture Handler encountered missing texture file: gfx/interface/ideas/POR/idea_POR_joao_de_almeida.dds
[14:16:59][no_game_date][texturehandler.cpp:216]: Couldn't find texture file: 'gfx/interface/ideas/POR/idea_POR_joao_de_almeida.dds'
[14:16:59][no_game_date][texturehandler.cpp:160]: Texture Handler encountered missing texture file: gfx/leaders/POR/Portrait_POR_Joao_Almeida.dds
[14:16:59][no_game_date][texturehandler.cpp:216]: Couldn't find texture file: 'gfx/leaders/POR/Portrait_POR_Joao_Almeida.dds'
[14:16:59][no_game_date][texturehandler.cpp:160]: Texture Handler encountered missing texture file: gfx/leaders/POR/Portrait_POR_Castro_Bilstein_Menezes.dds
[14:16:59][no_game_date][texturehandler.cpp:216]: Couldn't find texture file: 'gfx/leaders/POR/Portrait_POR_Castro_Bilstein_Menezes.dds'
[14:16:59][no_game_date][texturehandler.cpp:160]: Texture Handler encountered missing texture file: gfx/leaders/POR/Portrait_POR_Antonio_Franca_Borges.dds
[14:16:59][no_game_date][texturehandler.cpp:216]: Couldn't find texture file: 'gfx/leaders/POR/Portrait_POR_Antonio_Franca_Borges.dds'
[14:16:59][no_game_date][texturehandler.cpp:160]: Texture Handler encountered missing texture file: gfx/leaders/POR/Portrait_POR_Frederico_Costa_Lopes_da_Silva.dds
[14:16:59][no_game_date][texturehandler.cpp:216]: Couldn't find texture file: 'gfx/leaders/POR/Portrait_POR_Frederico_Costa_Lopes_da_Silva.dds'
[14:16:59][no_game_date][texturehandler.cpp:160]: Texture Handler encountered missing texture file: gfx/leaders/POR/Portrait_POR_Artur_Carlos_Barros_Basto.dds
[14:16:59][no_game_date][texturehandler.cpp:216]: Couldn't find texture file: 'gfx/leaders/POR/Portrait_POR_Artur_Carlos_Barros_Basto.dds'
[14:16:59][no_game_date][texturehandler.cpp:160]: Texture Handler encountered missing texture file: gfx/interface/ideas/POR/idea_POR_francisco_craveiro_lopes.dds
[14:16:59][no_game_date][texturehandler.cpp:216]: Couldn't find texture file: 'gfx/interface/ideas/POR/idea_POR_francisco_craveiro_lopes.dds'
[14:16:59][no_game_date][texturehandler.cpp:160]: Texture Handler encountered missing texture file: gfx/leaders/POR/Portrait_Portugal_Francisco_Higino_Craveiro_Lopes.dds
[14:16:59][no_game_date][texturehandler.cpp:216]: Couldn't find texture file: 'gfx/leaders/POR/Portrait_Portugal_Francisco_Higino_Craveiro_Lopes.dds'
[14:16:59][no_game_date][texturehandler.cpp:160]: Texture Handler encountered missing texture file: gfx/interface/ideas/POR/idea_POR_francisco_craveiro_lopes_civil.dds
[14:16:59][no_game_date][texturehandler.cpp:216]: Couldn't find texture file: 'gfx/interface/ideas/POR/idea_POR_francisco_craveiro_lopes_civil.dds'
[14:16:59][no_game_date][texturehandler.cpp:160]: Texture Handler encountered missing texture file: gfx/interface/ideas/POR/idea_POR_henrique_mitchell_de_paiva_couceiro_ww2.dds
[14:16:59][no_game_date][texturehandler.cpp:216]: Couldn't find texture file: 'gfx/interface/ideas/POR/idea_POR_henrique_mitchell_de_paiva_couceiro_ww2.dds'
[14:16:59][no_game_date][texturehandler.cpp:160]: Texture Handler encountered missing texture file: gfx/leaders/POR/Portrait_Henrique_Mitchell_de_Paiva_Couceiro.dds
[14:16:59][no_game_date][texturehandler.cpp:216]: Couldn't find texture file: 'gfx/leaders/POR/Portrait_Henrique_Mitchell_de_Paiva_Couceiro.dds'
[14:16:59][no_game_date][texturehandler.cpp:160]: Texture Handler encountered missing texture file: gfx/interface/ideas/POR/idea_POR_joao_tamagnini_barbosa_civil.dds
[14:16:59][no_game_date][texturehandler.cpp:216]: Couldn't find texture file: 'gfx/interface/ideas/POR/idea_POR_joao_tamagnini_barbosa_civil.dds'
[14:16:59][no_game_date][texturehandler.cpp:160]: Texture Handler encountered missing texture file: gfx/interface/ideas/POR/idea_POR_joao_tamagnini_barbosa.dds
[14:16:59][no_game_date][texturehandler.cpp:216]: Couldn't find texture file: 'gfx/interface/ideas/POR/idea_POR_joao_tamagnini_barbosa.dds'
[14:16:59][no_game_date][texturehandler.cpp:160]: Texture Handler encountered missing texture file: gfx/leaders/POR/Portrait_Portugal_Americo_Thomaz.dds
[14:16:59][no_game_date][texturehandler.cpp:216]: Couldn't find texture file: 'gfx/leaders/POR/Portrait_Portugal_Americo_Thomaz.dds'
[14:16:59][no_game_date][texturehandler.cpp:160]: Texture Handler encountered missing texture file: gfx/leaders/POR/Portrait_Luis_Magalhaes_Correia.dds
[14:16:59][no_game_date][texturehandler.cpp:216]: Couldn't find texture file: 'gfx/leaders/POR/Portrait_Luis_Magalhaes_Correia.dds'
[14:16:59][no_game_date][texturehandler.cpp:160]: Texture Handler encountered missing texture file: gfx/leaders/POR/Portrait_Portugal_Quintao_Meireles.dds
[14:16:59][no_game_date][texturehandler.cpp:216]: Couldn't find texture file: 'gfx/leaders/POR/Portrait_Portugal_Quintao_Meireles.dds'
[14:16:59][no_game_date][texturehandler.cpp:160]: Texture Handler encountered missing texture file: gfx/interface/ideas/POR/idea_POR_manuel_quintao_meireles.dds
[14:16:59][no_game_date][texturehandler.cpp:216]: Couldn't find texture file: 'gfx/interface/ideas/POR/idea_POR_manuel_quintao_meireles.dds'
[14:16:59][no_game_date][texturehandler.cpp:160]: Texture Handler encountered missing texture file: gfx/interface/ideas/POR/idea_POR_jose_filipe_rodrigues_de_barros.dds
[14:16:59][no_game_date][texturehandler.cpp:216]: Couldn't find texture file: 'gfx/interface/ideas/POR/idea_POR_jose_filipe_rodrigues_de_barros.dds'
[14:16:59][no_game_date][texturehandler.cpp:160]: Texture Handler encountered missing texture file: gfx/interface/ideas/POR/idea_POR_jaime_cortesao.dds
[14:16:59][no_game_date][texturehandler.cpp:216]: Couldn't find texture file: 'gfx/interface/ideas/POR/idea_POR_jaime_cortesao.dds'
[14:16:59][no_game_date][texturehandler.cpp:160]: Texture Handler encountered missing texture file: gfx/interface/ideas/POR/idea_POR_augusto_de_vasconcelos.dds
[14:16:59][no_game_date][texturehandler.cpp:216]: Couldn't find texture file: 'gfx/interface/ideas/POR/idea_POR_augusto_de_vasconcelos.dds'
[14:16:59][no_game_date][texturehandler.cpp:160]: Texture Handler encountered missing texture file: gfx/interface/ideas/POR/idea_POR_jose_adriano_rebelo_pequito.dds
[14:16:59][no_game_date][texturehandler.cpp:216]: Couldn't find texture file: 'gfx/interface/ideas/POR/idea_POR_jose_adriano_rebelo_pequito.dds'
[14:16:59][no_game_date][texturehandler.cpp:160]: Texture Handler encountered missing texture file: gfx/leaders/POR/CW/Portugal-Antonio_de_Oliveira_Salazar.dds
[14:16:59][no_game_date][texturehandler.cpp:216]: Couldn't find texture file: 'gfx/leaders/POR/CW/Portugal-Antonio_de_Oliveira_Salazar.dds'
[14:16:59][no_game_date][texturehandler.cpp:160]: Texture Handler encountered missing texture file: gfx/leaders/POR/CW/Portugal_Marcello_Caetano.dds
[14:16:59][no_game_date][texturehandler.cpp:216]: Couldn't find texture file: 'gfx/leaders/POR/CW/Portugal_Marcello_Caetano.dds'
[14:16:59][no_game_date][texturehandler.cpp:160]: Texture Handler encountered missing texture file: gfx/leaders/POR/CW/Portugal_AntonioRamalhoEanes.dds
[14:16:59][no_game_date][texturehandler.cpp:216]: Couldn't find texture file: 'gfx/leaders/POR/CW/Portugal_AntonioRamalhoEanes.dds'
[14:16:59][no_game_date][texturehandler.cpp:160]: Texture Handler encountered missing texture file: gfx/leaders/POR/CW/Portugal_MarioSoares.dds
[14:16:59][no_game_date][texturehandler.cpp:216]: Couldn't find texture file: 'gfx/leaders/POR/CW/Portugal_MarioSoares.dds'
[14:16:59][no_game_date][texturehandler.cpp:160]: Texture Handler encountered missing texture file: gfx/leaders/POR/CW/Portrait_Alvaro_Cunhal.dds
[14:16:59][no_game_date][texturehandler.cpp:216]: Couldn't find texture file: 'gfx/leaders/POR/CW/Portrait_Alvaro_Cunhal.dds'
[14:16:59][no_game_date][texturehandler.cpp:160]: Texture Handler encountered missing texture file: gfx/leaders/POR/CW/Portugal_Octávio_Pato_Marxism_1970.dds
[14:16:59][no_game_date][texturehandler.cpp:216]: Couldn't find texture file: 'gfx/leaders/POR/CW/Portugal_Octávio_Pato_Marxism_1970.dds'
[14:16:59][no_game_date][texturehandler.cpp:160]: Texture Handler encountered missing texture file: gfx/interface/ideas/CHI/idea_QIN_Yikuang.dds
[14:16:59][no_game_date][texturehandler.cpp:216]: Couldn't find texture file: 'gfx/interface/ideas/CHI/idea_QIN_Yikuang.dds'
[14:16:59][no_game_date][texturehandler.cpp:160]: Texture Handler encountered missing texture file: gfx/interface/ideas/CHI/idea_QIN_Kang_Youwei.dds
[14:16:59][no_game_date][texturehandler.cpp:216]: Couldn't find texture file: 'gfx/interface/ideas/CHI/idea_QIN_Kang_Youwei.dds'
[14:16:59][no_game_date][texturehandler.cpp:160]: Texture Handler encountered missing texture file: gfx/leaders/CHI/INT/Portrait_China_Sun_Yat_Sen_Army.dds
[14:16:59][no_game_date][texturehandler.cpp:216]: Couldn't find texture file: 'gfx/leaders/CHI/INT/Portrait_China_Sun_Yat_Sen_Army.dds'
[14:16:59][no_game_date][texturehandler.cpp:160]: Texture Handler encountered missing texture file: gfx/interface/ideas/CHI/idea_QIN_Zaitao.dds
[14:16:59][no_game_date][texturehandler.cpp:216]: Couldn't find texture file: 'gfx/interface/ideas/CHI/idea_QIN_Zaitao.dds'
[14:16:59][no_game_date][texturehandler.cpp:160]: Texture Handler encountered missing texture file: gfx/interface/ideas/CHI/idea_CHI_Wang_Shizhen.png
[14:16:59][no_game_date][texturehandler.cpp:216]: Couldn't find texture file: 'gfx/interface/ideas/CHI/idea_CHI_Wang_Shizhen.png'
[14:16:59][no_game_date][texturehandler.cpp:160]: Texture Handler encountered missing texture file: gfx/leaders/ANH/Portrait_Duan_Qirui.dds
[14:16:59][no_game_date][texturehandler.cpp:216]: Couldn't find texture file: 'gfx/leaders/ANH/Portrait_Duan_Qirui.dds'
[14:16:59][no_game_date][texturehandler.cpp:160]: Texture Handler encountered missing texture file: gfx/leaders/XSM/WW1/XSM_Ma_Qi.dds
[14:16:59][no_game_date][texturehandler.cpp:216]: Couldn't find texture file: 'gfx/leaders/XSM/WW1/XSM_Ma_Qi.dds'
[14:16:59][no_game_date][texturehandler.cpp:160]: Texture Handler encountered missing texture file: gfx/interface/ideas/CHI/idea_CHI_Sa_Zhenbing.dds
[14:16:59][no_game_date][texturehandler.cpp:216]: Couldn't find texture file: 'gfx/interface/ideas/CHI/idea_CHI_Sa_Zhenbing.dds'
[14:16:59][no_game_date][texturehandler.cpp:160]: Texture Handler encountered missing texture file: gfx/interface/ideas/CHI/idea_CHI_Cheng_Biguang.dds
[14:16:59][no_game_date][texturehandler.cpp:216]: Couldn't find texture file: 'gfx/interface/ideas/CHI/idea_CHI_Cheng_Biguang.dds'
[14:16:59][no_game_date][texturehandler.cpp:160]: Texture Handler encountered missing texture file: gfx/interface/ideas/CHI/idea_CHI_Liu_Guanxiong.png
[14:16:59][no_game_date][texturehandler.cpp:216]: Couldn't find texture file: 'gfx/interface/ideas/CHI/idea_CHI_Liu_Guanxiong.png'
[14:16:59][no_game_date][texturehandler.cpp:160]: Texture Handler encountered missing texture file: gfx/interface/ideas/CHI/idea_CHI_Liang_Qichao.dds
[14:16:59][no_game_date][texturehandler.cpp:216]: Couldn't find texture file: 'gfx/interface/ideas/CHI/idea_CHI_Liang_Qichao.dds'
[14:16:59][no_game_date][texturehandler.cpp:160]: Texture Handler encountered missing texture file: gfx/interface/ideas/CHI/idea_QIN_zaixun.dds
[14:16:59][no_game_date][texturehandler.cpp:216]: Couldn't find texture file: 'gfx/interface/ideas/CHI/idea_QIN_zaixun.dds'
[14:16:59][no_game_date][texturehandler.cpp:160]: Texture Handler encountered missing texture file: gfx/leaders/RAJ/INT/Portrait_British_Raj_Freeman_Freeman_Thomas.dds
[14:16:59][no_game_date][texturehandler.cpp:216]: Couldn't find texture file: 'gfx/leaders/RAJ/INT/Portrait_British_Raj_Freeman_Freeman_Thomas.dds'
[14:16:59][no_game_date][texturehandler.cpp:160]: Texture Handler encountered missing texture file: gfx/leaders/RAJ/Portrait_The_Raj_Victor_Hope.dds
[14:16:59][no_game_date][texturehandler.cpp:216]: Couldn't find texture file: 'gfx/leaders/RAJ/Portrait_The_Raj_Victor_Hope.dds'
[14:16:59][no_game_date][texturehandler.cpp:160]: Texture Handler encountered missing texture file: gfx/leaders/RAJ/Portrait_The_Raj_Archibald_Wavell.dds
[14:16:59][no_game_date][texturehandler.cpp:216]: Couldn't find texture file: 'gfx/leaders/RAJ/Portrait_The_Raj_Archibald_Wavell.dds'
[14:16:59][no_game_date][texturehandler.cpp:160]: Texture Handler encountered missing texture file: gfx/interface/ideas/RAJ/idea_RAJ_Muhammad_Ali_Jinnah_WWI.dds
[14:16:59][no_game_date][texturehandler.cpp:216]: Couldn't find texture file: 'gfx/interface/ideas/RAJ/idea_RAJ_Muhammad_Ali_Jinnah_WWI.dds'
[14:16:59][no_game_date][texturehandler.cpp:160]: Texture Handler encountered missing texture file: gfx/leaders/RAJ/Portrait_Vice_Admiral_Ram_Dass_Katari.dds
[14:16:59][no_game_date][texturehandler.cpp:216]: Couldn't find texture file: 'gfx/leaders/RAJ/Portrait_Vice_Admiral_Ram_Dass_Katari.dds'
[14:16:59][no_game_date][texturehandler.cpp:160]: Texture Handler encountered missing texture file: gfx/leaders/RAJ/Portrait_Jawaharlal_Nehru.dds
[14:16:59][no_game_date][texturehandler.cpp:216]: Couldn't find texture file: 'gfx/leaders/RAJ/Portrait_Jawaharlal_Nehru.dds'
[14:16:59][no_game_date][texturehandler.cpp:160]: Texture Handler encountered missing texture file: gfx/leaders/RON_Generic/LATINO_MALE3.dds
[14:16:59][no_game_date][texturehandler.cpp:216]: Couldn't find texture file: 'gfx/leaders/RON_Generic/LATINO_MALE3.dds'
[14:16:59][no_game_date][texturehandler.cpp:160]: Texture Handler encountered missing texture file: gfx/leaders/RON_Generic/ARABIC_DEMOCRAT3.dds
[14:16:59][no_game_date][texturehandler.cpp:216]: Couldn't find texture file: 'gfx/leaders/RON_Generic/ARABIC_DEMOCRAT3.dds'
[14:16:59][no_game_date][texturehandler.cpp:160]: Texture Handler encountered missing texture file: gfx/leaders/RON_Generic/INDIAN_DEMOCRAT1.dds
[14:16:59][no_game_date][texturehandler.cpp:216]: Couldn't find texture file: 'gfx/leaders/RON_Generic/INDIAN_DEMOCRAT1.dds'
[14:16:59][no_game_date][texturehandler.cpp:160]: Texture Handler encountered missing texture file: gfx/leaders/RON_Generic/Islamic_Indian1.dds
[14:16:59][no_game_date][texturehandler.cpp:216]: Couldn't find texture file: 'gfx/leaders/RON_Generic/Islamic_Indian1.dds'
[14:16:59][no_game_date][texturehandler.cpp:160]: Texture Handler encountered missing texture file: gfx/leaders/RON_Generic/INDIAN_LEFT2.dds
[14:16:59][no_game_date][texturehandler.cpp:216]: Couldn't find texture file: 'gfx/leaders/RON_Generic/INDIAN_LEFT2.dds'
[14:16:59][no_game_date][texturehandler.cpp:160]: Texture Handler encountered missing texture file: gfx/leaders/RON_Generic/ARABIC_LEFT3.dds
[14:16:59][no_game_date][texturehandler.cpp:216]: Couldn't find texture file: 'gfx/leaders/RON_Generic/ARABIC_LEFT3.dds'
[14:16:59][no_game_date][texturehandler.cpp:160]: Texture Handler encountered missing texture file: gfx/leaders/RON_Generic/INDIAN_DEMOCRAT3.dds
[14:16:59][no_game_date][texturehandler.cpp:216]: Couldn't find texture file: 'gfx/leaders/RON_Generic/INDIAN_DEMOCRAT3.dds'
[14:16:59][no_game_date][texturehandler.cpp:160]: Texture Handler encountered missing texture file: gfx/leaders/RON_Generic/LATINO_FEMALE2.dds
[14:16:59][no_game_date][texturehandler.cpp:216]: Couldn't find texture file: 'gfx/leaders/RON_Generic/LATINO_FEMALE2.dds'
[14:16:59][no_game_date][texturehandler.cpp:160]: Texture Handler encountered missing texture file: gfx/leaders/RON_Generic/ARABIC_NEUTRAL1.dds
[14:16:59][no_game_date][texturehandler.cpp:216]: Couldn't find texture file: 'gfx/leaders/RON_Generic/ARABIC_NEUTRAL1.dds'
[14:16:59][no_game_date][texturehandler.cpp:160]: Texture Handler encountered missing texture file: gfx/leaders/RON_Generic/INDIAN_NEUTRAL1.dds
[14:16:59][no_game_date][texturehandler.cpp:216]: Couldn't find texture file: 'gfx/leaders/RON_Generic/INDIAN_NEUTRAL1.dds'
[14:16:59][no_game_date][texturehandler.cpp:160]: Texture Handler encountered missing texture file: gfx/leaders/RON_Generic/INDIAN_LEFT3.dds
[14:16:59][no_game_date][texturehandler.cpp:216]: Couldn't find texture file: 'gfx/leaders/RON_Generic/INDIAN_LEFT3.dds'
[14:16:59][no_game_date][texturehandler.cpp:160]: Texture Handler encountered missing texture file: gfx/leaders/Europe/Portrait_Europe_Generic_19.dds
[14:16:59][no_game_date][texturehandler.cpp:216]: Couldn't find texture file: 'gfx/leaders/Europe/Portrait_Europe_Generic_19.dds'
[14:16:59][no_game_date][texturehandler.cpp:160]: Texture Handler encountered missing texture file: gfx/leaders/RON_Generic/INDIAN_RIGHT2.dds
[14:16:59][no_game_date][texturehandler.cpp:216]: Couldn't find texture file: 'gfx/leaders/RON_Generic/INDIAN_RIGHT2.dds'
[14:16:59][no_game_date][texturehandler.cpp:160]: Texture Handler encountered missing texture file: gfx/interface/ideas/RUS/idea_RUS_Nicholas_II.dds
[14:16:59][no_game_date][texturehandler.cpp:216]: Couldn't find texture file: 'gfx/interface/ideas/RUS/idea_RUS_Nicholas_II.dds'
[14:16:59][no_game_date][texturehandler.cpp:160]: Texture Handler encountered missing texture file: gfx/leaders/RUS/Portrait_Russia_Alexis_II.dds
[14:16:59][no_game_date][texturehandler.cpp:216]: Couldn't find texture file: 'gfx/leaders/RUS/Portrait_Russia_Alexis_II.dds'
[14:16:59][no_game_date][texturehandler.cpp:160]: Texture Handler encountered missing texture file: gfx/interface/ideas/RUS/idea_RUS_pyotr_stolypin.dds
[14:16:59][no_game_date][texturehandler.cpp:216]: Couldn't find texture file: 'gfx/interface/ideas/RUS/idea_RUS_pyotr_stolypin.dds'
[14:16:59][no_game_date][texturehandler.cpp:160]: Texture Handler encountered missing texture file: gfx/interface/ideas/RUS/idea_RUS_Alexander_Kolchak.dds
[14:16:59][no_game_date][texturehandler.cpp:216]: Couldn't find texture file: 'gfx/interface/ideas/RUS/idea_RUS_Alexander_Kolchak.dds'
[14:16:59][no_game_date][texturehandler.cpp:160]: Texture Handler encountered missing texture file: gfx/interface/ideas/RUS/idea_RUS_anton_denikin.dds
[14:16:59][no_game_date][texturehandler.cpp:216]: Couldn't find texture file: 'gfx/interface/ideas/RUS/idea_RUS_anton_denikin.dds'
[14:16:59][no_game_date][texturehandler.cpp:160]: Texture Handler encountered missing texture file: gfx/interface/ideas/RUS/idea_RUS_lavr_kornilov.dds
[14:16:59][no_game_date][texturehandler.cpp:216]: Couldn't find texture file: 'gfx/interface/ideas/RUS/idea_RUS_lavr_kornilov.dds'
[14:16:59][no_game_date][texturehandler.cpp:160]: Texture Handler encountered missing texture file: gfx/interface/ideas/RUS/idea_RUS_pavel_milyukov.dds
[14:16:59][no_game_date][texturehandler.cpp:216]: Couldn't find texture file: 'gfx/interface/ideas/RUS/idea_RUS_pavel_milyukov.dds'
[14:16:59][no_game_date][texturehandler.cpp:160]: Texture Handler encountered missing texture file: gfx/interface/ideas/RUS/idea_RUS_viktor_chernov.dds
[14:16:59][no_game_date][texturehandler.cpp:216]: Couldn't find texture file: 'gfx/interface/ideas/RUS/idea_RUS_viktor_chernov.dds'
[14:16:59][no_game_date][texturehandler.cpp:160]: Texture Handler encountered missing texture file: gfx/interface/ideas/RUS/idea_RUS_Nikolai_Ustryalov.dds
[14:16:59][no_game_date][texturehandler.cpp:216]: Couldn't find texture file: 'gfx/interface/ideas/RUS/idea_RUS_Nikolai_Ustryalov.dds'
[14:16:59][no_game_date][texturehandler.cpp:160]: Texture Handler encountered missing texture file: gfx/interface/ideas/RUS/idea_RUS_Nikolai_Nikolaevich.dds
[14:16:59][no_game_date][texturehandler.cpp:216]: Couldn't find texture file: 'gfx/interface/ideas/RUS/idea_RUS_Nikolai_Nikolaevich.dds'
[14:16:59][no_game_date][texturehandler.cpp:160]: Texture Handler encountered missing texture file: gfx/leaders/RUS/Portrait_RUS_Boris_Vladimirovich_Romanov.dds
[14:16:59][no_game_date][texturehandler.cpp:216]: Couldn't find texture file: 'gfx/leaders/RUS/Portrait_RUS_Boris_Vladimirovich_Romanov.dds'
[14:16:59][no_game_date][texturehandler.cpp:160]: Texture Handler encountered missing texture file: gfx/leaders/RUS/Vladimir_Kirillovich.dds
[14:16:59][no_game_date][texturehandler.cpp:216]: Couldn't find texture file: 'gfx/leaders/RUS/Vladimir_Kirillovich.dds'
[14:16:59][no_game_date][texturehandler.cpp:160]: Texture Handler encountered missing texture file: gfx/leaders/RUS/Portrait_RUS_Grand_Duchess_Maria_Nikolaevna_Romanov.dds
[14:16:59][no_game_date][texturehandler.cpp:216]: Couldn't find texture file: 'gfx/leaders/RUS/Portrait_RUS_Grand_Duchess_Maria_Nikolaevna_Romanov.dds'
[14:16:59][no_game_date][texturehandler.cpp:160]: Texture Handler encountered missing texture file: gfx/leaders/RUS/INT/Grand_Duchess_Anastasia_Romanov.dds
[14:16:59][no_game_date][texturehandler.cpp:216]: Couldn't find texture file: 'gfx/leaders/RUS/INT/Grand_Duchess_Anastasia_Romanov.dds'
[14:16:59][no_game_date][texturehandler.cpp:160]: Texture Handler encountered missing texture file: gfx/leaders/RUS/Portrait_RUS_Prince_Andrei_Alexandrovich_of_Russia.dds
[14:16:59][no_game_date][texturehandler.cpp:216]: Couldn't find texture file: 'gfx/leaders/RUS/Portrait_RUS_Prince_Andrei_Alexandrovich_of_Russia.dds'
[14:16:59][no_game_date][texturehandler.cpp:160]: Texture Handler encountered missing texture file: gfx/leaders/RUS/Provisional_Government.dds
[14:16:59][no_game_date][texturehandler.cpp:216]: Couldn't find texture file: 'gfx/leaders/RUS/Provisional_Government.dds'
[14:16:59][no_game_date][texturehandler.cpp:160]: Texture Handler encountered missing texture file: gfx/leaders/RUS/MD/Vladimir_Putin.dds
[14:16:59][no_game_date][texturehandler.cpp:216]: Couldn't find texture file: 'gfx/leaders/RUS/MD/Vladimir_Putin.dds'
[14:16:59][no_game_date][texturehandler.cpp:160]: Texture Handler encountered missing texture file: gfx/leaders/RUS/CW/RUS_Boris_Yeltsin.dds
[14:16:59][no_game_date][texturehandler.cpp:216]: Couldn't find texture file: 'gfx/leaders/RUS/CW/RUS_Boris_Yeltsin.dds'
[14:16:59][no_game_date][texturehandler.cpp:160]: Texture Handler encountered missing texture file: gfx/leaders/RUS/MD/Russia_Gennady_Zyuganov_Stalinism_2000.dds
[14:16:59][no_game_date][texturehandler.cpp:216]: Couldn't find texture file: 'gfx/leaders/RUS/MD/Russia_Gennady_Zyuganov_Stalinism_2000.dds'
[14:16:59][no_game_date][texturehandler.cpp:160]: Texture Handler encountered missing texture file: gfx/interface/ideas/RUS/idea_RUS_Alexei_Brusilov.dds
[14:16:59][no_game_date][texturehandler.cpp:216]: Couldn't find texture file: 'gfx/interface/ideas/RUS/idea_RUS_Alexei_Brusilov.dds'
[14:16:59][no_game_date][texturehandler.cpp:160]: Texture Handler encountered missing texture file: gfx/interface/ideas/RUS/idea_RUS_Alexei_Polivanov.dds
[14:16:59][no_game_date][texturehandler.cpp:216]: Couldn't find texture file: 'gfx/interface/ideas/RUS/idea_RUS_Alexei_Polivanov.dds'
[14:16:59][no_game_date][texturehandler.cpp:160]: Texture Handler encountered missing texture file: gfx/interface/ideas/RUS/idea_RUS_Alexander_Samsonov.dds
[14:16:59][no_game_date][texturehandler.cpp:216]: Couldn't find texture file: 'gfx/interface/ideas/RUS/idea_RUS_Alexander_Samsonov.dds'
[14:16:59][no_game_date][texturehandler.cpp:160]: Texture Handler encountered missing texture file: gfx/interface/ideas/RUS/idea_RUS_mikhail_alexeev.dds
[14:16:59][no_game_date][texturehandler.cpp:216]: Couldn't find texture file: 'gfx/interface/ideas/RUS/idea_RUS_mikhail_alexeev.dds'
[14:16:59][no_game_date][texturehandler.cpp:160]: Texture Handler encountered missing texture file: gfx/interface/ideas/RUS/idea_RUS_Vladimir_Sukhomlinov.dds
[14:16:59][no_game_date][texturehandler.cpp:216]: Couldn't find texture file: 'gfx/interface/ideas/RUS/idea_RUS_Vladimir_Sukhomlinov.dds'
[14:16:59][no_game_date][texturehandler.cpp:160]: Texture Handler encountered missing texture file: gfx/interface/ideas/RUS/idea_RUS_Vladimir_Sakharov.dds
[14:16:59][no_game_date][texturehandler.cpp:216]: Couldn't find texture file: 'gfx/interface/ideas/RUS/idea_RUS_Vladimir_Sakharov.dds'
[14:16:59][no_game_date][texturehandler.cpp:160]: Texture Handler encountered missing texture file: gfx/interface/ideas/RUS/idea_RUS_Fyodor_Keller.dds
[14:16:59][no_game_date][texturehandler.cpp:216]: Couldn't find texture file: 'gfx/interface/ideas/RUS/idea_RUS_Fyodor_Keller.dds'
[14:16:59][no_game_date][texturehandler.cpp:160]: Texture Handler encountered missing texture file: gfx/interface/ideas/RUS/idea_RUS_Dmitry_Shcherbachev.dds
[14:16:59][no_game_date][texturehandler.cpp:216]: Couldn't find texture file: 'gfx/interface/ideas/RUS/idea_RUS_Dmitry_Shcherbachev.dds'
[14:16:59][no_game_date][texturehandler.cpp:160]: Texture Handler encountered missing texture file: gfx/interface/ideas/RUS/idea_RUS_Nikolay_Yanushkevich.dds
[14:16:59][no_game_date][texturehandler.cpp:216]: Couldn't find texture file: 'gfx/interface/ideas/RUS/idea_RUS_Nikolay_Yanushkevich.dds'
[14:16:59][no_game_date][texturehandler.cpp:160]: Texture Handler encountered missing texture file: gfx/leaders/RUS/Portrait_Russia_Prince_Ioann_Konstantinovich.dds
[14:16:59][no_game_date][texturehandler.cpp:216]: Couldn't find texture file: 'gfx/leaders/RUS/Portrait_Russia_Prince_Ioann_Konstantinovich.dds'
[14:16:59][no_game_date][texturehandler.cpp:160]: Texture Handler encountered missing texture file: gfx/leaders/DON/DON_Afrikan_Petrovich_Bogaewsky.dds
[14:16:59][no_game_date][texturehandler.cpp:216]: Couldn't find texture file: 'gfx/leaders/DON/DON_Afrikan_Petrovich_Bogaewsky.dds'
[14:17:00][no_game_date][texturehandler.cpp:160]: Texture Handler encountered missing texture file: gfx/interface/ideas/RUS/idea_RUS_Ivan_Erdely.dds
[14:17:00][no_game_date][texturehandler.cpp:216]: Couldn't find texture file: 'gfx/interface/ideas/RUS/idea_RUS_Ivan_Erdely.dds'
[14:17:00][no_game_date][texturehandler.cpp:160]: Texture Handler encountered missing texture file: gfx/interface/ideas/RUS/idea_RUS_paul_von_plehwe.dds
[14:17:00][no_game_date][texturehandler.cpp:216]: Couldn't find texture file: 'gfx/interface/ideas/RUS/idea_RUS_paul_von_plehwe.dds'
[14:17:00][no_game_date][texturehandler.cpp:160]: Texture Handler encountered missing texture file: gfx/interface/ideas/RUS/idea_RUS_aleksandr_lukomsky.dds
[14:17:00][no_game_date][texturehandler.cpp:216]: Couldn't find texture file: 'gfx/interface/ideas/RUS/idea_RUS_aleksandr_lukomsky.dds'
[14:17:00][no_game_date][texturehandler.cpp:160]: Texture Handler encountered missing texture file: gfx/interface/ideas/RUS/idea_RUS_Vasiliy_Maklakov.dds
[14:17:00][no_game_date][texturehandler.cpp:216]: Couldn't find texture file: 'gfx/interface/ideas/RUS/idea_RUS_Vasiliy_Maklakov.dds'
[14:17:00][no_game_date][texturehandler.cpp:160]: Texture Handler encountered missing texture file: gfx/interface/ideas/RUS/idea_RUS_vasily_shulgin.dds
[14:17:00][no_game_date][texturehandler.cpp:216]: Couldn't find texture file: 'gfx/interface/ideas/RUS/idea_RUS_vasily_shulgin.dds'
[14:17:00][no_game_date][texturehandler.cpp:160]: Texture Handler encountered missing texture file: gfx/interface/ideas/RUS/idea_RUS_grigori_rasputin.dds
[14:17:00][no_game_date][texturehandler.cpp:216]: Couldn't find texture file: 'gfx/interface/ideas/RUS/idea_RUS_grigori_rasputin.dds'
[14:17:00][no_game_date][texturehandler.cpp:160]: Texture Handler encountered missing texture file: gfx/interface/ideas/RUS/idea_RUS_alexander_kazakov.dds
[14:17:00][no_game_date][texturehandler.cpp:216]: Couldn't find texture file: 'gfx/interface/ideas/RUS/idea_RUS_alexander_kazakov.dds'
[14:17:00][no_game_date][texturehandler.cpp:160]: Texture Handler encountered missing texture file: gfx/interface/ideas/RUS/idea_RUS_Vladimir_Kokovtsov.dds
[14:17:00][no_game_date][texturehandler.cpp:216]: Couldn't find texture file: 'gfx/interface/ideas/RUS/idea_RUS_Vladimir_Kokovtsov.dds'
[14:17:00][no_game_date][texturehandler.cpp:160]: Texture Handler encountered missing texture file: gfx/interface/ideas/RUS/idea_RUS_boris_savinkov.dds
[14:17:00][no_game_date][texturehandler.cpp:216]: Couldn't find texture file: 'gfx/interface/ideas/RUS/idea_RUS_boris_savinkov.dds'
[14:17:00][no_game_date][texturehandler.cpp:160]: Texture Handler encountered missing texture file: gfx/interface/ideas/RUS/idea_RUS_Boris_Sturmer.dds
[14:17:00][no_game_date][texturehandler.cpp:216]: Couldn't find texture file: 'gfx/interface/ideas/RUS/idea_RUS_Boris_Sturmer.dds'
[14:17:00][no_game_date][texturehandler.cpp:160]: Texture Handler encountered missing texture file: gfx/interface/ideas/RUS/idea_RUS_Nikolai_Tchaikovsky.dds
[14:17:00][no_game_date][texturehandler.cpp:216]: Couldn't find texture file: 'gfx/interface/ideas/RUS/idea_RUS_Nikolai_Tchaikovsky.dds'
[14:17:00][no_game_date][texturehandler.cpp:160]: Texture Handler encountered missing texture file: gfx/interface/ideas/RUS/idea_RUS_pyotr_kropotkin.dds
[14:17:00][no_game_date][texturehandler.cpp:216]: Couldn't find texture file: 'gfx/interface/ideas/RUS/idea_RUS_pyotr_kropotkin.dds'
[14:17:00][no_game_date][texturehandler.cpp:160]: Texture Handler encountered missing texture file: gfx/interface/ideas/RUS/idea_RUS_pyotr_struve.dds
[14:17:00][no_game_date][texturehandler.cpp:216]: Couldn't find texture file: 'gfx/interface/ideas/RUS/idea_RUS_pyotr_struve.dds'
[14:17:00][no_game_date][texturehandler.cpp:160]: Texture Handler encountered missing texture file: gfx/interface/ideas/RUS/idea_RUS_nicholas_golovin.dds
[14:17:00][no_game_date][texturehandler.cpp:216]: Couldn't find texture file: 'gfx/interface/ideas/RUS/idea_RUS_nicholas_golovin.dds'
[14:17:00][no_game_date][texturehandler.cpp:160]: Texture Handler encountered missing texture file: gfx/leaders/SPR/Portrait_Spain_Caballero.dds
[14:17:00][no_game_date][texturehandler.cpp:216]: Couldn't find texture file: 'gfx/leaders/SPR/Portrait_Spain_Caballero.dds'
[14:17:00][no_game_date][texturehandler.cpp:160]: Texture Handler encountered missing texture file: gfx/leaders/SPR/INT/Jose_Riquelme_y_Lopez_Bago.dds
[14:17:00][no_game_date][texturehandler.cpp:216]: Couldn't find texture file: 'gfx/leaders/SPR/INT/Jose_Riquelme_y_Lopez_Bago.dds'
[14:17:00][no_game_date][texturehandler.cpp:160]: Texture Handler encountered missing texture file: gfx/leaders/SPR/INT/Jose_Moscardo_Ituarte.dds
[14:17:00][no_game_date][texturehandler.cpp:216]: Couldn't find texture file: 'gfx/leaders/SPR/INT/Jose_Moscardo_Ituarte.dds'
[14:17:00][no_game_date][texturehandler.cpp:160]: Texture Handler encountered missing texture file: gfx/leaders/SPR/INT/Jose_Aranguren_Roldan.dds
[14:17:00][no_game_date][texturehandler.cpp:216]: Couldn't find texture file: 'gfx/leaders/SPR/INT/Jose_Aranguren_Roldan.dds'
[14:17:00][no_game_date][texturehandler.cpp:160]: Texture Handler encountered missing texture file: gfx/leaders/SPR/INT/Portrait_SPR_Jose_Maria_Fernandez_Ladreda.dds
[14:17:00][no_game_date][texturehandler.cpp:216]: Couldn't find texture file: 'gfx/leaders/SPR/INT/Portrait_SPR_Jose_Maria_Fernandez_Ladreda.dds'
[14:17:00][no_game_date][texturehandler.cpp:160]: Texture Handler encountered missing texture file: gfx/leaders/SPR/INT/Portrait_SPR_Jose_Maria_Fernandez_Ladreda_Scientist.dds
[14:17:00][no_game_date][texturehandler.cpp:216]: Couldn't find texture file: 'gfx/leaders/SPR/INT/Portrait_SPR_Jose_Maria_Fernandez_Ladreda_Scientist.dds'
[14:17:00][no_game_date][texturehandler.cpp:160]: Texture Handler encountered missing texture file: gfx/leaders/SPA/Portrait_SPA_Juan_Vigon_Suero-Diaz.dds
[14:17:00][no_game_date][texturehandler.cpp:216]: Couldn't find texture file: 'gfx/leaders/SPA/Portrait_SPA_Juan_Vigon_Suero-Diaz.dds'
[14:17:00][no_game_date][texturehandler.cpp:160]: Texture Handler encountered missing texture file: gfx/leaders/SPR/Portrait_Spain_Francisco_Franco.dds
[14:17:00][no_game_date][texturehandler.cpp:216]: Couldn't find texture file: 'gfx/leaders/SPR/Portrait_Spain_Francisco_Franco.dds'
[14:17:00][no_game_date][texturehandler.cpp:160]: Texture Handler encountered missing texture file: gfx/leaders/SPR/Portrait_Spain_Juan_III.dds
[14:17:00][no_game_date][texturehandler.cpp:216]: Couldn't find texture file: 'gfx/leaders/SPR/Portrait_Spain_Juan_III.dds'
[14:17:00][no_game_date][texturehandler.cpp:160]: Texture Handler encountered missing texture file: gfx/leaders/SPR/CW/Portrait_Spain_Santiago_Carillo.dds
[14:17:00][no_game_date][texturehandler.cpp:216]: Couldn't find texture file: 'gfx/leaders/SPR/CW/Portrait_Spain_Santiago_Carillo.dds'
[14:17:00][no_game_date][texturehandler.cpp:160]: Texture Handler encountered missing texture file: gfx/leaders/SPR/CW/Portrait_Spain_Adolfo_Suarez.dds
[14:17:00][no_game_date][texturehandler.cpp:216]: Couldn't find texture file: 'gfx/leaders/SPR/CW/Portrait_Spain_Adolfo_Suarez.dds'
[14:17:00][no_game_date][texturehandler.cpp:160]: Texture Handler encountered missing texture file: gfx/leaders/SPR/MD/Portrait_Spain_Juan_Carlos_I.dds
[14:17:00][no_game_date][texturehandler.cpp:216]: Couldn't find texture file: 'gfx/leaders/SPR/MD/Portrait_Spain_Juan_Carlos_I.dds'
[14:17:00][no_game_date][texturehandler.cpp:160]: Texture Handler encountered missing texture file: gfx/leaders/SPR/CW/Spain_FelipeGonzalez.dds
[14:17:00][no_game_date][texturehandler.cpp:216]: Couldn't find texture file: 'gfx/leaders/SPR/CW/Spain_FelipeGonzalez.dds'
[14:17:00][no_game_date][texturehandler.cpp:160]: Texture Handler encountered missing texture file: gfx/leaders/SPR/MD/Spain_José_María_Aznar.dds
[14:17:00][no_game_date][texturehandler.cpp:216]: Couldn't find texture file: 'gfx/leaders/SPR/MD/Spain_José_María_Aznar.dds'
[14:17:00][no_game_date][texturehandler.cpp:160]: Texture Handler encountered missing texture file: gfx/leaders/SPR/MD/Spain_Carmelo_Suárez_Stalinism_2000.dds
[14:17:00][no_game_date][texturehandler.cpp:216]: Couldn't find texture file: 'gfx/leaders/SPR/MD/Spain_Carmelo_Suárez_Stalinism_2000.dds'
[14:17:00][no_game_date][texturehandler.cpp:160]: Texture Handler encountered missing texture file: gfx/leaders/SPR/MD/Spain_Pedro_Pablo_Peña_Neo_Nazism_2000.dds
[14:17:00][no_game_date][texturehandler.cpp:216]: Couldn't find texture file: 'gfx/leaders/SPR/MD/Spain_Pedro_Pablo_Peña_Neo_Nazism_2000.dds'
[14:17:00][no_game_date][texturehandler.cpp:160]: Texture Handler encountered missing texture file: gfx/leaders/SPR/MD/Spain_José_Luis_Rodríguez_Zapatero.dds
[14:17:00][no_game_date][texturehandler.cpp:216]: Couldn't find texture file: 'gfx/leaders/SPR/MD/Spain_José_Luis_Rodríguez_Zapatero.dds'
[14:17:00][no_game_date][texturehandler.cpp:160]: Texture Handler encountered missing texture file: gfx/leaders/SPR/MD/Spain-Mariano_Rajoy.dds
[14:17:00][no_game_date][texturehandler.cpp:216]: Couldn't find texture file: 'gfx/leaders/SPR/MD/Spain-Mariano_Rajoy.dds'
[14:17:00][no_game_date][texturehandler.cpp:160]: Texture Handler encountered missing texture file: gfx/leaders/SPR/MD/SPR_Pedro_Sánchez_Social_Democracy.dds
[14:17:00][no_game_date][texturehandler.cpp:216]: Couldn't find texture file: 'gfx/leaders/SPR/MD/SPR_Pedro_Sánchez_Social_Democracy.dds'
[14:17:00][no_game_date][texturehandler.cpp:160]: Texture Handler encountered missing texture file: gfx/leaders/SPR/MD/SPR_Felipe_VI_Despotism.dds
[14:17:00][no_game_date][texturehandler.cpp:216]: Couldn't find texture file: 'gfx/leaders/SPR/MD/SPR_Felipe_VI_Despotism.dds'
[14:17:00][no_game_date][texturehandler.cpp:160]: Texture Handler encountered missing texture file: gfx/interface/ideas/SPR/advisors/idea_SPA_Salvador_Bermudez_de_Castro.dds
[14:17:00][no_game_date][texturehandler.cpp:216]: Couldn't find texture file: 'gfx/interface/ideas/SPR/advisors/idea_SPA_Salvador_Bermudez_de_Castro.dds'
[14:17:00][no_game_date][texturehandler.cpp:160]: Texture Handler encountered missing texture file: gfx/interface/ideas/SPR/advisors/idea_SPA_Manuel_Garcia_Prieto.dds
[14:17:00][no_game_date][texturehandler.cpp:216]: Couldn't find texture file: 'gfx/interface/ideas/SPR/advisors/idea_SPA_Manuel_Garcia_Prieto.dds'
[14:17:00][no_game_date][texturehandler.cpp:160]: Texture Handler encountered missing texture file: gfx/interface/ideas/SPR/advisors/idea_SPA_Juan_Navarro_Reverter.dds
[14:17:00][no_game_date][texturehandler.cpp:216]: Couldn't find texture file: 'gfx/interface/ideas/SPR/advisors/idea_SPA_Juan_Navarro_Reverter.dds'
[14:17:00][no_game_date][texturehandler.cpp:160]: Texture Handler encountered missing texture file: gfx/interface/ideas/SPR/advisors/idea_SPA_Antonio_Lopez_Munoz.dds
[14:17:00][no_game_date][texturehandler.cpp:216]: Couldn't find texture file: 'gfx/interface/ideas/SPR/advisors/idea_SPA_Antonio_Lopez_Munoz.dds'
[14:17:00][no_game_date][texturehandler.cpp:160]: Texture Handler encountered missing texture file: gfx/interface/ideas/SPR/advisors/idea_SPA_Miguel_Villanueva.dds
[14:17:00][no_game_date][texturehandler.cpp:216]: Couldn't find texture file: 'gfx/interface/ideas/SPR/advisors/idea_SPA_Miguel_Villanueva.dds'
[14:17:00][no_game_date][texturehandler.cpp:160]: Texture Handler encountered missing texture file: gfx/interface/ideas/SPR/advisors/idea_SPA_Alvaro_de_Figueroa.dds
[14:17:00][no_game_date][texturehandler.cpp:216]: Couldn't find texture file: 'gfx/interface/ideas/SPR/advisors/idea_SPA_Alvaro_de_Figueroa.dds'
[14:17:00][no_game_date][texturehandler.cpp:160]: Texture Handler encountered missing texture file: gfx/interface/ideas/SPR/advisors/idea_SPA_Amalio_Gimeno.dds
[14:17:00][no_game_date][texturehandler.cpp:216]: Couldn't find texture file: 'gfx/interface/ideas/SPR/advisors/idea_SPA_Amalio_Gimeno.dds'
[14:17:00][no_game_date][texturehandler.cpp:160]: Texture Handler encountered missing texture file: gfx/interface/ideas/SPR/advisors/idea_SPA_Gabino_Bugallal.dds
[14:17:00][no_game_date][texturehandler.cpp:216]: Couldn't find texture file: 'gfx/interface/ideas/SPR/advisors/idea_SPA_Gabino_Bugallal.dds'
[14:17:00][no_game_date][texturehandler.cpp:160]: Texture Handler encountered missing texture file: gfx/interface/ideas/SPR/advisors/idea_SPA_Jose_Calvo_Sotelo.dds
[14:17:00][no_game_date][texturehandler.cpp:216]: Couldn't find texture file: 'gfx/interface/ideas/SPR/advisors/idea_SPA_Jose_Calvo_Sotelo.dds'
[14:17:00][no_game_date][texturehandler.cpp:160]: Texture Handler encountered missing texture file: gfx/interface/ideas/SPR/advisors/idea_SPA_Augusto_Gonzalez_Besada.dds
[14:17:00][no_game_date][texturehandler.cpp:216]: Couldn't find texture file: 'gfx/interface/ideas/SPR/advisors/idea_SPA_Augusto_Gonzalez_Besada.dds'
[14:17:00][no_game_date][texturehandler.cpp:160]: Texture Handler encountered missing texture file: gfx/interface/ideas/SPR/advisors/idea_SPA_Felix_Suarez_Inclan.dds
[14:17:00][no_game_date][texturehandler.cpp:216]: Couldn't find texture file: 'gfx/interface/ideas/SPR/advisors/idea_SPA_Felix_Suarez_Inclan.dds'
[14:17:00][no_game_date][texturehandler.cpp:160]: Texture Handler encountered missing texture file: gfx/interface/ideas/SPR/advisors/idea_SPA_Angel_Urzaiz.dds
[14:17:00][no_game_date][texturehandler.cpp:216]: Couldn't find texture file: 'gfx/interface/ideas/SPR/advisors/idea_SPA_Angel_Urzaiz.dds'
[14:17:00][no_game_date][texturehandler.cpp:160]: Texture Handler encountered missing texture file: gfx/interface/ideas/SPR/advisors/idea_SPA_Santiago_Alba_Bonifaz.dds
[14:17:00][no_game_date][texturehandler.cpp:216]: Couldn't find texture file: 'gfx/interface/ideas/SPR/advisors/idea_SPA_Santiago_Alba_Bonifaz.dds'
[14:17:00][no_game_date][texturehandler.cpp:160]: Texture Handler encountered missing texture file: gfx/interface/ideas/SPR/advisors/idea_SPA_Jose_Sanchez_Guerra.dds
[14:17:00][no_game_date][texturehandler.cpp:216]: Couldn't find texture file: 'gfx/interface/ideas/SPR/advisors/idea_SPA_Jose_Sanchez_Guerra.dds'
[14:17:00][no_game_date][texturehandler.cpp:160]: Texture Handler encountered missing texture file: gfx/interface/ideas/SPR/advisors/idea_SPA_Joquin_Ruiz_Jimenez.dds
[14:17:00][no_game_date][texturehandler.cpp:216]: Couldn't find texture file: 'gfx/interface/ideas/SPR/advisors/idea_SPA_Joquin_Ruiz_Jimenez.dds'
[14:17:00][no_game_date][texturehandler.cpp:160]: Texture Handler encountered missing texture file: gfx/interface/ideas/SPR/advisors/idea_SPA_Alfredo_Kindelan.dds
[14:17:00][no_game_date][texturehandler.cpp:216]: Couldn't find texture file: 'gfx/interface/ideas/SPR/advisors/idea_SPA_Alfredo_Kindelan.dds'
[14:17:00][no_game_date][texturehandler.cpp:160]: Texture Handler encountered missing texture file: gfx/interface/ideas/SPR/advisors/idea_SPA_Pedro_Vives_Vich.dds
[14:17:00][no_game_date][texturehandler.cpp:216]: Couldn't find texture file: 'gfx/interface/ideas/SPR/advisors/idea_SPA_Pedro_Vives_Vich.dds'
[14:17:00][no_game_date][texturehandler.cpp:160]: Texture Handler encountered missing texture file: gfx/interface/ideas/SPR/advisors/idea_SPA_Alfonso_Bayo.dds
[14:17:00][no_game_date][texturehandler.cpp:216]: Couldn't find texture file: 'gfx/interface/ideas/SPR/advisors/idea_SPA_Alfonso_Bayo.dds'
[14:17:00][no_game_date][texturehandler.cpp:160]: Texture Handler encountered missing texture file: gfx/interface/ideas/SPR/advisors/idea_SPA_Augusto_Miranda.dds
[14:17:00][no_game_date][texturehandler.cpp:216]: Couldn't find texture file: 'gfx/interface/ideas/SPR/advisors/idea_SPA_Augusto_Miranda.dds'
[14:17:00][no_game_date][texturehandler.cpp:160]: Texture Handler encountered missing texture file: gfx/interface/ideas/SPR/advisors/idea_SPA_Augustin_de_Loque.dds
[14:17:00][no_game_date][texturehandler.cpp:216]: Couldn't find texture file: 'gfx/interface/ideas/SPR/advisors/idea_SPA_Augustin_de_Loque.dds'
[14:17:00][no_game_date][texturehandler.cpp:160]: Texture Handler encountered missing texture file: gfx/interface/ideas/SPR/advisors/idea_SPA_Ramon_Echague.dds
[14:17:00][no_game_date][texturehandler.cpp:216]: Couldn't find texture file: 'gfx/interface/ideas/SPR/advisors/idea_SPA_Ramon_Echague.dds'
[14:17:00][no_game_date][texturehandler.cpp:160]: Texture Handler encountered missing texture file: gfx/leaders/SPR/portrait_spa_jose_enrique_varela.dds
[14:17:00][no_game_date][texturehandler.cpp:216]: Couldn't find texture file: 'gfx/leaders/SPR/portrait_spa_jose_enrique_varela.dds'
[14:17:00][no_game_date][texturehandler.cpp:160]: Texture Handler encountered missing texture file: gfx/leaders/SPR/portrait_spa_miguel_cabanellas.dds
[14:17:00][no_game_date][texturehandler.cpp:216]: Couldn't find texture file: 'gfx/leaders/SPR/portrait_spa_miguel_cabanellas.dds'
[14:17:00][no_game_date][texturehandler.cpp:160]: Texture Handler encountered missing texture file: gfx/leaders/SPR/portrait_spa_Ricardo_de_Rada.dds
[14:17:00][no_game_date][texturehandler.cpp:216]: Couldn't find texture file: 'gfx/leaders/SPR/portrait_spa_Ricardo_de_Rada.dds'
[14:17:00][no_game_date][texturehandler.cpp:160]: Texture Handler encountered missing texture file: gfx/leaders/SPR/portrait_spa_emilio_mola.dds
[14:17:00][no_game_date][texturehandler.cpp:216]: Couldn't find texture file: 'gfx/leaders/SPR/portrait_spa_emilio_mola.dds'
[14:17:00][no_game_date][texturehandler.cpp:160]: Texture Handler encountered missing texture file: gfx/leaders/SPR/portrait_spa_juan_yague.dds
[14:17:00][no_game_date][texturehandler.cpp:216]: Couldn't find texture file: 'gfx/leaders/SPR/portrait_spa_juan_yague.dds'
[14:17:00][no_game_date][texturehandler.cpp:160]: Texture Handler encountered missing texture file: gfx/leaders/SPR/Portrait_SPA_Francisco_Franco_Salgado-Araujo.dds
[14:17:00][no_game_date][texturehandler.cpp:216]: Couldn't find texture file: 'gfx/leaders/SPR/Portrait_SPA_Francisco_Franco_Salgado-Araujo.dds'
[14:17:00][no_game_date][texturehandler.cpp:160]: Texture Handler encountered missing texture file: gfx/leaders/SPR/Portrait_SPA_Emilio_Esteban_Infantes-Martin.dds
[14:17:00][no_game_date][texturehandler.cpp:216]: Couldn't find texture file: 'gfx/leaders/SPR/Portrait_SPA_Emilio_Esteban_Infantes-Martin.dds'
[14:17:00][no_game_date][texturehandler.cpp:160]: Texture Handler encountered missing texture file: gfx/leaders/SPR/Portrait_SPA_Salvador_Moreno_Hernandez.dds
[14:17:00][no_game_date][texturehandler.cpp:216]: Couldn't find texture file: 'gfx/leaders/SPR/Portrait_SPA_Salvador_Moreno_Hernandez.dds'
[14:17:00][no_game_date][texturehandler.cpp:160]: Texture Handler encountered missing texture file: gfx/leaders/SPR/Portrait_SPA_Estrada_Arnais.dds
[14:17:00][no_game_date][texturehandler.cpp:216]: Couldn't find texture file: 'gfx/leaders/SPR/Portrait_SPA_Estrada_Arnais.dds'
[14:17:00][no_game_date][texturehandler.cpp:160]: Texture Handler encountered missing texture file: gfx/leaders/SPR/Portrait_SPA_Francisco_Moreno_Hernandez.dds
[14:17:00][no_game_date][texturehandler.cpp:216]: Couldn't find texture file: 'gfx/leaders/SPR/Portrait_SPA_Francisco_Moreno_Hernandez.dds'
[14:17:00][no_game_date][texturehandler.cpp:160]: Texture Handler encountered missing texture file: gfx/leaders/SPR/portrait_spa_luis_carrero_blanco.dds
[14:17:00][no_game_date][texturehandler.cpp:216]: Couldn't find texture file: 'gfx/leaders/SPR/portrait_spa_luis_carrero_blanco.dds'
[14:17:00][no_game_date][texturehandler.cpp:160]: Texture Handler encountered missing texture file: gfx/leaders/SPR/portrait_spa_augustin_muynoz_grandes.dds
[14:17:00][no_game_date][texturehandler.cpp:216]: Couldn't find texture file: 'gfx/leaders/SPR/portrait_spa_augustin_muynoz_grandes.dds'
[14:17:00][no_game_date][texturehandler.cpp:160]: Texture Handler encountered missing texture file: gfx/leaders/SPR/portrait_SPA_andres_saliquet.dds
[14:17:00][no_game_date][texturehandler.cpp:216]: Couldn't find texture file: 'gfx/leaders/SPR/portrait_SPA_andres_saliquet.dds'
[14:17:00][no_game_date][texturehandler.cpp:160]: Texture Handler encountered missing texture file: gfx/leaders/SPR/portrait_SPR_Segismondo_Casado.dds
[14:17:00][no_game_date][texturehandler.cpp:216]: Couldn't find texture file: 'gfx/leaders/SPR/portrait_SPR_Segismondo_Casado.dds'
[14:17:00][no_game_date][texturehandler.cpp:160]: Texture Handler encountered missing texture file: gfx/leaders/SPR/portrait_spr_miguel_ponte.dds
[14:17:00][no_game_date][texturehandler.cpp:216]: Couldn't find texture file: 'gfx/leaders/SPR/portrait_spr_miguel_ponte.dds'
[14:17:00][no_game_date][texturehandler.cpp:160]: Texture Handler encountered missing texture file: gfx/leaders/SPR/Portrait_SPR_Virgilio_Llanos_Manteca.dds
[14:17:00][no_game_date][texturehandler.cpp:216]: Couldn't find texture file: 'gfx/leaders/SPR/Portrait_SPR_Virgilio_Llanos_Manteca.dds'
[14:17:00][no_game_date][texturehandler.cpp:160]: Texture Handler encountered missing texture file: gfx/leaders/SPR/Portrait_SPR_Julio_Mangada_Rosenorn.dds
[14:17:00][no_game_date][texturehandler.cpp:216]: Couldn't find texture file: 'gfx/leaders/SPR/Portrait_SPR_Julio_Mangada_Rosenorn.dds'
[14:17:00][no_game_date][texturehandler.cpp:160]: Texture Handler encountered missing texture file: gfx/leaders/SPR/portrait_spa_mohamed_meziane.dds
[14:17:00][no_game_date][texturehandler.cpp:216]: Couldn't find texture file: 'gfx/leaders/SPR/portrait_spa_mohamed_meziane.dds'
[14:17:00][no_game_date][texturehandler.cpp:160]: Texture Handler encountered missing texture file: gfx/leaders/SPR/portrait_spa_jose_millan_astray.dds
[14:17:00][no_game_date][texturehandler.cpp:216]: Couldn't find texture file: 'gfx/leaders/SPR/portrait_spa_jose_millan_astray.dds'
[14:17:00][no_game_date][texturehandler.cpp:160]: Texture Handler encountered missing texture file: gfx/leaders/SPR/portrait_spa_military_junta.dds
[14:17:00][no_game_date][texturehandler.cpp:216]: Couldn't find texture file: 'gfx/leaders/SPR/portrait_spa_military_junta.dds'
[14:17:00][no_game_date][texturehandler.cpp:160]: Texture Handler encountered missing texture file: gfx/leaders/USA/INT/USA_Al_Smith.dds
[14:17:00][no_game_date][texturehandler.cpp:216]: Couldn't find texture file: 'gfx/leaders/USA/INT/USA_Al_Smith.dds'
[14:17:00][no_game_date][texturehandler.cpp:160]: Texture Handler encountered missing texture file: gfx/leaders/USA/INT/USA_James_M_Cox.dds
[14:17:00][no_game_date][texturehandler.cpp:216]: Couldn't find texture file: 'gfx/leaders/USA/INT/USA_James_M_Cox.dds'
[14:17:00][no_game_date][texturehandler.cpp:160]: Texture Handler encountered missing texture file: gfx/leaders/USA/INT/USA_Robert_M._La_Follette.dds
[14:17:00][no_game_date][texturehandler.cpp:216]: Couldn't find texture file: 'gfx/leaders/USA/INT/USA_Robert_M._La_Follette.dds'
[14:17:00][no_game_date][texturehandler.cpp:160]: Texture Handler encountered missing texture file: gfx/leaders/USA/INT/Portrait_USA_Calvin_Coolidge.dds
[14:17:00][no_game_date][texturehandler.cpp:216]: Couldn't find texture file: 'gfx/leaders/USA/INT/Portrait_USA_Calvin_Coolidge.dds'
[14:17:00][no_game_date][texturehandler.cpp:160]: Texture Handler encountered missing texture file: gfx/leaders/USA/INT/USA_John_W._Davis.dds
[14:17:00][no_game_date][texturehandler.cpp:216]: Couldn't find texture file: 'gfx/leaders/USA/INT/USA_John_W._Davis.dds'
[14:17:00][no_game_date][texturehandler.cpp:160]: Texture Handler encountered missing texture file: gfx/leaders/USA/INT/USA_Warren_G_Harding.dds
[14:17:00][no_game_date][texturehandler.cpp:216]: Couldn't find texture file: 'gfx/leaders/USA/INT/USA_Warren_G_Harding.dds'
[14:17:00][no_game_date][texturehandler.cpp:160]: Texture Handler encountered missing texture file: gfx/leaders/USA/Portrait_USA_Elijah_Muhammad.dds
[14:17:00][no_game_date][texturehandler.cpp:216]: Couldn't find texture file: 'gfx/leaders/USA/Portrait_USA_Elijah_Muhammad.dds'
[14:17:00][no_game_date][texturehandler.cpp:160]: Texture Handler encountered missing texture file: gfx/leaders/USA/Portrait_USA_Strom_Thurmond.dds
[14:17:00][no_game_date][texturehandler.cpp:216]: Couldn't find texture file: 'gfx/leaders/USA/Portrait_USA_Strom_Thurmond.dds'
[14:17:00][no_game_date][texturehandler.cpp:160]: Texture Handler encountered missing texture file: gfx/leaders/USA/Portrait_USA_Grand_Council.dds
[14:17:00][no_game_date][texturehandler.cpp:216]: Couldn't find texture file: 'gfx/leaders/USA/Portrait_USA_Grand_Council.dds'
[14:17:00][no_game_date][texturehandler.cpp:160]: Texture Handler encountered missing texture file: gfx/leaders/USA/Portrait_USA_Smedley_Butler.dds
[14:17:00][no_game_date][texturehandler.cpp:216]: Couldn't find texture file: 'gfx/leaders/USA/Portrait_USA_Smedley_Butler.dds'
[14:17:00][no_game_date][texturehandler.cpp:160]: Texture Handler encountered missing texture file: gfx/leaders/USA/CW/USA_Gus_Hall_Early_CW.dds
[14:17:00][no_game_date][texturehandler.cpp:216]: Couldn't find texture file: 'gfx/leaders/USA/CW/USA_Gus_Hall_Early_CW.dds'
[14:17:00][no_game_date][texturehandler.cpp:160]: Texture Handler encountered missing texture file: gfx/leaders/USA/CW/Portrait_USA_George_Lincoln_Rockwell.dds
[14:17:00][no_game_date][texturehandler.cpp:216]: Couldn't find texture file: 'gfx/leaders/USA/CW/Portrait_USA_George_Lincoln_Rockwell.dds'
[14:17:00][no_game_date][texturehandler.cpp:160]: Texture Handler encountered missing texture file: gfx/leaders/USA/Portrait_USA_Dwight_D_Eisenhower_Civil.dds
[14:17:00][no_game_date][texturehandler.cpp:216]: Couldn't find texture file: 'gfx/leaders/USA/Portrait_USA_Dwight_D_Eisenhower_Civil.dds'
[14:17:00][no_game_date][texturehandler.cpp:160]: Texture Handler encountered missing texture file: gfx/leaders/USA/CW/Portrait_USA_Adlai_Stevenson_II.dds
[14:17:00][no_game_date][texturehandler.cpp:216]: Couldn't find texture file: 'gfx/leaders/USA/CW/Portrait_USA_Adlai_Stevenson_II.dds'
[14:17:00][no_game_date][texturehandler.cpp:160]: Texture Handler encountered missing texture file: gfx/leaders/USA/CW/USA_Lyndon_B_Johnson_Early_CW.dds
[14:17:00][no_game_date][texturehandler.cpp:216]: Couldn't find texture file: 'gfx/leaders/USA/CW/USA_Lyndon_B_Johnson_Early_CW.dds'
[14:17:00][no_game_date][texturehandler.cpp:160]: Texture Handler encountered missing texture file: gfx/leaders/USA/CW/USA_John_F_Kennedy_Early_CW.dds
[14:17:00][no_game_date][texturehandler.cpp:216]: Couldn't find texture file: 'gfx/leaders/USA/CW/USA_John_F_Kennedy_Early_CW.dds'
[14:17:00][no_game_date][texturehandler.cpp:160]: Texture Handler encountered missing texture file: gfx/leaders/USA/CW/USA_Richard_Nixon_Early_CW.dds
[14:17:00][no_game_date][texturehandler.cpp:216]: Couldn't find texture file: 'gfx/leaders/USA/CW/USA_Richard_Nixon_Early_CW.dds'
[14:17:00][no_game_date][texturehandler.cpp:160]: Texture Handler encountered missing texture file: gfx/leaders/USA/CW/USA_Warith_Deen_Mohammed.dds
[14:17:00][no_game_date][texturehandler.cpp:216]: Couldn't find texture file: 'gfx/leaders/USA/CW/USA_Warith_Deen_Mohammed.dds'
[14:17:00][no_game_date][texturehandler.cpp:160]: Texture Handler encountered missing texture file: gfx/leaders/USA/CW/USA_Barry_Goldwater_Early_CW.dds
[14:17:00][no_game_date][texturehandler.cpp:216]: Couldn't find texture file: 'gfx/leaders/USA/CW/USA_Barry_Goldwater_Early_CW.dds'
[14:17:00][no_game_date][texturehandler.cpp:160]: Texture Handler encountered missing texture file: gfx/leaders/USA/CW/Portrait_USA_George_Wallace_Jr_Early_CW.dds
[14:17:00][no_game_date][texturehandler.cpp:216]: Couldn't find texture file: 'gfx/leaders/USA/CW/Portrait_USA_George_Wallace_Jr_Early_CW.dds'
[14:17:00][no_game_date][texturehandler.cpp:160]: Texture Handler encountered missing texture file: gfx/leaders/USA/CW/Portrait_USA_George_McGovern.dds
[14:17:00][no_game_date][texturehandler.cpp:216]: Couldn't find texture file: 'gfx/leaders/USA/CW/Portrait_USA_George_McGovern.dds'
[14:17:00][no_game_date][texturehandler.cpp:160]: Texture Handler encountered missing texture file: gfx/leaders/USA/CW/USA_1970_Matthias_Koehl_Neo_Nazism.dds
[14:17:00][no_game_date][texturehandler.cpp:216]: Couldn't find texture file: 'gfx/leaders/USA/CW/USA_1970_Matthias_Koehl_Neo_Nazism.dds'
[14:17:00][no_game_date][texturehandler.cpp:160]: Texture Handler encountered missing texture file: gfx/leaders/USA/CW/USA_Paul_Washington_Early_CW.dds
[14:17:00][no_game_date][texturehandler.cpp:216]: Couldn't find texture file: 'gfx/leaders/USA/CW/USA_Paul_Washington_Early_CW.dds'
[14:17:00][no_game_date][texturehandler.cpp:160]: Texture Handler encountered missing texture file: gfx/leaders/USA/CW/Portrait_USA_Jimmy_Carter.dds
[14:17:00][no_game_date][texturehandler.cpp:216]: Couldn't find texture file: 'gfx/leaders/USA/CW/Portrait_USA_Jimmy_Carter.dds'
[14:17:00][no_game_date][texturehandler.cpp:160]: Texture Handler encountered missing texture file: gfx/leaders/USA/CW/Portrait_USA_Gerald_Ford.dds
[14:17:00][no_game_date][texturehandler.cpp:216]: Couldn't find texture file: 'gfx/leaders/USA/CW/Portrait_USA_Gerald_Ford.dds'
[14:17:00][no_game_date][texturehandler.cpp:160]: Texture Handler encountered missing texture file: gfx/leaders/USA/CW/USA_Ronald_Reagan_Early_CW.dds
[14:17:00][no_game_date][texturehandler.cpp:216]: Couldn't find texture file: 'gfx/leaders/USA/CW/USA_Ronald_Reagan_Early_CW.dds'
[14:17:00][no_game_date][texturehandler.cpp:160]: Texture Handler encountered missing texture file: gfx/leaders/USA/CW/Portrait_USA_George_H_W_Bush.dds
[14:17:00][no_game_date][texturehandler.cpp:216]: Couldn't find texture file: 'gfx/leaders/USA/CW/Portrait_USA_George_H_W_Bush.dds'
[14:17:00][no_game_date][texturehandler.cpp:160]: Texture Handler encountered missing texture file: gfx/leaders/USA/CW/USA_John_B_Anderson.dds
[14:17:00][no_game_date][texturehandler.cpp:216]: Couldn't find texture file: 'gfx/leaders/USA/CW/USA_John_B_Anderson.dds'
[14:17:00][no_game_date][texturehandler.cpp:160]: Texture Handler encountered missing texture file: gfx/leaders/USA/CW/Portrait_USA_Walter_Mondale.dds
[14:17:00][no_game_date][texturehandler.cpp:216]: Couldn't find texture file: 'gfx/leaders/USA/CW/Portrait_USA_Walter_Mondale.dds'
[14:17:00][no_game_date][texturehandler.cpp:160]: Texture Handler encountered missing texture file: gfx/leaders/USA/CW/USA_Michael_Dukakis.dds
[14:17:00][no_game_date][texturehandler.cpp:216]: Couldn't find texture file: 'gfx/leaders/USA/CW/USA_Michael_Dukakis.dds'
[14:17:00][no_game_date][texturehandler.cpp:160]: Texture Handler encountered missing texture file: gfx/leaders/USA/MD/Bill_Clinton.dds
[14:17:00][no_game_date][texturehandler.cpp:216]: Couldn't find texture file: 'gfx/leaders/USA/MD/Bill_Clinton.dds'
[14:17:00][no_game_date][texturehandler.cpp:160]: Texture Handler encountered missing texture file: gfx/leaders/USA/MD/Ross_Perot.dds
[14:17:00][no_game_date][texturehandler.cpp:216]: Couldn't find texture file: 'gfx/leaders/USA/MD/Ross_Perot.dds'
[14:17:00][no_game_date][texturehandler.cpp:160]: Texture Handler encountered missing texture file: gfx/leaders/USA/MD/Portrait_USA_Hillary_Clinton.dds
[14:17:00][no_game_date][texturehandler.cpp:216]: Couldn't find texture file: 'gfx/leaders/USA/MD/Portrait_USA_Hillary_Clinton.dds'
[14:17:00][no_game_date][texturehandler.cpp:160]: Texture Handler encountered missing texture file: gfx/leaders/USA/MD/USA_2000_Jeff_Schoep_Neo_Nazism.dds
[14:17:00][no_game_date][texturehandler.cpp:216]: Couldn't find texture file: 'gfx/leaders/USA/MD/USA_2000_Jeff_Schoep_Neo_Nazism.dds'
[14:17:00][no_game_date][texturehandler.cpp:160]: Texture Handler encountered missing texture file: gfx/leaders/USA/MD/USA_2000_Patrich_Buchanan_Populism.dds
[14:17:00][no_game_date][texturehandler.cpp:216]: Couldn't find texture file: 'gfx/leaders/USA/MD/USA_2000_Patrich_Buchanan_Populism.dds'
[14:17:00][no_game_date][texturehandler.cpp:160]: Texture Handler encountered missing texture file: gfx/leaders/USA/MD/USA_2000_Sam_Webb_Marxism.dds
[14:17:00][no_game_date][texturehandler.cpp:216]: Couldn't find texture file: 'gfx/leaders/USA/MD/USA_2000_Sam_Webb_Marxism.dds'
[14:17:00][no_game_date][texturehandler.cpp:160]: Texture Handler encountered missing texture file: gfx/leaders/USA/MD/USA_George_W_Bush.dds
[14:17:00][no_game_date][texturehandler.cpp:216]: Couldn't find texture file: 'gfx/leaders/USA/MD/USA_George_W_Bush.dds'
[14:17:00][no_game_date][texturehandler.cpp:160]: Texture Handler encountered missing texture file: gfx/leaders/USA/MD/Portrait_USA_Louis_Farrakhan.dds
[14:17:00][no_game_date][texturehandler.cpp:216]: Couldn't find texture file: 'gfx/leaders/USA/MD/Portrait_USA_Louis_Farrakhan.dds'
[14:17:00][no_game_date][texturehandler.cpp:160]: Texture Handler encountered missing texture file: gfx/leaders/USA/MD/Portrait_USA_Bob_Dole.dds
[14:17:00][no_game_date][texturehandler.cpp:216]: Couldn't find texture file: 'gfx/leaders/USA/MD/Portrait_USA_Bob_Dole.dds'
[14:17:00][no_game_date][texturehandler.cpp:160]: Texture Handler encountered missing texture file: gfx/leaders/USA/MD/Portrait_USA_Al_Gore.dds
[14:17:00][no_game_date][texturehandler.cpp:216]: Couldn't find texture file: 'gfx/leaders/USA/MD/Portrait_USA_Al_Gore.dds'
[14:17:00][no_game_date][texturehandler.cpp:160]: Texture Handler encountered missing texture file: gfx/leaders/USA/MD/Portrait_USA_John_Kerry.dds
[14:17:00][no_game_date][texturehandler.cpp:216]: Couldn't find texture file: 'gfx/leaders/USA/MD/Portrait_USA_John_Kerry.dds'
[14:17:00][no_game_date][texturehandler.cpp:160]: Texture Handler encountered missing texture file: gfx/leaders/USA/MD/USA_Barack_Obama.dds
[14:17:00][no_game_date][texturehandler.cpp:216]: Couldn't find texture file: 'gfx/leaders/USA/MD/USA_Barack_Obama.dds'
[14:17:00][no_game_date][texturehandler.cpp:160]: Texture Handler encountered missing texture file: gfx/leaders/USA/MD/USA_Mitt_Romney.dds
[14:17:00][no_game_date][texturehandler.cpp:216]: Couldn't find texture file: 'gfx/leaders/USA/MD/USA_Mitt_Romney.dds'
[14:17:00][no_game_date][texturehandler.cpp:160]: Texture Handler encountered missing texture file: gfx/leaders/USA/MD/Portrait_USA_John_McCain_Jr.dds
[14:17:00][no_game_date][texturehandler.cpp:216]: Couldn't find texture file: 'gfx/leaders/USA/MD/Portrait_USA_John_McCain_Jr.dds'
[14:17:00][no_game_date][texturehandler.cpp:160]: Texture Handler encountered missing texture file: gfx/leaders/USA/MD/USA_2017_Richard_Spencer_White_Nationalism.dds
[14:17:00][no_game_date][texturehandler.cpp:216]: Couldn't find texture file: 'gfx/leaders/USA/MD/USA_2017_Richard_Spencer_White_Nationalism.dds'
[14:17:00][no_game_date][texturehandler.cpp:160]: Texture Handler encountered missing texture file: gfx/leaders/USA/MD/USA_2017_Rocky_De_La_Fuente_Populism.dds
[14:17:00][no_game_date][texturehandler.cpp:216]: Couldn't find texture file: 'gfx/leaders/USA/MD/USA_2017_Rocky_De_La_Fuente_Populism.dds'
[14:17:00][no_game_date][texturehandler.cpp:160]: Texture Handler encountered missing texture file: gfx/leaders/USA/MD/USA_2017_John_Bachtell_Marxism.dds
[14:17:00][no_game_date][texturehandler.cpp:216]: Couldn't find texture file: 'gfx/leaders/USA/MD/USA_2017_John_Bachtell_Marxism.dds'
[14:17:00][no_game_date][texturehandler.cpp:160]: Texture Handler encountered missing texture file: gfx/leaders/USA/MD/USA_Joe_Biden_Liberalism.dds
[14:17:00][no_game_date][texturehandler.cpp:216]: Couldn't find texture file: 'gfx/leaders/USA/MD/USA_Joe_Biden_Liberalism.dds'
[14:17:00][no_game_date][texturehandler.cpp:160]: Texture Handler encountered missing texture file: gfx/leaders/USA/MD/USA_Donald_Trump_Conservatism.dds
[14:17:00][no_game_date][texturehandler.cpp:216]: Couldn't find texture file: 'gfx/leaders/USA/MD/USA_Donald_Trump_Conservatism.dds'
[14:17:00][no_game_date][texturehandler.cpp:160]: Texture Handler encountered missing texture file: gfx/interface/ideas/USA/idea_robert_bullard.dds
[14:17:00][no_game_date][texturehandler.cpp:216]: Couldn't find texture file: 'gfx/interface/ideas/USA/idea_robert_bullard.dds'
[14:17:00][no_game_date][texturehandler.cpp:160]: Texture Handler encountered missing texture file: gfx/interface/ideas/idea_USA_Leonard_Wood.dds
[14:17:00][no_game_date][texturehandler.cpp:216]: Couldn't find texture file: 'gfx/interface/ideas/idea_USA_Leonard_Wood.dds'
[14:17:00][no_game_date][texturehandler.cpp:160]: Texture Handler encountered missing texture file: gfx/interface/ideas/USA/idea_USA_Robert_Alexander.png
[14:17:00][no_game_date][texturehandler.cpp:216]: Couldn't find texture file: 'gfx/interface/ideas/USA/idea_USA_Robert_Alexander.png'
[14:17:00][no_game_date][texturehandler.cpp:160]: Texture Handler encountered missing texture file: gfx/interface/ideas/USA/idea_USA_John_A_Lejeune.png
[14:17:00][no_game_date][texturehandler.cpp:216]: Couldn't find texture file: 'gfx/interface/ideas/USA/idea_USA_John_A_Lejeune.png'
[14:17:00][no_game_date][texturehandler.cpp:160]: Texture Handler encountered missing texture file: gfx/interface/ideas/USA/idea_USA_William_L_Kenly.png
[14:17:00][no_game_date][texturehandler.cpp:216]: Couldn't find texture file: 'gfx/interface/ideas/USA/idea_USA_William_L_Kenly.png'
[14:17:00][no_game_date][texturehandler.cpp:160]: Texture Handler encountered missing texture file: gfx/interface/ideas/USA/idea_USA_william_haan.png
[14:17:00][no_game_date][texturehandler.cpp:216]: Couldn't find texture file: 'gfx/interface/ideas/USA/idea_USA_william_haan.png'
[14:17:00][no_game_date][texturehandler.cpp:160]: Texture Handler encountered missing texture file: gfx/leaders/USA/USA_William_Caperton.png
[14:17:00][no_game_date][texturehandler.cpp:216]: Couldn't find texture file: 'gfx/leaders/USA/USA_William_Caperton.png'
[14:17:00][no_game_date][texturehandler.cpp:160]: Texture Handler encountered missing texture file: gfx/interface/ideas/USA/idea_USA_William_Caperton.png
[14:17:00][no_game_date][texturehandler.cpp:216]: Couldn't find texture file: 'gfx/interface/ideas/USA/idea_USA_William_Caperton.png'
[14:17:00][no_game_date][texturehandler.cpp:160]: Texture Handler encountered missing texture file: gfx/interface/ideas/USA/idea_USA_Henry_Mayo.png
[14:17:00][no_game_date][texturehandler.cpp:216]: Couldn't find texture file: 'gfx/interface/ideas/USA/idea_USA_Henry_Mayo.png'
[14:17:00][no_game_date][texturehandler.cpp:216]: Couldn't find texture file: 'gfx/interface/ideas/USA/idea_USA_Abraham_Johannes_Muste'
[14:17:00][no_game_date][texturehandler.cpp:160]: Texture Handler encountered missing texture file: gfx/interface/ideas/USA/idea_USA_Abraham_Johannes_Muste.dds
[14:17:00][no_game_date][texturehandler.cpp:216]: Couldn't find texture file: 'gfx/interface/ideas/USA/idea_USA_Abraham_Johannes_Muste.dds'
[14:17:01][no_game_date][texturehandler.cpp:160]: Texture Handler encountered missing texture file: gfx/interface/ideas/USA/idea_USA_Benjamin_Muse.dds
[14:17:01][no_game_date][texturehandler.cpp:216]: Couldn't find texture file: 'gfx/interface/ideas/USA/idea_USA_Benjamin_Muse.dds'
[14:17:01][no_game_date][texturehandler.cpp:160]: Texture Handler encountered missing texture file: gfx/interface/ideas/USA/idea_USA_Burnet_R_Maybank.dds
[14:17:01][no_game_date][texturehandler.cpp:216]: Couldn't find texture file: 'gfx/interface/ideas/USA/idea_USA_Burnet_R_Maybank.dds'
[14:17:01][no_game_date][texturehandler.cpp:160]: Texture Handler encountered missing texture file: gfx/interface/ideas/USA/idea_gerald_burton_winrod.dds
[14:17:01][no_game_date][texturehandler.cpp:216]: Couldn't find texture file: 'gfx/interface/ideas/USA/idea_gerald_burton_winrod.dds'
[14:17:01][no_game_date][texturehandler.cpp:160]: Texture Handler encountered missing texture file: gfx/interface/ideas/USA/idea_henry_sturgis_morgan.dds
[14:17:01][no_game_date][texturehandler.cpp:216]: Couldn't find texture file: 'gfx/interface/ideas/USA/idea_henry_sturgis_morgan.dds'
[14:17:01][no_game_date][texturehandler.cpp:160]: Texture Handler encountered missing texture file: gfx/interface/ideas/USA/idea_james_hubert_price.dds
[14:17:01][no_game_date][texturehandler.cpp:216]: Couldn't find texture file: 'gfx/interface/ideas/USA/idea_james_hubert_price.dds'
[14:17:01][no_game_date][texturehandler.cpp:160]: Texture Handler encountered missing texture file: gfx/interface/ideas/USA/idea_olin_d_johnston.dds
[14:17:01][no_game_date][texturehandler.cpp:216]: Couldn't find texture file: 'gfx/interface/ideas/USA/idea_olin_d_johnston.dds'
[14:17:01][no_game_date][texturehandler.cpp:160]: Texture Handler encountered missing texture file: gfx/interface/ideas/USA/idea_oliver_max_gardner.dds
[14:17:01][no_game_date][texturehandler.cpp:216]: Couldn't find texture file: 'gfx/interface/ideas/USA/idea_oliver_max_gardner.dds'
[14:17:01][no_game_date][texturehandler.cpp:160]: Texture Handler encountered missing texture file: gfx/interface/ideas/USA/idea_marty_hourihan.dds
[14:17:01][no_game_date][texturehandler.cpp:216]: Couldn't find texture file: 'gfx/interface/ideas/USA/idea_marty_hourihan.dds'
[14:17:01][no_game_date][texturehandler.cpp:160]: Texture Handler encountered missing texture file: gfx/interface/ideas/USA/idea_raya_dunayevskaya.dds
[14:17:01][no_game_date][texturehandler.cpp:216]: Couldn't find texture file: 'gfx/interface/ideas/USA/idea_raya_dunayevskaya.dds'
[14:17:01][no_game_date][texturehandler.cpp:160]: Texture Handler encountered missing texture file: gfx/interface/ideas/USA/idea_robert_edward_edmondson.dds
[14:17:01][no_game_date][texturehandler.cpp:216]: Couldn't find texture file: 'gfx/interface/ideas/USA/idea_robert_edward_edmondson.dds'
[14:17:01][no_game_date][texturehandler.cpp:160]: Texture Handler encountered missing texture file: gfx/interface/ideas/USA/idea_robert_r_mccormick.dds
[14:17:01][no_game_date][texturehandler.cpp:216]: Couldn't find texture file: 'gfx/interface/ideas/USA/idea_robert_r_mccormick.dds'
[14:17:01][no_game_date][texturehandler.cpp:160]: Texture Handler encountered missing texture file: gfx/interface/ideas/USA/idea_thomas_j_watson.dds
[14:17:01][no_game_date][texturehandler.cpp:216]: Couldn't find texture file: 'gfx/interface/ideas/USA/idea_thomas_j_watson.dds'
[14:17:01][no_game_date][texturehandler.cpp:160]: Texture Handler encountered missing texture file: gfx/interface/ideas/USA/idea_USA_Augustus_Bacon.dds
[14:17:01][no_game_date][texturehandler.cpp:216]: Couldn't find texture file: 'gfx/interface/ideas/USA/idea_USA_Augustus_Bacon.dds'
[14:17:01][no_game_date][texturehandler.cpp:160]: Texture Handler encountered missing texture file: gfx/interface/ideas/USA/idea_USA_Benjamin_Tillman.dds
[14:17:01][no_game_date][texturehandler.cpp:216]: Couldn't find texture file: 'gfx/interface/ideas/USA/idea_USA_Benjamin_Tillman.dds'
[14:17:01][no_game_date][texturehandler.cpp:160]: Texture Handler encountered missing texture file: gfx/interface/ideas/USA/idea_USA_daniel_c_roper.dds
[14:17:01][no_game_date][texturehandler.cpp:216]: Couldn't find texture file: 'gfx/interface/ideas/USA/idea_USA_daniel_c_roper.dds'
[14:17:01][no_game_date][texturehandler.cpp:160]: Texture Handler encountered missing texture file: gfx/interface/ideas/USA/idea_USA_David_F_Houston.dds
[14:17:01][no_game_date][texturehandler.cpp:216]: Couldn't find texture file: 'gfx/interface/ideas/USA/idea_USA_David_F_Houston.dds'
[14:17:01][no_game_date][texturehandler.cpp:160]: Texture Handler encountered missing texture file: gfx/interface/ideas/USA/idea_USA_Edward_House.dds
[14:17:01][no_game_date][texturehandler.cpp:216]: Couldn't find texture file: 'gfx/interface/ideas/USA/idea_USA_Edward_House.dds'
[14:17:01][no_game_date][texturehandler.cpp:160]: Texture Handler encountered missing texture file: gfx/interface/ideas/USA/idea_USA_Elizabeth_Dilling.dds
[14:17:01][no_game_date][texturehandler.cpp:216]: Couldn't find texture file: 'gfx/interface/ideas/USA/idea_USA_Elizabeth_Dilling.dds'
[14:17:01][no_game_date][texturehandler.cpp:160]: Texture Handler encountered missing texture file: gfx/interface/ideas/USA/idea_USA_Ellis_Arnall.dds
[14:17:01][no_game_date][texturehandler.cpp:216]: Couldn't find texture file: 'gfx/interface/ideas/USA/idea_USA_Ellis_Arnall.dds'
[14:17:01][no_game_date][texturehandler.cpp:160]: Texture Handler encountered missing texture file: gfx/interface/ideas/USA/idea_USA_Emil_Seidel.dds
[14:17:01][no_game_date][texturehandler.cpp:216]: Couldn't find texture file: 'gfx/interface/ideas/USA/idea_USA_Emil_Seidel.dds'
[14:17:01][no_game_date][texturehandler.cpp:160]: Texture Handler encountered missing texture file: gfx/interface/ideas/USA/idea_USA_Frank_MacVeagh.dds
[14:17:01][no_game_date][texturehandler.cpp:216]: Couldn't find texture file: 'gfx/interface/ideas/USA/idea_USA_Frank_MacVeagh.dds'
[14:17:01][no_game_date][texturehandler.cpp:160]: Texture Handler encountered missing texture file: gfx/interface/ideas/USA/idea_USA_George_B_McClellan_Jr.dds
[14:17:01][no_game_date][texturehandler.cpp:216]: Couldn't find texture file: 'gfx/interface/ideas/USA/idea_USA_George_B_McClellan_Jr.dds'
[14:17:01][no_game_date][texturehandler.cpp:160]: Texture Handler encountered missing texture file: gfx/interface/ideas/USA/idea_USA_Henry_Cabot_Lodge.dds
[14:17:01][no_game_date][texturehandler.cpp:216]: Couldn't find texture file: 'gfx/interface/ideas/USA/idea_USA_Henry_Cabot_Lodge.dds'
[14:17:01][no_game_date][texturehandler.cpp:160]: Texture Handler encountered missing texture file: gfx/interface/ideas/USA/idea_USA_James_R_Garfield.dds
[14:17:01][no_game_date][texturehandler.cpp:216]: Couldn't find texture file: 'gfx/interface/ideas/USA/idea_USA_James_R_Garfield.dds'
[14:17:01][no_game_date][texturehandler.cpp:160]: Texture Handler encountered missing texture file: gfx/interface/ideas/USA/idea_USA_W_G_McAdoo.dds
[14:17:01][no_game_date][texturehandler.cpp:216]: Couldn't find texture file: 'gfx/interface/ideas/USA/idea_USA_W_G_McAdoo.dds'
[14:17:01][no_game_date][texturehandler.cpp:160]: Texture Handler encountered missing texture file: gfx/interface/ideas/USA/idea_USA_john_elbert_wilkie.dds
[14:17:01][no_game_date][texturehandler.cpp:216]: Couldn't find texture file: 'gfx/interface/ideas/USA/idea_USA_john_elbert_wilkie.dds'
[14:17:01][no_game_date][texturehandler.cpp:160]: Texture Handler encountered missing texture file: gfx/interface/ideas/USA/idea_USA_William_J_Flynn.dds
[14:17:01][no_game_date][texturehandler.cpp:216]: Couldn't find texture file: 'gfx/interface/ideas/USA/idea_USA_William_J_Flynn.dds'
[14:17:01][no_game_date][texturehandler.cpp:160]: Texture Handler encountered missing texture file: gfx/interface/ideas/USA/idea_USA_Leslie_M_Shaw.dds
[14:17:01][no_game_date][texturehandler.cpp:216]: Couldn't find texture file: 'gfx/interface/ideas/USA/idea_USA_Leslie_M_Shaw.dds'
[14:17:01][no_game_date][texturehandler.cpp:160]: Texture Handler encountered missing texture file: gfx/interface/ideas/USA/idea_USA_Stanley_Finch.dds
[14:17:01][no_game_date][texturehandler.cpp:216]: Couldn't find texture file: 'gfx/interface/ideas/USA/idea_USA_Stanley_Finch.dds'
[14:17:01][no_game_date][texturehandler.cpp:160]: Texture Handler encountered missing texture file: gfx/interface/ideas/USA/idea_web_du_bois.dds
[14:17:01][no_game_date][texturehandler.cpp:216]: Couldn't find texture file: 'gfx/interface/ideas/USA/idea_web_du_bois.dds'
[14:17:01][no_game_date][texturehandler.cpp:160]: Texture Handler encountered missing texture file: gfx/interface/ideas/USA/idea_USA_cordell_hull.dds
[14:17:01][no_game_date][texturehandler.cpp:216]: Couldn't find texture file: 'gfx/interface/ideas/USA/idea_USA_cordell_hull.dds'
[texturehandler.cpp:160]: Texture Handler encountered missing texture file: gfx/interface/ideas/USA/idea_USA_Dean_Acheson.dds
[14:17:01][no_game_date][texturehandler.cpp:216]: Couldn't find texture file: 'gfx/interface/ideas/USA/idea_USA_Dean_Acheson.dds'
[14:17:01][no_game_date][icon_entry.cpp:38]: Icon definition "generic_political_advisor_europe_3" does neither look like a file path nor a GFX entry as it does not start with "GFX_"
[14:17:01][no_game_date][texturehandler.cpp:160]: Texture Handler encountered missing texture file: gfx/leaders/USA/Portrait_USA_George_Marshall.dds
[14:17:01][no_game_date][texturehandler.cpp:216]: Couldn't find texture file: 'gfx/leaders/USA/Portrait_USA_George_Marshall.dds'
[14:17:01][no_game_date][texturehandler.cpp:160]: Texture Handler encountered missing texture file: gfx/leaders/USA/Portrait_USA_Joseph_Mcnarney.dds
[14:17:01][no_game_date][texturehandler.cpp:216]: Couldn't find texture file: 'gfx/leaders/USA/Portrait_USA_Joseph_Mcnarney.dds'
[14:17:01][no_game_date][texturehandler.cpp:160]: Texture Handler encountered missing texture file: gfx/leaders/USA/Portrait_USA_Matthew_Ridgway.dds
[14:17:01][no_game_date][texturehandler.cpp:216]: Couldn't find texture file: 'gfx/leaders/USA/Portrait_USA_Matthew_Ridgway.dds'
[14:17:01][no_game_date][texturehandler.cpp:160]: Texture Handler encountered missing texture file: gfx/leaders/USA/Portrait_USA_Fred_Walker.dds
[14:17:01][no_game_date][texturehandler.cpp:216]: Couldn't find texture file: 'gfx/leaders/USA/Portrait_USA_Fred_Walker.dds'
[14:17:01][no_game_date][texturehandler.cpp:160]: Texture Handler encountered missing texture file: gfx/leaders/USA/Portrait_USA_Hobart_Gay.dds
[14:17:01][no_game_date][texturehandler.cpp:216]: Couldn't find texture file: 'gfx/leaders/USA/Portrait_USA_Hobart_Gay.dds'
[14:17:01][no_game_date][texturehandler.cpp:160]: Texture Handler encountered missing texture file: gfx/leaders/USA/Portrait_USA_Jacob_L_Devers.dds
[14:17:01][no_game_date][texturehandler.cpp:216]: Couldn't find texture file: 'gfx/leaders/USA/Portrait_USA_Jacob_L_Devers.dds'
[14:17:01][no_game_date][texturehandler.cpp:160]: Texture Handler encountered missing texture file: gfx/leaders/USA/Portrait_USA_Robert_T_Frederick.dds
[14:17:01][no_game_date][texturehandler.cpp:216]: Couldn't find texture file: 'gfx/leaders/USA/Portrait_USA_Robert_T_Frederick.dds'
[14:17:01][no_game_date][texturehandler.cpp:160]: Texture Handler encountered missing texture file: gfx/leaders/USA/Portrait_USA_Troy_Middleton.dds
[14:17:01][no_game_date][texturehandler.cpp:216]: Couldn't find texture file: 'gfx/leaders/USA/Portrait_USA_Troy_Middleton.dds'
[14:17:01][no_game_date][texturehandler.cpp:160]: Texture Handler encountered missing texture file: gfx/leaders/USA/Portrait_USA_Daniel_Barbey.dds
[14:17:01][no_game_date][texturehandler.cpp:216]: Couldn't find texture file: 'gfx/leaders/USA/Portrait_USA_Daniel_Barbey.dds'
[14:17:01][no_game_date][texturehandler.cpp:160]: Texture Handler encountered missing texture file: gfx/leaders/USA/Portrait_USA_Arthur_Radford.dds
[14:17:01][no_game_date][texturehandler.cpp:216]: Couldn't find texture file: 'gfx/leaders/USA/Portrait_USA_Arthur_Radford.dds'
[14:17:01][no_game_date][texturehandler.cpp:160]: Texture Handler encountered missing texture file: gfx/leaders/USA/Portrait_USA_Arthur_Hepburn.dds
[14:17:01][no_game_date][texturehandler.cpp:216]: Couldn't find texture file: 'gfx/leaders/USA/Portrait_USA_Arthur_Hepburn.dds'
[14:17:01][no_game_date][texturehandler.cpp:160]: Texture Handler encountered missing texture file: gfx/leaders/USA/Portrait_USA_Ralph_Ofstie.dds
[14:17:01][no_game_date][texturehandler.cpp:216]: Couldn't find texture file: 'gfx/leaders/USA/Portrait_USA_Ralph_Ofstie.dds'
[14:17:01][no_game_date][texturehandler.cpp:160]: Texture Handler encountered missing texture file: gfx/leaders/USA/Portrait_USA_William_Standley.dds
[14:17:01][no_game_date][texturehandler.cpp:216]: Couldn't find texture file: 'gfx/leaders/USA/Portrait_USA_William_Standley.dds'
[14:17:01][no_game_date][texturehandler.cpp:160]: Texture Handler encountered missing texture file: gfx/leaders/USA/Portrait_USA_Lloyd_Mustin.dds
[14:17:01][no_game_date][texturehandler.cpp:216]: Couldn't find texture file: 'gfx/leaders/USA/Portrait_USA_Lloyd_Mustin.dds'
[14:17:01][no_game_date][texturehandler.cpp:160]: Texture Handler encountered missing texture file: gfx/leaders/USA/Portrait_USA_Arthur_Carpender.dds
[14:17:01][no_game_date][texturehandler.cpp:216]: Couldn't find texture file: 'gfx/leaders/USA/Portrait_USA_Arthur_Carpender.dds'
[14:17:01][no_game_date][texturehandler.cpp:160]: Texture Handler encountered missing texture file: gfx/leaders/USA/Portrait_USA_Alan_G_Kirk.dds
[14:17:01][no_game_date][texturehandler.cpp:216]: Couldn't find texture file: 'gfx/leaders/USA/Portrait_USA_Alan_G_Kirk.dds'
[14:17:01][no_game_date][texturehandler.cpp:160]: Texture Handler encountered missing texture file: gfx/leaders/USA/Portrait_USA_Aubrey_W_Fitch.dds
[14:17:01][no_game_date][texturehandler.cpp:216]: Couldn't find texture file: 'gfx/leaders/USA/Portrait_USA_Aubrey_W_Fitch.dds'
[14:17:01][no_game_date][texturehandler.cpp:160]: Texture Handler encountered missing texture file: gfx/leaders/USA/Portrait_USA_Husband_E_Kimmel.dds
[14:17:01][no_game_date][texturehandler.cpp:216]: Couldn't find texture file: 'gfx/leaders/USA/Portrait_USA_Husband_E_Kimmel.dds'
[14:17:01][no_game_date][texturehandler.cpp:160]: Texture Handler encountered missing texture file: gfx/leaders/USA/Portrait_USA_John_S_McCain_Sr.dds
[14:17:01][no_game_date][texturehandler.cpp:216]: Couldn't find texture file: 'gfx/leaders/USA/Portrait_USA_John_S_McCain_Sr.dds'
[14:17:01][no_game_date][texturehandler.cpp:160]: Texture Handler encountered missing texture file: gfx/leaders/USA/Portrait_USA_Jonas_Ingram.dds
[14:17:01][no_game_date][texturehandler.cpp:216]: Couldn't find texture file: 'gfx/leaders/USA/Portrait_USA_Jonas_Ingram.dds'
[14:17:01][no_game_date][texturehandler.cpp:160]: Texture Handler encountered missing texture file: gfx/leaders/USA/Portrait_USA_Royal_E_Ingersoll.dds
[14:17:01][no_game_date][texturehandler.cpp:216]: Couldn't find texture file: 'gfx/leaders/USA/Portrait_USA_Royal_E_Ingersoll.dds'
[14:17:01][no_game_date][texturehandler.cpp:160]: Texture Handler encountered missing texture file: gfx/leaders/USA/Portrait_USA_Thomas_C._Hart.dds
[14:17:01][no_game_date][texturehandler.cpp:216]: Couldn't find texture file: 'gfx/leaders/USA/Portrait_USA_Thomas_C._Hart.dds'
[14:17:01][no_game_date][texturehandler.cpp:160]: Texture Handler encountered missing texture file: gfx/leaders/USA/Portrait_USA_Walden_Ainsworth.dds
[14:17:01][no_game_date][texturehandler.cpp:216]: Couldn't find texture file: 'gfx/leaders/USA/Portrait_USA_Walden_Ainsworth.dds'
[14:17:01][no_game_date][texturehandler.cpp:160]: Texture Handler encountered missing texture file: gfx/leaders/USA/Portrait_USA_Willis_A_Lee.dds
[14:17:01][no_game_date][texturehandler.cpp:216]: Couldn't find texture file: 'gfx/leaders/USA/Portrait_USA_Willis_A_Lee.dds'
[14:17:01][no_game_date][texturehandler.cpp:160]: Texture Handler encountered missing texture file: gfx/leaders/USA/Portrait_USA_Roy_Geiger.dds
[14:17:01][no_game_date][texturehandler.cpp:216]: Couldn't find texture file: 'gfx/leaders/USA/Portrait_USA_Roy_Geiger.dds'
[14:17:01][no_game_date][texturehandler.cpp:160]: Texture Handler encountered missing texture file: gfx/leaders/USA/Portrait_USA_Samuel_C_Cumming.dds
[14:17:01][no_game_date][texturehandler.cpp:216]: Couldn't find texture file: 'gfx/leaders/USA/Portrait_USA_Samuel_C_Cumming.dds'
[14:17:01][no_game_date][texturehandler.cpp:160]: Texture Handler encountered missing texture file: gfx/leaders/USA/Portrait_USA_Anthony_McAuliffe.dds
[14:17:01][no_game_date][texturehandler.cpp:216]: Couldn't find texture file: 'gfx/leaders/USA/Portrait_USA_Anthony_McAuliffe.dds'
[14:17:01][no_game_date][texturehandler.cpp:160]: Texture Handler encountered missing texture file: gfx/leaders/USA/Portrait_USA_Ben_Lear.dds
[14:17:01][no_game_date][texturehandler.cpp:216]: Couldn't find texture file: 'gfx/leaders/USA/Portrait_USA_Ben_Lear.dds'
[14:17:01][no_game_date][texturehandler.cpp:160]: Texture Handler encountered missing texture file: gfx/leaders/USA/Portrait_USA_Carlos_Brewer.dds
[14:17:01][no_game_date][texturehandler.cpp:216]: Couldn't find texture file: 'gfx/leaders/USA/Portrait_USA_Carlos_Brewer.dds'
[14:17:01][no_game_date][texturehandler.cpp:160]: Texture Handler encountered missing texture file: gfx/leaders/USA/Portrait_USA_Charles_Billingslea.dds
[14:17:01][no_game_date][texturehandler.cpp:216]: Couldn't find texture file: 'gfx/leaders/USA/Portrait_USA_Charles_Billingslea.dds'
[14:17:01][no_game_date][texturehandler.cpp:160]: Texture Handler encountered missing texture file: gfx/leaders/USA/Portrait_USA_Charles_Bonesteel_Jr.dds
[14:17:01][no_game_date][texturehandler.cpp:216]: Couldn't find texture file: 'gfx/leaders/USA/Portrait_USA_Charles_Bonesteel_Jr.dds'
[14:17:01][no_game_date][texturehandler.cpp:160]: Texture Handler encountered missing texture file: gfx/leaders/USA/Portrait_USA_Charles_H_Corlett.dds
[14:17:01][no_game_date][texturehandler.cpp:216]: Couldn't find texture file: 'gfx/leaders/USA/Portrait_USA_Charles_H_Corlett.dds'
[14:17:01][no_game_date][texturehandler.cpp:160]: Texture Handler encountered missing texture file: gfx/leaders/USA/Portrait_USA_Charles_Ryder.dds
[14:17:01][no_game_date][texturehandler.cpp:216]: Couldn't find texture file: 'gfx/leaders/USA/Portrait_USA_Charles_Ryder.dds'
[14:17:01][no_game_date][texturehandler.cpp:160]: Texture Handler encountered missing texture file: gfx/leaders/USA/Portrait_USA_Clarence_Lionel_Adcock.dds
[14:17:01][no_game_date][texturehandler.cpp:216]: Couldn't find texture file: 'gfx/leaders/USA/Portrait_USA_Clarence_Lionel_Adcock.dds'
[14:17:01][no_game_date][texturehandler.cpp:160]: Texture Handler encountered missing texture file: gfx/leaders/USA/Portrait_USA_Creighton_Abrams.dds
[14:17:01][no_game_date][texturehandler.cpp:216]: Couldn't find texture file: 'gfx/leaders/USA/Portrait_USA_Creighton_Abrams.dds'
[14:17:01][no_game_date][texturehandler.cpp:160]: Texture Handler encountered missing texture file: gfx/leaders/USA/Portrait_USA_Edward_Almond.dds
[14:17:01][no_game_date][texturehandler.cpp:216]: Couldn't find texture file: 'gfx/leaders/USA/Portrait_USA_Edward_Almond.dds'
[14:17:01][no_game_date][texturehandler.cpp:160]: Texture Handler encountered missing texture file: gfx/leaders/USA/Portrait_USA_Emil_Reinhardt.dds
[14:17:01][no_game_date][texturehandler.cpp:216]: Couldn't find texture file: 'gfx/leaders/USA/Portrait_USA_Emil_Reinhardt.dds'
[14:17:01][no_game_date][texturehandler.cpp:160]: Texture Handler encountered missing texture file: gfx/leaders/USA/Portrait_USA_Ernest_Harmon.dds
[14:17:01][no_game_date][texturehandler.cpp:216]: Couldn't find texture file: 'gfx/leaders/USA/Portrait_USA_Ernest_Harmon.dds'
[14:17:01][no_game_date][texturehandler.cpp:160]: Texture Handler encountered missing texture file: gfx/leaders/USA/Portrait_USA_Franklin_C_Sibert.dds
[14:17:01][no_game_date][texturehandler.cpp:216]: Couldn't find texture file: 'gfx/leaders/USA/Portrait_USA_Franklin_C_Sibert.dds'
[14:17:01][no_game_date][texturehandler.cpp:160]: Texture Handler encountered missing texture file: gfx/leaders/USA/Portrait_USA_Frederick_Gilbreath.dds
[14:17:01][no_game_date][texturehandler.cpp:216]: Couldn't find texture file: 'gfx/leaders/USA/Portrait_USA_Frederick_Gilbreath.dds'
[14:17:01][no_game_date][texturehandler.cpp:160]: Texture Handler encountered missing texture file: gfx/leaders/USA/Portrait_USA_Gustav_J_Braun.dds
[14:17:01][no_game_date][texturehandler.cpp:216]: Couldn't find texture file: 'gfx/leaders/USA/Portrait_USA_Gustav_J_Braun.dds'
[14:17:01][no_game_date][texturehandler.cpp:160]: Texture Handler encountered missing texture file: gfx/leaders/USA/Portrait_USA_Innis_Swift.dds
[14:17:01][no_game_date][texturehandler.cpp:216]: Couldn't find texture file: 'gfx/leaders/USA/Portrait_USA_Innis_Swift.dds'
[14:17:01][no_game_date][texturehandler.cpp:160]: Texture Handler encountered missing texture file: gfx/leaders/USA/Portrait_USA_James_Alger.dds
[14:17:01][no_game_date][texturehandler.cpp:216]: Couldn't find texture file: 'gfx/leaders/USA/Portrait_USA_James_Alger.dds'
[14:17:01][no_game_date][texturehandler.cpp:160]: Texture Handler encountered missing texture file: gfx/leaders/USA/Portrait_USA_James_Van_Fleet.dds
[14:17:01][no_game_date][texturehandler.cpp:216]: Couldn't find texture file: 'gfx/leaders/USA/Portrait_USA_James_Van_Fleet.dds'
[14:17:01][no_game_date][texturehandler.cpp:160]: Texture Handler encountered missing texture file: gfx/leaders/USA/Portrait_USA_John_Lesene_Dewitt.dds
[14:17:01][no_game_date][texturehandler.cpp:216]: Couldn't find texture file: 'gfx/leaders/USA/Portrait_USA_John_Lesene_Dewitt.dds'
[14:17:01][no_game_date][texturehandler.cpp:160]: Texture Handler encountered missing texture file: gfx/leaders/USA/Portrait_USA_John_P_Lucas.dds
[14:17:01][no_game_date][texturehandler.cpp:216]: Couldn't find texture file: 'gfx/leaders/USA/Portrait_USA_John_P_Lucas.dds'
[14:17:01][no_game_date][texturehandler.cpp:160]: Texture Handler encountered missing texture file: gfx/leaders/USA/Portrait_USA_John_Millikin.dds
[14:17:01][no_game_date][texturehandler.cpp:216]: Couldn't find texture file: 'gfx/leaders/USA/Portrait_USA_John_Millikin.dds'
[14:17:01][no_game_date][texturehandler.cpp:160]: Texture Handler encountered missing texture file: gfx/leaders/USA/Portrait_USA_John_Shirley_Wood.dds
[14:17:01][no_game_date][texturehandler.cpp:216]: Couldn't find texture file: 'gfx/leaders/USA/Portrait_USA_John_Shirley_Wood.dds'
[14:17:01][no_game_date][texturehandler.cpp:160]: Texture Handler encountered missing texture file: gfx/leaders/USA/Portrait_USA_Julius_Ochs_Adler.dds
[14:17:01][no_game_date][texturehandler.cpp:216]: Couldn't find texture file: 'gfx/leaders/USA/Portrait_USA_Julius_Ochs_Adler.dds'
[14:17:01][no_game_date][texturehandler.cpp:160]: Texture Handler encountered missing texture file: gfx/leaders/USA/Portrait_USA_Lemuel_Shepherd_Jr.dds
[14:17:01][no_game_date][texturehandler.cpp:216]: Couldn't find texture file: 'gfx/leaders/USA/Portrait_USA_Lemuel_Shepherd_Jr.dds'
[14:17:01][no_game_date][texturehandler.cpp:160]: Texture Handler encountered missing texture file: gfx/leaders/USA/Portrait_USA_Orlando_Ward.dds
[14:17:01][no_game_date][texturehandler.cpp:216]: Couldn't find texture file: 'gfx/leaders/USA/Portrait_USA_Orlando_Ward.dds'
[14:17:01][no_game_date][texturehandler.cpp:160]: Texture Handler encountered missing texture file: gfx/leaders/USA/Portrait_USA_Paul_Wilkins_Kendall.dds
[14:17:01][no_game_date][texturehandler.cpp:216]: Couldn't find texture file: 'gfx/leaders/USA/Portrait_USA_Paul_Wilkins_Kendall.dds'
[14:17:01][no_game_date][texturehandler.cpp:160]: Texture Handler encountered missing texture file: gfx/leaders/USA/Portrait_USA_Robert_Eichelberger.dds
[14:17:01][no_game_date][texturehandler.cpp:216]: Couldn't find texture file: 'gfx/leaders/USA/Portrait_USA_Robert_Eichelberger.dds'
[14:17:01][no_game_date][texturehandler.cpp:160]: Texture Handler encountered missing texture file: gfx/leaders/USA/Portrait_USA_Robert_W._Grow.dds
[14:17:01][no_game_date][texturehandler.cpp:216]: Couldn't find texture file: 'gfx/leaders/USA/Portrait_USA_Robert_W._Grow.dds'
[14:17:01][no_game_date][texturehandler.cpp:160]: Texture Handler encountered missing texture file: gfx/leaders/USA/Portrait_USA_Roderick_Allen.dds
[14:17:01][no_game_date][texturehandler.cpp:216]: Couldn't find texture file: 'gfx/leaders/USA/Portrait_USA_Roderick_Allen.dds'
[14:17:01][no_game_date][texturehandler.cpp:160]: Texture Handler encountered missing texture file: gfx/leaders/USA/Portrait_USA_Roscoe_Woodruff.dds
[14:17:01][no_game_date][texturehandler.cpp:216]: Couldn't find texture file: 'gfx/leaders/USA/Portrait_USA_Roscoe_Woodruff.dds'
[14:17:01][no_game_date][texturehandler.cpp:160]: Texture Handler encountered missing texture file: gfx/leaders/USA/Portrait_USA_Simon_B_Buckner_Jr.dds
[14:17:01][no_game_date][texturehandler.cpp:216]: Couldn't find texture file: 'gfx/leaders/USA/Portrait_USA_Simon_B_Buckner_Jr.dds'
[14:17:01][no_game_date][texturehandler.cpp:160]: Texture Handler encountered missing texture file: gfx/leaders/USA/Portrait_USA_Stafford_Irwin.dds
[14:17:01][no_game_date][texturehandler.cpp:216]: Couldn't find texture file: 'gfx/leaders/USA/Portrait_USA_Stafford_Irwin.dds'
[14:17:01][no_game_date][texturehandler.cpp:160]: Texture Handler encountered missing texture file: gfx/leaders/USA/Portrait_USA_Terry_Allen.dds
[14:17:01][no_game_date][texturehandler.cpp:216]: Couldn't find texture file: 'gfx/leaders/USA/Portrait_USA_Terry_Allen.dds'
[14:17:01][no_game_date][texturehandler.cpp:160]: Texture Handler encountered missing texture file: gfx/leaders/USA/Portrait_USA_Theodore_Roosevelt_Jr.dds
[14:17:01][no_game_date][texturehandler.cpp:216]: Couldn't find texture file: 'gfx/leaders/USA/Portrait_USA_Theodore_Roosevelt_Jr.dds'
[14:17:01][no_game_date][texturehandler.cpp:160]: Texture Handler encountered missing texture file: gfx/leaders/USA/Portrait_USA_Vernon_E_Prichard.dds
[14:17:01][no_game_date][texturehandler.cpp:216]: Couldn't find texture file: 'gfx/leaders/USA/Portrait_USA_Vernon_E_Prichard.dds'
[14:17:01][no_game_date][texturehandler.cpp:160]: Texture Handler encountered missing texture file: gfx/leaders/USA/Portrait_USA_Wade_Haislip.dds
[14:17:01][no_game_date][texturehandler.cpp:216]: Couldn't find texture file: 'gfx/leaders/USA/Portrait_USA_Wade_Haislip.dds'
[14:17:01][no_game_date][texturehandler.cpp:160]: Texture Handler encountered missing texture file: gfx/leaders/USA/Portrait_USA_Walter_Short.dds
[14:17:01][no_game_date][texturehandler.cpp:216]: Couldn't find texture file: 'gfx/leaders/USA/Portrait_USA_Walter_Short.dds'
[14:17:01][no_game_date][texturehandler.cpp:160]: Texture Handler encountered missing texture file: gfx/leaders/USA/Portrait_USA_Willard_Wyman.dds
[14:17:01][no_game_date][texturehandler.cpp:216]: Couldn't find texture file: 'gfx/leaders/USA/Portrait_USA_Willard_Wyman.dds'
[14:17:01][no_game_date][texturehandler.cpp:160]: Texture Handler encountered missing texture file: gfx/leaders/USA/Portrait_USA_William_Morris_Hoge.dds
[14:17:01][no_game_date][texturehandler.cpp:216]: Couldn't find texture file: 'gfx/leaders/USA/Portrait_USA_William_Morris_Hoge.dds'
[14:17:01][no_game_date][texturehandler.cpp:160]: Texture Handler encountered missing texture file: gfx/leaders/USA/Portrait_USA_William_H_Rupertus.dds
[14:17:01][no_game_date][texturehandler.cpp:216]: Couldn't find texture file: 'gfx/leaders/USA/Portrait_USA_William_H_Rupertus.dds'
[14:17:01][no_game_date][texturehandler.cpp:160]: Texture Handler encountered missing texture file: gfx/leaders/USA/Portrait_USA_Willis_Crittenberger.dds
[14:17:01][no_game_date][texturehandler.cpp:216]: Couldn't find texture file: 'gfx/leaders/USA/Portrait_USA_Willis_Crittenberger.dds'
[14:17:01][no_game_date][texturehandler.cpp:160]: Texture Handler encountered missing texture file: gfx/leaders/USA/CW/General_Colin_Powell.dds
[14:17:01][no_game_date][texturehandler.cpp:216]: Couldn't find texture file: 'gfx/leaders/USA/CW/General_Colin_Powell.dds'
[14:17:01][no_game_date][texturehandler.cpp:160]: Texture Handler encountered missing texture file: gfx/leaders/USA/CW/Admiral_Carlisle_Trost.dds
[14:17:01][no_game_date][texturehandler.cpp:216]: Couldn't find texture file: 'gfx/leaders/USA/CW/Admiral_Carlisle_Trost.dds'
[14:17:01][no_game_date][texturehandler.cpp:160]: Texture Handler encountered missing texture file: gfx/leaders/USA/CW/Admiral_David_McDonald.dds
[14:17:01][no_game_date][texturehandler.cpp:216]: Couldn't find texture file: 'gfx/leaders/USA/CW/Admiral_David_McDonald.dds'
[14:17:01][no_game_date][texturehandler.cpp:160]: Texture Handler encountered missing texture file: gfx/leaders/USA/CW/Admiral_Elmo_Zumwalt.dds
[14:17:01][no_game_date][texturehandler.cpp:216]: Couldn't find texture file: 'gfx/leaders/USA/CW/Admiral_Elmo_Zumwalt.dds'
[14:17:01][no_game_date][texturehandler.cpp:160]: Texture Handler encountered missing texture file: gfx/leaders/USA/CW/Admiral_Forrest_P_Sherman.dds
[14:17:01][no_game_date][texturehandler.cpp:216]: Couldn't find texture file: 'gfx/leaders/USA/CW/Admiral_Forrest_P_Sherman.dds'
[14:17:01][no_game_date][texturehandler.cpp:160]: Texture Handler encountered missing texture file: gfx/leaders/USA/CW/Admiral_Frank_Kelso.dds
[14:17:01][no_game_date][texturehandler.cpp:216]: Couldn't find texture file: 'gfx/leaders/USA/CW/Admiral_Frank_Kelso.dds'
[14:17:01][no_game_date][texturehandler.cpp:160]: Texture Handler encountered missing texture file: gfx/leaders/USA/CW/Admiral_George_Stephen_Morrison.dds
[14:17:01][no_game_date][texturehandler.cpp:216]: Couldn't find texture file: 'gfx/leaders/USA/CW/Admiral_George_Stephen_Morrison.dds'
[14:17:01][no_game_date][texturehandler.cpp:160]: Texture Handler encountered missing texture file: gfx/leaders/USA/CW/Admiral_George_W._Anderson_Jr..dds
[14:17:01][no_game_date][texturehandler.cpp:216]: Couldn't find texture file: 'gfx/leaders/USA/CW/Admiral_George_W._Anderson_Jr..dds'
[14:17:01][no_game_date][texturehandler.cpp:160]: Texture Handler encountered missing texture file: gfx/leaders/USA/CW/Admiral_J._William_Kime.dds
[14:17:01][no_game_date][texturehandler.cpp:216]: Couldn't find texture file: 'gfx/leaders/USA/CW/Admiral_J._William_Kime.dds'
[14:17:01][no_game_date][texturehandler.cpp:160]: Texture Handler encountered missing texture file: gfx/leaders/USA/CW/Admiral_James_Holloway_III.dds
[14:17:01][no_game_date][texturehandler.cpp:216]: Couldn't find texture file: 'gfx/leaders/USA/CW/Admiral_James_Holloway_III.dds'
[14:17:01][no_game_date][texturehandler.cpp:160]: Texture Handler encountered missing texture file: gfx/leaders/USA/CW/Admiral_James_Watkins.dds
[14:17:01][no_game_date][texturehandler.cpp:216]: Couldn't find texture file: 'gfx/leaders/USA/CW/Admiral_James_Watkins.dds'
[14:17:01][no_game_date][texturehandler.cpp:160]: Texture Handler encountered missing texture file: gfx/leaders/USA/CW/Admiral_John_S._McCain_Jr..dds
[14:17:01][no_game_date][texturehandler.cpp:216]: Couldn't find texture file: 'gfx/leaders/USA/CW/Admiral_John_S._McCain_Jr..dds'
[14:17:01][no_game_date][texturehandler.cpp:160]: Texture Handler encountered missing texture file: gfx/leaders/USA/CW/Admiral_Joseph_Metcalf_III.dds
[14:17:01][no_game_date][texturehandler.cpp:216]: Couldn't find texture file: 'gfx/leaders/USA/CW/Admiral_Joseph_Metcalf_III.dds'
[14:17:01][no_game_date][texturehandler.cpp:160]: Texture Handler encountered missing texture file: gfx/leaders/USA/CW/Admiral_Robert_Bostwick_Carney.dds
[14:17:01][no_game_date][texturehandler.cpp:216]: Couldn't find texture file: 'gfx/leaders/USA/CW/Admiral_Robert_Bostwick_Carney.dds'
[14:17:01][no_game_date][texturehandler.cpp:160]: Texture Handler encountered missing texture file: gfx/leaders/USA/CW/Admiral_Stan_Arthur.dds
[14:17:01][no_game_date][texturehandler.cpp:216]: Couldn't find texture file: 'gfx/leaders/USA/CW/Admiral_Stan_Arthur.dds'
[14:17:01][no_game_date][texturehandler.cpp:160]: Texture Handler encountered missing texture file: gfx/leaders/USA/CW/Admiral_Thomas_Hayward.dds
[14:17:01][no_game_date][texturehandler.cpp:216]: Couldn't find texture file: 'gfx/leaders/USA/CW/Admiral_Thomas_Hayward.dds'
[14:17:01][no_game_date][texturehandler.cpp:160]: Texture Handler encountered missing texture file: gfx/leaders/USA/CW/Admiral_Thomas_Moorer.dds
[14:17:01][no_game_date][texturehandler.cpp:216]: Couldn't find texture file: 'gfx/leaders/USA/CW/Admiral_Thomas_Moorer.dds'
[14:17:01][no_game_date][texturehandler.cpp:160]: Texture Handler encountered missing texture file: gfx/leaders/USA/CW/Admiral_William_Fechteler.dds
[14:17:01][no_game_date][texturehandler.cpp:216]: Couldn't find texture file: 'gfx/leaders/USA/CW/Admiral_William_Fechteler.dds'
[14:17:01][no_game_date][texturehandler.cpp:160]: Texture Handler encountered missing texture file: gfx/leaders/USA/CW/Airforce_General_Charles_Gabriel.dds
[14:17:01][no_game_date][texturehandler.cpp:216]: Couldn't find texture file: 'gfx/leaders/USA/CW/Airforce_General_Charles_Gabriel.dds'
[14:17:01][no_game_date][texturehandler.cpp:160]: Texture Handler encountered missing texture file: gfx/leaders/USA/CW/Airforce_General_Charles_P._Cabell.dds
[14:17:01][no_game_date][texturehandler.cpp:216]: Couldn't find texture file: 'gfx/leaders/USA/CW/Airforce_General_Charles_P._Cabell.dds'
[14:17:01][no_game_date][texturehandler.cpp:160]: Texture Handler encountered missing texture file: gfx/leaders/USA/CW/Airforce_General_Chuck_Horner.dds
[14:17:01][no_game_date][texturehandler.cpp:216]: Couldn't find texture file: 'gfx/leaders/USA/CW/Airforce_General_Chuck_Horner.dds'
[14:17:01][no_game_date][texturehandler.cpp:160]: Texture Handler encountered missing texture file: gfx/leaders/USA/CW/Airforce_General_David_Jones.dds
[14:17:01][no_game_date][texturehandler.cpp:216]: Couldn't find texture file: 'gfx/leaders/USA/CW/Airforce_General_David_Jones.dds'
[14:17:01][no_game_date][texturehandler.cpp:160]: Texture Handler encountered missing texture file: gfx/leaders/USA/CW/Airforce_General_George_Brown.dds
[14:17:01][no_game_date][texturehandler.cpp:216]: Couldn't find texture file: 'gfx/leaders/USA/CW/Airforce_General_George_Brown.dds'
[14:17:01][no_game_date][texturehandler.cpp:160]: Texture Handler encountered missing texture file: gfx/leaders/USA/CW/Airforce_General_Hoyt_S_Vandenberg.dds
[14:17:01][no_game_date][texturehandler.cpp:216]: Couldn't find texture file: 'gfx/leaders/USA/CW/Airforce_General_Hoyt_S_Vandenberg.dds'
[14:17:01][no_game_date][texturehandler.cpp:160]: Texture Handler encountered missing texture file: gfx/leaders/USA/CW/Airforce_General_John_Dale_Ryan.dds
[14:17:01][no_game_date][texturehandler.cpp:216]: Couldn't find texture file: 'gfx/leaders/USA/CW/Airforce_General_John_Dale_Ryan.dds'
[14:17:01][no_game_date][texturehandler.cpp:160]: Texture Handler encountered missing texture file: gfx/leaders/USA/CW/Airforce_General_John_Michael_Loh.dds
[14:17:01][no_game_date][texturehandler.cpp:216]: Couldn't find texture file: 'gfx/leaders/USA/CW/Airforce_General_John_Michael_Loh.dds'
[14:17:01][no_game_date][texturehandler.cpp:160]: Texture Handler encountered missing texture file: gfx/leaders/USA/CW/Airforce_General_John_P._McConnell.dds
[14:17:01][no_game_date][texturehandler.cpp:216]: Couldn't find texture file: 'gfx/leaders/USA/CW/Airforce_General_John_P._McConnell.dds'
[14:17:01][no_game_date][texturehandler.cpp:160]: Texture Handler encountered missing texture file: gfx/leaders/USA/CW/Airforce_General_Larry_Welch.dds
[14:17:01][no_game_date][texturehandler.cpp:216]: Couldn't find texture file: 'gfx/leaders/USA/CW/Airforce_General_Larry_Welch.dds'
[14:17:01][no_game_date][texturehandler.cpp:160]: Texture Handler encountered missing texture file: gfx/leaders/USA/CW/Airforce_General_Lew_Allen.dds
[14:17:01][no_game_date][texturehandler.cpp:216]: Couldn't find texture file: 'gfx/leaders/USA/CW/Airforce_General_Lew_Allen.dds'
[14:17:01][no_game_date][texturehandler.cpp:160]: Texture Handler encountered missing texture file: gfx/leaders/USA/CW/Airforce_General_Merrill_McPeak.dds
[14:17:01][no_game_date][texturehandler.cpp:216]: Couldn't find texture file: 'gfx/leaders/USA/CW/Airforce_General_Merrill_McPeak.dds'
[14:17:01][no_game_date][texturehandler.cpp:160]: Texture Handler encountered missing texture file: gfx/leaders/USA/CW/Airforce_General_Michael_Dugan.dds
[14:17:01][no_game_date][texturehandler.cpp:216]: Couldn't find texture file: 'gfx/leaders/USA/CW/Airforce_General_Michael_Dugan.dds'
[14:17:01][no_game_date][texturehandler.cpp:160]: Texture Handler encountered missing texture file: gfx/leaders/USA/CW/Airforce_General_Nathan_Twining.dds
[14:17:01][no_game_date][texturehandler.cpp:216]: Couldn't find texture file: 'gfx/leaders/USA/CW/Airforce_General_Nathan_Twining.dds'
[14:17:01][no_game_date][texturehandler.cpp:160]: Texture Handler encountered missing texture file: gfx/leaders/USA/CW/Airforce_General_Thomas_Dresser_White.dds
[14:17:01][no_game_date][texturehandler.cpp:216]: Couldn't find texture file: 'gfx/leaders/USA/CW/Airforce_General_Thomas_Dresser_White.dds'
[14:17:01][no_game_date][texturehandler.cpp:160]: Texture Handler encountered missing texture file: gfx/leaders/USA/CW/Airforce_General_William_W._Momyer.dds
[14:17:01][no_game_date][texturehandler.cpp:216]: Couldn't find texture file: 'gfx/leaders/USA/CW/Airforce_General_William_W._Momyer.dds'
[14:17:01][no_game_date][texturehandler.cpp:160]: Texture Handler encountered missing texture file: gfx/leaders/USA/CW/General_Bernard_W._Rogers.dds
[14:17:01][no_game_date][texturehandler.cpp:216]: Couldn't find texture file: 'gfx/leaders/USA/CW/General_Bernard_W._Rogers.dds'
[14:17:01][no_game_date][texturehandler.cpp:160]: Texture Handler encountered missing texture file: gfx/leaders/USA/CW/General_Bruce_Palmer.dds
[14:17:01][no_game_date][texturehandler.cpp:216]: Couldn't find texture file: 'gfx/leaders/USA/CW/General_Bruce_Palmer.dds'
[14:17:01][no_game_date][texturehandler.cpp:160]: Texture Handler encountered missing texture file: gfx/leaders/USA/CW/General_Carl_Vuono.dds
[14:17:01][no_game_date][texturehandler.cpp:216]: Couldn't find texture file: 'gfx/leaders/USA/CW/General_Carl_Vuono.dds'
[14:17:01][no_game_date][texturehandler.cpp:160]: Texture Handler encountered missing texture file: gfx/leaders/USA/CW/General_Charles_H._Bonesteel_III.dds
[14:17:01][no_game_date][texturehandler.cpp:216]: Couldn't find texture file: 'gfx/leaders/USA/CW/General_Charles_H._Bonesteel_III.dds'
[14:17:01][no_game_date][texturehandler.cpp:160]: Texture Handler encountered missing texture file: gfx/leaders/USA/CW/General_Earle_Wheeler.dds
[14:17:01][no_game_date][texturehandler.cpp:216]: Couldn't find texture file: 'gfx/leaders/USA/CW/General_Earle_Wheeler.dds'
[14:17:01][no_game_date][texturehandler.cpp:160]: Texture Handler encountered missing texture file: gfx/leaders/USA/CW/General_Edward_Meyer.dds
[14:17:01][no_game_date][texturehandler.cpp:216]: Couldn't find texture file: 'gfx/leaders/USA/CW/General_Edward_Meyer.dds'
[14:17:01][no_game_date][texturehandler.cpp:160]: Texture Handler encountered missing texture file: gfx/leaders/USA/CW/General_Frederick_C_Weyand.dds
[14:17:01][no_game_date][texturehandler.cpp:216]: Couldn't find texture file: 'gfx/leaders/USA/CW/General_Frederick_C_Weyand.dds'
[14:17:01][no_game_date][texturehandler.cpp:160]: Texture Handler encountered missing texture file: gfx/leaders/USA/CW/General_George_Decker.dds
[14:17:01][no_game_date][texturehandler.cpp:216]: Couldn't find texture file: 'gfx/leaders/USA/CW/General_George_Decker.dds'
[14:17:01][no_game_date][texturehandler.cpp:160]: Texture Handler encountered missing texture file: gfx/leaders/USA/CW/General_Harold_Johnson.dds
[14:17:01][no_game_date][texturehandler.cpp:216]: Couldn't find texture file: 'gfx/leaders/USA/CW/General_Harold_Johnson.dds'
[14:17:01][no_game_date][texturehandler.cpp:160]: Texture Handler encountered missing texture file: gfx/leaders/USA/CW/General_Jack_B._Farris.dds
[14:17:01][no_game_date][texturehandler.cpp:216]: Couldn't find texture file: 'gfx/leaders/USA/CW/General_Jack_B._Farris.dds'
[14:17:01][no_game_date][texturehandler.cpp:160]: Texture Handler encountered missing texture file: gfx/leaders/USA/CW/General_John_J._Yeosock.dds
[14:17:01][no_game_date][texturehandler.cpp:216]: Couldn't find texture file: 'gfx/leaders/USA/CW/General_John_J._Yeosock.dds'
[14:17:01][no_game_date][texturehandler.cpp:160]: Texture Handler encountered missing texture file: gfx/leaders/USA/CW/General_John_Wickham.dds
[14:17:01][no_game_date][texturehandler.cpp:216]: Couldn't find texture file: 'gfx/leaders/USA/CW/General_John_Wickham.dds'
[14:17:01][no_game_date][texturehandler.cpp:160]: Texture Handler encountered missing texture file: gfx/leaders/USA/CW/General_Lyman_Lemnitzer.dds
[14:17:01][no_game_date][texturehandler.cpp:216]: Couldn't find texture file: 'gfx/leaders/USA/CW/General_Lyman_Lemnitzer.dds'
[14:17:01][no_game_date][texturehandler.cpp:160]: Texture Handler encountered missing texture file: gfx/leaders/USA/CW/General_Maxwell_R._Thurman.dds
[14:17:01][no_game_date][texturehandler.cpp:216]: Couldn't find texture file: 'gfx/leaders/USA/CW/General_Maxwell_R._Thurman.dds'
[14:17:01][no_game_date][texturehandler.cpp:160]: Texture Handler encountered missing texture file: gfx/leaders/USA/CW/General_Norman_Schwarzkopf_Jr..dds
[14:17:01][no_game_date][texturehandler.cpp:216]: Couldn't find texture file: 'gfx/leaders/USA/CW/General_Norman_Schwarzkopf_Jr..dds'
[14:17:01][no_game_date][texturehandler.cpp:160]: Texture Handler encountered missing texture file: gfx/leaders/USA/CW/General_William_C_Westmoreland.dds
[14:17:01][no_game_date][texturehandler.cpp:216]: Couldn't find texture file: 'gfx/leaders/USA/CW/General_William_C_Westmoreland.dds'
[14:17:01][no_game_date][texturehandler.cpp:160]: Texture Handler encountered missing texture file: gfx/leaders/USA/CW/Marines_General_Alfred_Gray.dds
[14:17:01][no_game_date][texturehandler.cpp:216]: Couldn't find texture file: 'gfx/leaders/USA/CW/Marines_General_Alfred_Gray.dds'
[14:17:01][no_game_date][texturehandler.cpp:160]: Texture Handler encountered missing texture file: gfx/leaders/USA/CW/Marines_General_Clifton_B._Cates.dds
[14:17:01][no_game_date][texturehandler.cpp:216]: Couldn't find texture file: 'gfx/leaders/USA/CW/Marines_General_Clifton_B._Cates.dds'
[14:17:01][no_game_date][texturehandler.cpp:160]: Texture Handler encountered missing texture file: gfx/leaders/USA/CW/Marines_General_David_M_Shoup.dds
[14:17:01][no_game_date][texturehandler.cpp:216]: Couldn't find texture file: 'gfx/leaders/USA/CW/Marines_General_David_M_Shoup.dds'
[14:17:01][no_game_date][texturehandler.cpp:160]: Texture Handler encountered missing texture file: gfx/leaders/USA/CW/Marines_General_Lemuel_Cornick_Shepherd.dds
[14:17:01][no_game_date][texturehandler.cpp:216]: Couldn't find texture file: 'gfx/leaders/USA/CW/Marines_General_Lemuel_Cornick_Shepherd.dds'
[14:17:01][no_game_date][texturehandler.cpp:160]: Texture Handler encountered missing texture file: gfx/leaders/USA/CW/Marines_General_Leonard_F._Chapman.dds
[14:17:01][no_game_date][texturehandler.cpp:216]: Couldn't find texture file: 'gfx/leaders/USA/CW/Marines_General_Leonard_F._Chapman.dds'
[14:17:01][no_game_date][texturehandler.cpp:160]: Texture Handler encountered missing texture file: gfx/leaders/USA/CW/Marines_General_Louis_Wilson.dds
[14:17:01][no_game_date][texturehandler.cpp:216]: Couldn't find texture file: 'gfx/leaders/USA/CW/Marines_General_Louis_Wilson.dds'
[14:17:01][no_game_date][texturehandler.cpp:160]: Texture Handler encountered missing texture file: gfx/leaders/USA/CW/Marines_General_Paul_Kelley.dds
[14:17:01][no_game_date][texturehandler.cpp:216]: Couldn't find texture file: 'gfx/leaders/USA/CW/Marines_General_Paul_Kelley.dds'
[14:17:01][no_game_date][texturehandler.cpp:160]: Texture Handler encountered missing texture file: gfx/leaders/USA/CW/Marines_General_Randolph_Pate.dds
[14:17:01][no_game_date][texturehandler.cpp:216]: Couldn't find texture file: 'gfx/leaders/USA/CW/Marines_General_Randolph_Pate.dds'
[14:17:01][no_game_date][texturehandler.cpp:160]: Texture Handler encountered missing texture file: gfx/leaders/USA/CW/Marines_General_Robert_B._Johnston.dds
[14:17:01][no_game_date][texturehandler.cpp:216]: Couldn't find texture file: 'gfx/leaders/USA/CW/Marines_General_Robert_B._Johnston.dds'
[14:17:01][no_game_date][texturehandler.cpp:160]: Texture Handler encountered missing texture file: gfx/leaders/USA/CW/Marines_General_Robert_E._Cushman.dds
[14:17:01][no_game_date][texturehandler.cpp:216]: Couldn't find texture file: 'gfx/leaders/USA/CW/Marines_General_Robert_E._Cushman.dds'
[14:17:01][no_game_date][texturehandler.cpp:160]: Texture Handler encountered missing texture file: gfx/leaders/USA/CW/Marines_General_Robert_H._Barrow.dds
[14:17:01][no_game_date][texturehandler.cpp:216]: Couldn't find texture file: 'gfx/leaders/USA/CW/Marines_General_Robert_H._Barrow.dds'
[14:17:01][no_game_date][texturehandler.cpp:160]: Texture Handler encountered missing texture file: gfx/leaders/USA/CW/Marines_General_Wallace_M._Greene.dds
[14:17:01][no_game_date][texturehandler.cpp:216]: Couldn't find texture file: 'gfx/leaders/USA/CW/Marines_General_Wallace_M._Greene.dds'
[14:17:01][no_game_date][texturehandler.cpp:160]: Texture Handler encountered missing texture file: gfx/leaders/USA/CW/Marines_General_Walter_E._Boomer.dds
[14:17:01][no_game_date][texturehandler.cpp:216]: Couldn't find texture file: 'gfx/leaders/USA/CW/Marines_General_Walter_E._Boomer.dds'
[14:17:01][no_game_date][texturehandler.cpp:160]: Texture Handler encountered missing texture file: gfx/leaders/USA/MD/Colin_Powell.dds
[14:17:01][no_game_date][texturehandler.cpp:216]: Couldn't find texture file: 'gfx/leaders/USA/MD/Colin_Powell.dds'
[14:17:01][no_game_date][texturehandler.cpp:160]: Texture Handler encountered missing texture file: gfx/leaders/USA/MD/James_Mattis.dds
[14:17:01][no_game_date][texturehandler.cpp:216]: Couldn't find texture file: 'gfx/leaders/USA/MD/James_Mattis.dds'
[14:17:01][no_game_date][texturehandler.cpp:160]: Texture Handler encountered missing texture file: gfx/leaders/USA/MD/John_G_Coburn.dds
[14:17:01][no_game_date][texturehandler.cpp:216]: Couldn't find texture file: 'gfx/leaders/USA/MD/John_G_Coburn.dds'
[14:17:01][no_game_date][texturehandler.cpp:160]: Texture Handler encountered missing texture file: gfx/leaders/USA/MD/Eric_K_Shinseki.dds
[14:17:01][no_game_date][texturehandler.cpp:216]: Couldn't find texture file: 'gfx/leaders/USA/MD/Eric_K_Shinseki.dds'
[14:17:01][no_game_date][texturehandler.cpp:160]: Texture Handler encountered missing texture file: gfx/leaders/USA/MD/Dennis_Reimer.dds
[14:17:01][no_game_date][texturehandler.cpp:216]: Couldn't find texture file: 'gfx/leaders/USA/MD/Dennis_Reimer.dds'
[14:17:01][no_game_date][texturehandler.cpp:160]: Texture Handler encountered missing texture file: gfx/leaders/USA/MD/Jack_Keane.dds
[14:17:01][no_game_date][texturehandler.cpp:216]: Couldn't find texture file: 'gfx/leaders/USA/MD/Jack_Keane.dds'
[14:17:01][no_game_date][texturehandler.cpp:160]: Texture Handler encountered missing texture file: gfx/leaders/USA/MD/Thomas_A_Schwartz.dds
[14:17:01][no_game_date][texturehandler.cpp:216]: Couldn't find texture file: 'gfx/leaders/USA/MD/Thomas_A_Schwartz.dds'
[14:17:01][no_game_date][texturehandler.cpp:160]: Texture Handler encountered missing texture file: gfx/leaders/USA/MD/Lori_J_Robinson.dds
[14:17:01][no_game_date][texturehandler.cpp:216]: Couldn't find texture file: 'gfx/leaders/USA/MD/Lori_J_Robinson.dds'
[14:17:01][no_game_date][texturehandler.cpp:160]: Texture Handler encountered missing texture file: gfx/leaders/USA/MD/Erik_Kurilla.dds
[14:17:01][no_game_date][texturehandler.cpp:216]: Couldn't find texture file: 'gfx/leaders/USA/MD/Erik_Kurilla.dds'
[14:17:01][no_game_date][texturehandler.cpp:160]: Texture Handler encountered missing texture file: gfx/leaders/USA/MD/Robert_B_Abrams.dds
[14:17:01][no_game_date][texturehandler.cpp:216]: Couldn't find texture file: 'gfx/leaders/USA/MD/Robert_B_Abrams.dds'
[14:17:01][no_game_date][texturehandler.cpp:160]: Texture Handler encountered missing texture file: gfx/leaders/USA/MD/Joseph_L_Votel.dds
[14:17:01][no_game_date][texturehandler.cpp:216]: Couldn't find texture file: 'gfx/leaders/USA/MD/Joseph_L_Votel.dds'
[14:17:01][no_game_date][texturehandler.cpp:160]: Texture Handler encountered missing texture file: gfx/leaders/USA/MD/John_N_Abrams.dds
[14:17:01][no_game_date][texturehandler.cpp:216]: Couldn't find texture file: 'gfx/leaders/USA/MD/John_N_Abrams.dds'
[14:17:01][no_game_date][texturehandler.cpp:160]: Texture Handler encountered missing texture file: gfx/leaders/USA/MD/Thomas_D_Waldhauser.dds
[14:17:01][no_game_date][texturehandler.cpp:216]: Couldn't find texture file: 'gfx/leaders/USA/MD/Thomas_D_Waldhauser.dds'
[14:17:01][no_game_date][texturehandler.cpp:160]: Texture Handler encountered missing texture file: gfx/leaders/USA/MD/Andrew_P_Poppas.dds
[14:17:01][no_game_date][texturehandler.cpp:216]: Couldn't find texture file: 'gfx/leaders/USA/MD/Andrew_P_Poppas.dds'
[14:17:01][no_game_date][texturehandler.cpp:160]: Texture Handler encountered missing texture file: gfx/leaders/USA/MD/John_W_Hendrix.dds
[14:17:01][no_game_date][texturehandler.cpp:216]: Couldn't find texture file: 'gfx/leaders/USA/MD/John_W_Hendrix.dds'
[14:17:01][no_game_date][texturehandler.cpp:160]: Texture Handler encountered missing texture file: gfx/leaders/USA/MD/Kurt_W_Tidd.dds
[14:17:01][no_game_date][texturehandler.cpp:216]: Couldn't find texture file: 'gfx/leaders/USA/MD/Kurt_W_Tidd.dds'
[14:17:01][no_game_date][texturehandler.cpp:160]: Texture Handler encountered missing texture file: gfx/leaders/USA/MD/Joseph_M_Martin.dds
[14:17:01][no_game_date][texturehandler.cpp:216]: Couldn't find texture file: 'gfx/leaders/USA/MD/Joseph_M_Martin.dds'
[14:17:01][no_game_date][texturehandler.cpp:160]: Texture Handler encountered missing texture file: gfx/leaders/USA/MD/Christopher_G_Cavoli.dds
[14:17:01][no_game_date][texturehandler.cpp:216]: Couldn't find texture file: 'gfx/leaders/USA/MD/Christopher_G_Cavoli.dds'
[14:17:01][no_game_date][texturehandler.cpp:160]: Texture Handler encountered missing texture file: gfx/leaders/USA/MD/Joseph_Dunford.dds
[14:17:01][no_game_date][texturehandler.cpp:216]: Couldn't find texture file: 'gfx/leaders/USA/MD/Joseph_Dunford.dds'
[14:17:01][no_game_date][texturehandler.cpp:160]: Texture Handler encountered missing texture file: gfx/leaders/USA/MD/Paul_Selva.dds
[14:17:01][no_game_date][texturehandler.cpp:216]: Couldn't find texture file: 'gfx/leaders/USA/MD/Paul_Selva.dds'
[14:17:01][no_game_date][texturehandler.cpp:160]: Texture Handler encountered missing texture file: gfx/leaders/USA/MD/Curtis_Scaparrotti.dds
[14:17:01][no_game_date][texturehandler.cpp:216]: Couldn't find texture file: 'gfx/leaders/USA/MD/Curtis_Scaparrotti.dds'
[14:17:01][no_game_date][texturehandler.cpp:160]: Texture Handler encountered missing texture file: gfx/leaders/USA/MD/Raymond_Thomas.dds
[14:17:01][no_game_date][texturehandler.cpp:216]: Couldn't find texture file: 'gfx/leaders/USA/MD/Raymond_Thomas.dds'
[14:17:01][no_game_date][texturehandler.cpp:160]: Texture Handler encountered missing texture file: gfx/leaders/USA/MD/John_Hyten.dds
[14:17:01][no_game_date][texturehandler.cpp:216]: Couldn't find texture file: 'gfx/leaders/USA/MD/John_Hyten.dds'
[14:17:01][no_game_date][texturehandler.cpp:160]: Texture Handler encountered missing texture file: gfx/leaders/USA/MD/Darren_McDew.dds
[14:17:01][no_game_date][texturehandler.cpp:216]: Couldn't find texture file: 'gfx/leaders/USA/MD/Darren_McDew.dds'
[14:17:01][no_game_date][texturehandler.cpp:160]: Texture Handler encountered missing texture file: gfx/leaders/USA/MD/Joseph_Lengyel.dds
[14:17:01][no_game_date][texturehandler.cpp:216]: Couldn't find texture file: 'gfx/leaders/USA/MD/Joseph_Lengyel.dds'
[14:17:01][no_game_date][texturehandler.cpp:160]: Texture Handler encountered missing texture file: gfx/leaders/USA/MD/Vincent_Brooks.dds
[14:17:01][no_game_date][texturehandler.cpp:216]: Couldn't find texture file: 'gfx/leaders/USA/MD/Vincent_Brooks.dds'
[14:17:01][no_game_date][texturehandler.cpp:160]: Texture Handler encountered missing texture file: gfx/leaders/USA/MD/Mark_Milley.dds
[14:17:01][no_game_date][texturehandler.cpp:216]: Couldn't find texture file: 'gfx/leaders/USA/MD/Mark_Milley.dds'
[14:17:01][no_game_date][texturehandler.cpp:160]: Texture Handler encountered missing texture file: gfx/leaders/USA/MD/Daniel_Allyn.dds
[14:17:01][no_game_date][texturehandler.cpp:216]: Couldn't find texture file: 'gfx/leaders/USA/MD/Daniel_Allyn.dds'
[14:17:01][no_game_date][texturehandler.cpp:160]: Texture Handler encountered missing texture file: gfx/leaders/USA/MD/Gustave_Perna.dds
[14:17:01][no_game_date][texturehandler.cpp:216]: Couldn't find texture file: 'gfx/leaders/USA/MD/Gustave_Perna.dds'
[14:17:01][no_game_date][texturehandler.cpp:160]: Texture Handler encountered missing texture file: gfx/leaders/USA/MD/Robert_Brown.dds
[14:17:01][no_game_date][texturehandler.cpp:216]: Couldn't find texture file: 'gfx/leaders/USA/MD/Robert_Brown.dds'
[14:17:01][no_game_date][texturehandler.cpp:160]: Texture Handler encountered missing texture file: gfx/leaders/USA/MD/David_Perkins.dds
[14:17:01][no_game_date][texturehandler.cpp:216]: Couldn't find texture file: 'gfx/leaders/USA/MD/David_Perkins.dds'
[14:17:01][no_game_date][texturehandler.cpp:160]: Texture Handler encountered missing texture file: gfx/leaders/USA/MD/Robert_Neller.dds
[14:17:01][no_game_date][texturehandler.cpp:216]: Couldn't find texture file: 'gfx/leaders/USA/MD/Robert_Neller.dds'
[14:17:01][no_game_date][texturehandler.cpp:160]: Texture Handler encountered missing texture file: gfx/leaders/USA/MD/Glenn_Walters.dds
[14:17:01][no_game_date][texturehandler.cpp:216]: Couldn't find texture file: 'gfx/leaders/USA/MD/Glenn_Walters.dds'
[14:17:01][no_game_date][texturehandler.cpp:160]: Texture Handler encountered missing texture file: gfx/leaders/USA/MD/James_McConville.dds
[14:17:01][no_game_date][texturehandler.cpp:216]: Couldn't find texture file: 'gfx/leaders/USA/MD/James_McConville.dds'
[14:17:01][no_game_date][texturehandler.cpp:160]: Texture Handler encountered missing texture file: gfx/leaders/USA/MD/David_Goldfein.dds
[14:17:01][no_game_date][texturehandler.cpp:216]: Couldn't find texture file: 'gfx/leaders/USA/MD/David_Goldfein.dds'
[14:17:01][no_game_date][texturehandler.cpp:160]: Texture Handler encountered missing texture file: gfx/leaders/USA/MD/Stephen_Wilson.dds
[14:17:01][no_game_date][texturehandler.cpp:216]: Couldn't find texture file: 'gfx/leaders/USA/MD/Stephen_Wilson.dds'
[14:17:01][no_game_date][texturehandler.cpp:160]: Texture Handler encountered missing texture file: gfx/leaders/USA/MD/James_Holmes.dds
[14:17:01][no_game_date][texturehandler.cpp:216]: Couldn't find texture file: 'gfx/leaders/USA/MD/James_Holmes.dds'
[14:17:01][no_game_date][texturehandler.cpp:160]: Texture Handler encountered missing texture file: gfx/leaders/USA/MD/Robin_Rand.dds
[14:17:01][no_game_date][texturehandler.cpp:216]: Couldn't find texture file: 'gfx/leaders/USA/MD/Robin_Rand.dds'
[14:17:01][no_game_date][texturehandler.cpp:160]: Texture Handler encountered missing texture file: gfx/leaders/USA/MD/Ellen_Pawlikowski.dds
[14:17:01][no_game_date][texturehandler.cpp:216]: Couldn't find texture file: 'gfx/leaders/USA/MD/Ellen_Pawlikowski.dds'
[14:17:01][no_game_date][texturehandler.cpp:160]: Texture Handler encountered missing texture file: gfx/leaders/USA/MD/John_Raymond.dds
[14:17:01][no_game_date][texturehandler.cpp:216]: Couldn't find texture file: 'gfx/leaders/USA/MD/John_Raymond.dds'
[14:17:01][no_game_date][texturehandler.cpp:160]: Texture Handler encountered missing texture file: gfx/leaders/USA/MD/Carlton_Everhart.dds
[14:17:01][no_game_date][texturehandler.cpp:216]: Couldn't find texture file: 'gfx/leaders/USA/MD/Carlton_Everhart.dds'
[14:17:01][no_game_date][texturehandler.cpp:160]: Texture Handler encountered missing texture file: gfx/leaders/USA/MD/Terrence_OShaughnessy.dds
[14:17:01][no_game_date][texturehandler.cpp:216]: Couldn't find texture file: 'gfx/leaders/USA/MD/Terrence_OShaughnessy.dds'
[14:17:01][no_game_date][texturehandler.cpp:160]: Texture Handler encountered missing texture file: gfx/leaders/USA/MD/Tod_Wolters.dds
[14:17:01][no_game_date][texturehandler.cpp:216]: Couldn't find texture file: 'gfx/leaders/USA/MD/Tod_Wolters.dds'
[14:17:01][no_game_date][texturehandler.cpp:160]: Texture Handler encountered missing texture file: gfx/leaders/USA/MD/Joseph_Harrington.dds
[14:17:01][no_game_date][texturehandler.cpp:216]: Couldn't find texture file: 'gfx/leaders/USA/MD/Joseph_Harrington.dds'
[14:17:01][no_game_date][texturehandler.cpp:160]: Texture Handler encountered missing texture file: gfx/leaders/USA/MD/Michael_Garrett.dds
[14:17:01][no_game_date][texturehandler.cpp:216]: Couldn't find texture file: 'gfx/leaders/USA/MD/Michael_Garrett.dds'
[14:17:01][no_game_date][texturehandler.cpp:160]: Texture Handler encountered missing texture file: gfx/leaders/USA/MD/Ben_Hodges.dds
[14:17:01][no_game_date][texturehandler.cpp:216]: Couldn't find texture file: 'gfx/leaders/USA/MD/Ben_Hodges.dds'
[14:17:01][no_game_date][texturehandler.cpp:160]: Texture Handler encountered missing texture file: gfx/leaders/USA/MD/Jeffrey_Buchanan.dds
[14:17:01][no_game_date][texturehandler.cpp:216]: Couldn't find texture file: 'gfx/leaders/USA/MD/Jeffrey_Buchanan.dds'
[14:17:01][no_game_date][texturehandler.cpp:160]: Texture Handler encountered missing texture file: gfx/leaders/USA/MD/Clarence_Chinn.dds
[14:17:01][no_game_date][texturehandler.cpp:216]: Couldn't find texture file: 'gfx/leaders/USA/MD/Clarence_Chinn.dds'
[14:17:01][no_game_date][texturehandler.cpp:160]: Texture Handler encountered missing texture file: gfx/leaders/USA/MD/Susan_Davidson.dds
[14:17:01][no_game_date][texturehandler.cpp:216]: Couldn't find texture file: 'gfx/leaders/USA/MD/Susan_Davidson.dds'
[14:17:01][no_game_date][texturehandler.cpp:160]: Texture Handler encountered missing texture file: gfx/leaders/USA/MD/Paul_Nakasone.dds
[14:17:01][no_game_date][texturehandler.cpp:216]: Couldn't find texture file: 'gfx/leaders/USA/MD/Paul_Nakasone.dds'
[14:17:01][no_game_date][texturehandler.cpp:160]: Texture Handler encountered missing texture file: gfx/leaders/USA/MD/James_Dickinson.dds
[14:17:01][no_game_date][texturehandler.cpp:216]: Couldn't find texture file: 'gfx/leaders/USA/MD/James_Dickinson.dds'
[14:17:01][no_game_date][texturehandler.cpp:160]: Texture Handler encountered missing texture file: gfx/leaders/USA/MD/Kenneth_Tovo.dds
[14:17:01][no_game_date][texturehandler.cpp:216]: Couldn't find texture file: 'gfx/leaders/USA/MD/Kenneth_Tovo.dds'
[14:17:01][no_game_date][texturehandler.cpp:160]: Texture Handler encountered missing texture file: gfx/leaders/USA/MD/Thomas_Vandal.dds
[14:17:01][no_game_date][texturehandler.cpp:216]: Couldn't find texture file: 'gfx/leaders/USA/MD/Thomas_Vandal.dds'
[14:17:01][no_game_date][texturehandler.cpp:160]: Texture Handler encountered missing texture file: gfx/leaders/USA/MD/Todd_Semonite.dds
[14:17:01][no_game_date][texturehandler.cpp:216]: Couldn't find texture file: 'gfx/leaders/USA/MD/Todd_Semonite.dds'
[14:17:01][no_game_date][texturehandler.cpp:160]: Texture Handler encountered missing texture file: gfx/leaders/USA/MD/Christopher_Ballard.dds
[14:17:01][no_game_date][texturehandler.cpp:216]: Couldn't find texture file: 'gfx/leaders/USA/MD/Christopher_Ballard.dds'
[14:17:01][no_game_date][texturehandler.cpp:160]: Texture Handler encountered missing texture file: gfx/leaders/USA/MD/Bradley_Becker.dds
[14:17:01][no_game_date][texturehandler.cpp:216]: Couldn't find texture file: 'gfx/leaders/USA/MD/Bradley_Becker.dds'
[14:17:01][no_game_date][texturehandler.cpp:160]: Texture Handler encountered missing texture file: gfx/leaders/USA/MD/Jeffrey_Snow.dds
[14:17:01][no_game_date][texturehandler.cpp:216]: Couldn't find texture file: 'gfx/leaders/USA/MD/Jeffrey_Snow.dds'
[14:17:01][no_game_date][texturehandler.cpp:160]: Texture Handler encountered missing texture file: gfx/leaders/USA/MD/William_Rapp.dds
[14:17:01][no_game_date][texturehandler.cpp:216]: Couldn't find texture file: 'gfx/leaders/USA/MD/William_Rapp.dds'
[14:17:01][no_game_date][texturehandler.cpp:160]: Texture Handler encountered missing texture file: gfx/leaders/USA/MD/Robert_Caslen.dds
[14:17:01][no_game_date][texturehandler.cpp:216]: Couldn't find texture file: 'gfx/leaders/USA/MD/Robert_Caslen.dds'
[14:17:01][no_game_date][texturehandler.cpp:160]: Texture Handler encountered missing texture file: gfx/leaders/USA/MD/Blake_Ortner.dds
[14:17:01][no_game_date][texturehandler.cpp:216]: Couldn't find texture file: 'gfx/leaders/USA/MD/Blake_Ortner.dds'
[14:17:01][no_game_date][texturehandler.cpp:160]: Texture Handler encountered missing texture file: gfx/leaders/USA/MD/Burke_Whitman.dds
[14:17:01][no_game_date][texturehandler.cpp:216]: Couldn't find texture file: 'gfx/leaders/USA/MD/Burke_Whitman.dds'
[14:17:01][no_game_date][texturehandler.cpp:160]: Texture Handler encountered missing texture file: gfx/leaders/USA/MD/Brian_Brakke.dds
[14:17:01][no_game_date][texturehandler.cpp:216]: Couldn't find texture file: 'gfx/leaders/USA/MD/Brian_Brakke.dds'
[14:17:01][no_game_date][texturehandler.cpp:160]: Texture Handler encountered missing texture file: gfx/leaders/USA/MD/Carl_Epting_Mundy.dds
[14:17:01][no_game_date][texturehandler.cpp:216]: Couldn't find texture file: 'gfx/leaders/USA/MD/Carl_Epting_Mundy.dds'
[14:17:01][no_game_date][texturehandler.cpp:160]: Texture Handler encountered missing texture file: gfx/leaders/USA/MD/Charles_Chiarotti.dds
[14:17:01][no_game_date][texturehandler.cpp:216]: Couldn't find texture file: 'gfx/leaders/USA/MD/Charles_Chiarotti.dds'
[14:17:01][no_game_date][texturehandler.cpp:160]: Texture Handler encountered missing texture file: gfx/leaders/USA/MD/Charles_Luckey.dds
[14:17:01][no_game_date][texturehandler.cpp:216]: Couldn't find texture file: 'gfx/leaders/USA/MD/Charles_Luckey.dds'
[14:17:01][no_game_date][texturehandler.cpp:160]: Texture Handler encountered missing texture file: gfx/leaders/USA/MD/Craig_Timberlake.dds
[14:17:01][no_game_date][texturehandler.cpp:216]: Couldn't find texture file: 'gfx/leaders/USA/MD/Craig_Timberlake.dds'
[14:17:01][no_game_date][texturehandler.cpp:160]: Texture Handler encountered missing texture file: gfx/leaders/USA/MD/Daniel_O_Donohue.dds
[14:17:01][no_game_date][texturehandler.cpp:216]: Couldn't find texture file: 'gfx/leaders/USA/MD/Daniel_O_Donohue.dds'
[14:17:01][no_game_date][texturehandler.cpp:160]: Texture Handler encountered missing texture file: gfx/leaders/USA/MD/David_Ottignon.dds
[14:17:01][no_game_date][texturehandler.cpp:216]: Couldn't find texture file: 'gfx/leaders/USA/MD/David_Ottignon.dds'
[14:17:01][no_game_date][texturehandler.cpp:160]: Texture Handler encountered missing texture file: gfx/leaders/USA/MD/Gary_Volesky.dds
[14:17:01][no_game_date][texturehandler.cpp:216]: Couldn't find texture file: 'gfx/leaders/USA/MD/Gary_Volesky.dds'
[14:17:01][no_game_date][texturehandler.cpp:160]: Texture Handler encountered missing texture file: gfx/leaders/USA/MD/Helen_Pratt.dds
[14:17:01][no_game_date][texturehandler.cpp:216]: Couldn't find texture file: 'gfx/leaders/USA/MD/Helen_Pratt.dds'
[14:17:01][no_game_date][texturehandler.cpp:160]: Texture Handler encountered missing texture file: gfx/leaders/USA/MD/James_Kraft.dds
[14:17:01][no_game_date][texturehandler.cpp:216]: Couldn't find texture file: 'gfx/leaders/USA/MD/James_Kraft.dds'
[14:17:01][no_game_date][texturehandler.cpp:160]: Texture Handler encountered missing texture file: gfx/leaders/USA/MD/James_Linder.dds
[14:17:01][no_game_date][texturehandler.cpp:216]: Couldn't find texture file: 'gfx/leaders/USA/MD/James_Linder.dds'
[14:17:01][no_game_date][texturehandler.cpp:160]: Texture Handler encountered missing texture file: gfx/leaders/USA/MD/Jeffrey_Bennett.dds
[14:17:01][no_game_date][texturehandler.cpp:216]: Couldn't find texture file: 'gfx/leaders/USA/MD/Jeffrey_Bennett.dds'
[14:17:01][no_game_date][texturehandler.cpp:160]: Texture Handler encountered missing texture file: gfx/leaders/USA/MD/James_Kilby.dds
[14:17:01][no_game_date][texturehandler.cpp:216]: Couldn't find texture file: 'gfx/leaders/USA/MD/James_Kilby.dds'
[14:17:01][no_game_date][texturehandler.cpp:160]: Texture Handler encountered missing texture file: gfx/leaders/USA/MD/Fernandez_Ponds.dds
[14:17:01][no_game_date][texturehandler.cpp:216]: Couldn't find texture file: 'gfx/leaders/USA/MD/Fernandez_Ponds.dds'
[14:17:01][no_game_date][texturehandler.cpp:160]: Texture Handler encountered missing texture file: gfx/leaders/USA/MD/Dee_Mewbourne.dds
[14:17:01][no_game_date][texturehandler.cpp:216]: Couldn't find texture file: 'gfx/leaders/USA/MD/Dee_Mewbourne.dds'
[14:17:01][no_game_date][texturehandler.cpp:160]: Texture Handler encountered missing texture file: gfx/leaders/USA/MD/Christopher_Grady.dds
[14:17:01][no_game_date][texturehandler.cpp:216]: Couldn't find texture file: 'gfx/leaders/USA/MD/Christopher_Grady.dds'
[14:17:01][no_game_date][texturehandler.cpp:160]: Texture Handler encountered missing texture file: gfx/leaders/USA/MD/Craig_Blakely.dds
[14:17:01][no_game_date][texturehandler.cpp:216]: Couldn't find texture file: 'gfx/leaders/USA/MD/Craig_Blakely.dds'
[14:17:01][no_game_date][texturehandler.cpp:160]: Texture Handler encountered missing texture file: gfx/leaders/USA/MD/Brian_Davies.dds
[14:17:01][no_game_date][texturehandler.cpp:216]: Couldn't find texture file: 'gfx/leaders/USA/MD/Brian_Davies.dds'
[14:17:01][no_game_date][texturehandler.cpp:160]: Texture Handler encountered missing texture file: gfx/leaders/USA/MD/Bruce_Lindsey.dds
[14:17:01][no_game_date][texturehandler.cpp:216]: Couldn't find texture file: 'gfx/leaders/USA/MD/Bruce_Lindsey.dds'
[14:17:01][no_game_date][texturehandler.cpp:160]: Texture Handler encountered missing texture file: gfx/leaders/USA/MD/Michael_Rogers.dds
[14:17:01][no_game_date][texturehandler.cpp:216]: Couldn't find texture file: 'gfx/leaders/USA/MD/Michael_Rogers.dds'
[14:17:01][no_game_date][texturehandler.cpp:160]: Texture Handler encountered missing texture file: gfx/leaders/USA/MD/John_Richardson.dds
[14:17:01][no_game_date][texturehandler.cpp:216]: Couldn't find texture file: 'gfx/leaders/USA/MD/John_Richardson.dds'
[14:17:01][no_game_date][texturehandler.cpp:160]: Texture Handler encountered missing texture file: gfx/leaders/USA/MD/William_Moran.dds
[14:17:01][no_game_date][texturehandler.cpp:216]: Couldn't find texture file: 'gfx/leaders/USA/MD/William_Moran.dds'
[14:17:01][no_game_date][texturehandler.cpp:160]: Texture Handler encountered missing texture file: gfx/leaders/USA/MD/Philip_Davidson.dds
[14:17:01][no_game_date][texturehandler.cpp:216]: Couldn't find texture file: 'gfx/leaders/USA/MD/Philip_Davidson.dds'
[14:17:01][no_game_date][texturehandler.cpp:160]: Texture Handler encountered missing texture file: gfx/leaders/USA/MD/Michelle_Howard.dds
[14:17:01][no_game_date][texturehandler.cpp:216]: Couldn't find texture file: 'gfx/leaders/USA/MD/Michelle_Howard.dds'
[14:17:01][no_game_date][texturehandler.cpp:160]: Texture Handler encountered missing texture file: gfx/leaders/USA/MD/Scott_Swift.dds
[14:17:01][no_game_date][texturehandler.cpp:216]: Couldn't find texture file: 'gfx/leaders/USA/MD/Scott_Swift.dds'
[14:17:01][no_game_date][texturehandler.cpp:160]: Texture Handler encountered missing texture file: gfx/leaders/USA/MD/Paul_Zukunft.dds
[14:17:01][no_game_date][texturehandler.cpp:216]: Couldn't find texture file: 'gfx/leaders/USA/MD/Paul_Zukunft.dds'
[14:17:01][no_game_date][texturehandler.cpp:160]: Texture Handler encountered missing texture file: gfx/leaders/USA/MD/Charles_Michel.dds
[14:17:01][no_game_date][texturehandler.cpp:216]: Couldn't find texture file: 'gfx/leaders/USA/MD/Charles_Michel.dds'
[14:17:01][no_game_date][texturehandler.cpp:160]: Texture Handler encountered missing texture file: gfx/leaders/USA/MD/Thomas_B_Fargo.dds
[14:17:01][no_game_date][texturehandler.cpp:216]: Couldn't find texture file: 'gfx/leaders/USA/MD/Thomas_B_Fargo.dds'
[14:17:01][no_game_date][texturehandler.cpp:160]: Texture Handler encountered missing texture file: gfx/leaders/USA/MD/Charles_S_Abbot.dds
[14:17:01][no_game_date][texturehandler.cpp:216]: Couldn't find texture file: 'gfx/leaders/USA/MD/Charles_S_Abbot.dds'
[14:17:01][no_game_date][texturehandler.cpp:160]: Texture Handler encountered missing texture file: gfx/leaders/USA/MD/William_F_Kernan.dds
[14:17:01][no_game_date][texturehandler.cpp:216]: Couldn't find texture file: 'gfx/leaders/USA/MD/William_F_Kernan.dds'
[14:17:01][no_game_date][texturehandler.cpp:160]: Texture Handler encountered missing texture file: gfx/leaders/USA/MD/John_Nicholson.dds
[14:17:01][no_game_date][texturehandler.cpp:216]: Couldn't find texture file: 'gfx/leaders/USA/MD/John_Nicholson.dds'
[14:17:01][no_game_date][texturehandler.cpp:160]: Texture Handler encountered missing texture file: gfx/leaders/USA/MD/Harry_Miller.dds
[14:17:01][no_game_date][texturehandler.cpp:216]: Couldn't find texture file: 'gfx/leaders/USA/MD/Harry_Miller.dds'
[14:17:01][no_game_date][texturehandler.cpp:160]: Texture Handler encountered missing texture file: gfx/leaders/USA/MD/Harry_Harris.dds
[14:17:01][no_game_date][texturehandler.cpp:216]: Couldn't find texture file: 'gfx/leaders/USA/MD/Harry_Harris.dds'
[14:17:01][no_game_date][texturehandler.cpp:160]: Texture Handler encountered missing texture file: gfx/leaders/USA/MD/James_Caldwell.dds
[14:17:01][no_game_date][texturehandler.cpp:216]: Couldn't find texture file: 'gfx/leaders/USA/MD/James_Caldwell.dds'
[14:17:01][no_game_date][texturehandler.cpp:160]: Texture Handler encountered missing texture file: gfx/leaders/USA/MD/James_O_Ellis.dds
[14:17:01][no_game_date][texturehandler.cpp:216]: Couldn't find texture file: 'gfx/leaders/USA/MD/James_O_Ellis.dds'
[14:17:01][no_game_date][texturehandler.cpp:160]: Texture Handler encountered missing texture file: gfx/leaders/USA/MD/Dennis_C_Blair.dds
[14:17:01][no_game_date][texturehandler.cpp:216]: Couldn't find texture file: 'gfx/leaders/USA/MD/Dennis_C_Blair.dds'
[14:17:01][no_game_date][texturehandler.cpp:160]: Texture Handler encountered missing texture file: gfx/leaders/USA/MD/Vernon_E_Clark.dds
[14:17:01][no_game_date][texturehandler.cpp:216]: Couldn't find texture file: 'gfx/leaders/USA/MD/Vernon_E_Clark.dds'
[14:17:01][no_game_date][texturehandler.cpp:160]: Texture Handler encountered missing texture file: gfx/leaders/USA/Portrait_USA_Holland_Smith.dds
[14:17:01][no_game_date][texturehandler.cpp:216]: Couldn't find texture file: 'gfx/leaders/USA/Portrait_USA_Holland_Smith.dds'
[14:17:01][no_game_date][texturehandler.cpp:160]: Texture Handler encountered missing texture file: gfx/leaders/USA/CW/General_Maxwell_D_Taylor.dds
[14:17:01][no_game_date][texturehandler.cpp:216]: Couldn't find texture file: 'gfx/leaders/USA/CW/General_Maxwell_D_Taylor.dds'
[14:17:01][no_game_date][texturehandler.cpp:160]: Texture Handler encountered missing texture file: gfx/leaders/USA/Portrait_USA_James_M_Gavin.dds
[14:17:01][no_game_date][texturehandler.cpp:216]: Couldn't find texture file: 'gfx/leaders/USA/Portrait_USA_James_M_Gavin.dds'